nitrogen,phosphorus,potassium,ph,ec,moisture,temperature,organic_carbon,crop
73.04717079754431,27.72011125631653,51.75406076225811,7.063358120589539,0.6097929622692326,34.582563945101455,20.319601007918212,0.7525636111484627,Wheat
69.83198842495712,29.02869250698494,52.914581773765455,7.017781741920105,1.0132061395122431,54.01792965574426,21.168773355630115,0.6711061305675143,Wheat
73.68750784082499,28.287821794197008,52.906052711765454,6.786020744923849,0.9630275272909479,39.55256364476847,23.056353346685075,0.7768205776896797,Wheat
65.71672177836894,32.53506514658239,49.79078266998014,6.902324338021942,1.0825465223191977,48.44656802406306,25.354119002176155,0.7390377475423077,Wheat
64.87757270928462,29.303590902264858,50.54381480317946,7.11611224196185,0.977210508469025,38.27874818429977,17.938796960771903,0.8975889181737052,Wheat
77.43254171203442,38.80207987813637,39.01041263440175,6.865005170458681,1.0233371618281457,46.749508773832105,22.178571944870473,0.8335393323162024,Wheat
76.78913563071895,35.47305348642224,47.60207458820986,6.976760703234791,0.7085688360288667,42.44263026914159,18.824068364268012,0.7041683227634987,Wheat
67.24857748773316,45.46458917864077,37.20751995876081,7.071117939285615,0.663426045676839,42.3209197601138,20.406882662762513,0.8879333497038917,Wheat
77.11226579792854,40.55343064639948,41.86147434976406,6.670541498053921,1.1715951762514307,43.46956540094708,16.810784191655195,0.6300069178994779,Wheat
60.805477139983886,38.48012520837635,46.28183162463509,6.993335899138975,0.9145494707326931,46.268317528613714,21.563975984918343,0.7535980190419643,Wheat
74.56775237557412,30.36651841253344,41.73251538091436,6.693113389680468,0.7608320708821921,48.895779846284654,18.82649414949319,0.8018741178091532,Wheat
74.80746658905909,38.12571823220961,50.98846598075507,6.772424064337361,0.9153403375911693,44.36225431274881,15.781663915104925,0.5829331291365369,Wheat
56.773003876455974,28.01927220678963,48.59796804051093,6.546465864499183,0.9243674891921221,55.39382638228852,19.109340072346434,0.910627335270063,Wheat
60.66382319990123,33.56193709492659,36.44980150580477,6.7050707387478425,1.168061627491479,31.181436614461212,21.086059108864642,0.8356603403498417,Wheat
64.05850044303206,24.877595019280818,45.649165569424824,6.6517420414621355,1.0465352422709409,45.174817164187544,24.00444722830229,0.7640966558790464,Wheat
59.76502507378135,36.25492944469421,46.97997015574589,7.180572521067322,1.1670222491829156,47.854968473196074,23.658257228048903,0.6216855418515724,Wheat
63.60248467250252,28.513968410161326,41.49171177159809,6.4145278786842335,1.127030189362881,43.22221842320981,16.322984263743354,0.6476631378188689,Wheat
73.13513847450196,40.866885975260665,62.970578025226075,7.615881490482052,1.0828818866551992,37.08369503974509,14.669884298171727,0.8401567193515754,Wheat
61.87058904689674,32.0924991787422,39.491128808461724,6.760578551803412,1.2131960461575289,46.25638853956276,19.60341290740328,0.6446519370761283,Wheat
53.25317055295643,31.595844636486685,44.515957042635115,7.295020375802367,1.0260549042945772,52.86191608818446,18.75176100365212,0.6222584350374464,Wheat
60.34883237767628,29.923417548249727,64.15622759191648,6.570011729817172,1.1676978407472691,37.77658257530379,22.32893253218561,0.8577426449158795,Wheat
68.4336210234191,34.71466231705196,39.106910741135486,6.924900216414982,0.909003303931844,35.19515388986201,16.80515606420095,0.825888187658318,Wheat
85.79091256410435,36.119941295014065,43.932255065011056,6.880031319088712,1.261200348341365,46.75506001091085,18.97268192291566,0.9659433065089833,Wheat
74.28756438461613,45.750291943971945,46.649109934997156,6.45714867111826,0.7263681601508669,58.20742345785,24.30916430195824,0.77307211800761,Wheat
66.16812678864012,45.23011004569541,35.03658886160861,6.549476434692369,1.1286653589378088,41.843159017123284,19.98719533319982,0.7754835652213231,Wheat
73.37574548798933,44.852373029196016,45.81526416211571,6.9803028621175205,0.5899655797937955,44.61025278455906,17.891924324267823,0.6171780409364558,Wheat
61.21847633071249,32.66113591509431,53.243122881204116,6.428610039032922,1.0061262985188835,41.12664453333137,19.180817264095097,0.9504136737956906,Wheat
75.38115437003925,44.361786752099206,43.6094488867509,6.605136068732203,0.9552282366239001,46.939974330169775,20.44143339613428,0.6373417891649951,Wheat
70.90489781627875,36.59759831097234,67.65726633780528,7.325516491158868,0.829351329888236,42.70093310760659,16.34139499540749,0.711393947905477,Wheat
73.1560500359034,43.440975346217634,38.43824546030752,6.616838996781016,0.570542194052269,43.69867263564074,17.34396397035109,0.7205840858950889,Wheat
61.23139221832412,34.3401621202321,29.180444477790317,6.389227331290522,1.4258494224056597,34.70061934980775,17.2580360538634,1.0755370292481972,Wheat
99.05067169240407,26.799033598222607,41.68575938890773,6.895635554263342,1.3457395288811185,37.1051433725741,19.386805385144726,0.9166006364092616,Wheat
74.34766074466619,32.366907501389306,43.79559331935563,6.415029173656405,0.952365251205067,42.86890007992836,20.58042472406564,0.7167009171771477,Wheat
74.71538522545139,42.0890107247388,46.398863949016196,6.898491794351777,1.0106310695155736,45.00067514473131,18.196104916142883,0.8474741392509962,Wheat
69.0271340158651,49.65217816251416,59.16019412227718,6.90803703471582,0.8473885580610465,36.10070822413266,22.977857382722163,0.8394123837720708,Wheat
74.80143403391611,22.78789809118065,53.34694633402363,6.927237694700022,0.7779138631171044,41.22780154040041,20.6592930108913,0.8078700197534366,Wheat
67.07828814196445,34.27558212353827,42.732203596138035,6.842717503388691,1.2942983945986315,24.46673247254962,19.40787433872579,0.8264768632058671,Wheat
72.95993989687099,32.39659793075097,29.189503957692757,6.891838735439951,1.345470042832837,32.7291087606709,22.15957003424547,0.750721216531566,Wheat
69.38675654171152,27.629710425072357,41.98989444879711,7.164012486515708,1.1165310483975415,58.85849284327955,22.943529722444232,0.8658630018394364,Wheat
87.43934526167791,38.07295211116809,52.45189359117353,6.716960133010281,1.013309163171841,39.42060941359779,22.473959836487133,0.6232544565327702,Wheat
77.82350342417661,33.66544259746389,55.54122384120588,7.010243316844752,1.3641292315293603,50.84619752910916,16.0698993608669,0.7899570240652699,Wheat
58.27992807405184,31.37204110343608,58.6010558994905,6.978509467051355,0.8602139142842508,36.89026106847681,20.08195523219065,0.617515977592831,Wheat
63.28859722603419,37.18406630085871,55.397808324960266,6.970453212222843,0.54174209828038,47.43493383224208,20.180083933081445,0.862083542805904,Wheat
86.16209681651208,20.5573320623668,39.680069173280046,6.9654537703821395,0.6836811201092114,56.80759238442807,20.920891531751646,0.9269875978765106,Wheat
64.29056338478206,40.69634582976347,54.61624400390134,6.865205845638407,1.0468801785397392,47.162745914253804,17.841636838151544,0.7778706979639471,Wheat
68.47477467547641,37.68375705047447,53.998418222192655,6.503609897046045,0.9749981939360844,56.85164438127178,18.14102942796859,0.676662497406452,Wheat
72.02306191831194,40.91069633339724,45.10283450004594,7.172108965322357,1.1713587965133054,51.734560535120494,21.385291253310232,1.1491479650519127,Wheat
67.94838311133955,20.975343955534402,59.43828925365427,6.671844159332089,1.0215760888686065,55.47640547888422,15.994351147352686,0.6122529178840791,Wheat
53.987220628811464,29.441045969822035,48.95672945415294,6.946772595987576,1.0552548358657108,33.69787292886107,14.224741408418389,0.8081530378085574,Wheat
65.28223966361664,38.21570040201628,51.31758263599143,6.838707600976431,1.1520266170751707,46.833690992920545,21.325161764003667,0.6942990105695177,Wheat
68.20388586168542,36.3774326765987,52.38475627875677,6.68975247177712,1.1042334511464225,42.87328966467697,19.706144581679673,0.924427856303611,Wheat
50.06939628945844,25.924693703476674,31.66033142301461,6.146587486442474,0.8643471119689646,50.99547119782192,19.287789834043565,0.8296685122912779,Wheat
80.89217496710793,44.29380292587384,44.37775858746475,7.179004049079431,1.018425331686822,38.300814209380306,18.51399911950316,0.5779195231152476,Wheat
61.118661462663475,32.493883183479,52.23226517440742,7.281815552726475,0.723563696924592,48.142619746079355,17.398640152106164,0.8712045632694804,Wheat
68.68913349312274,22.183659219067287,53.35467292411636,6.630599800413555,0.8932199523252891,36.44198070968248,18.364291808281113,0.8641835661042376,Wheat
68.10755659063595,37.300634015977366,48.25729668535959,7.169785263547887,0.9314427698271242,33.18513746523415,22.668056041429956,0.7502767741854118,Wheat
81.14592444577377,37.68363979227729,43.81976222816989,6.897657250332962,1.39020251202526,61.61584423243002,20.173452837831945,0.8240285889975614,Wheat
80.76240157466385,29.08037277062857,47.9976333535643,6.79275840257292,1.0627816422915106,38.33304955240475,16.026081266727576,0.4890524846013063,Wheat
58.826158870103924,31.78927300542467,42.361275720161146,7.342424725480265,1.2211986739814598,37.303271069266984,20.86927113112739,0.7389382645474513,Wheat
67.15636161959905,36.29727954590767,50.57254005277854,6.705007624512476,1.2127703065468718,35.86449419086077,20.01584765590567,1.189651058989375,Wheat
72.23079742625275,45.03250154624321,45.823681603558875,6.9626175866923425,0.9886433611214617,43.63673935068636,18.051294008186453,0.864545203843633,Wheat
61.48462810814232,39.659096654194,54.76758304001319,6.902628794026424,0.9427502532888616,48.63172463446957,19.228317361133968,0.9403320688197725,Wheat
51.685939157848765,32.650748423169475,27.08269204388402,6.381382967536382,1.2727724459627818,52.161479855773486,18.201299416788025,0.5746244815938655,Wheat
40.35471162158349,31.19553144447156,66.78373511022662,6.921767596009821,0.8880855427901021,48.72064167600245,16.097604117513892,0.7554014955953547,Wheat
70.99477473015739,34.39729543725266,52.11725509521072,6.896500663346094,1.1336652036215993,39.49302174215393,22.24453852102637,1.0443405421435987,Wheat
60.298504803485876,28.78613040999808,57.0220590268821,6.746423683725383,1.2807642784133115,41.45971430486253,23.63761394067678,0.8197228725208179,Wheat
72.58228823322695,45.95302615168933,41.74406570300246,6.536485813141011,0.9102871583943292,48.61867160514511,16.085602319548713,0.8956206353976682,Wheat
64.61228682382257,43.03468862513495,23.451657255895757,6.579761582970833,0.6627063697531796,38.39016426908838,20.619164752772356,0.7731160061825368,Wheat
67.46622431051985,33.88570590033957,46.83049416557949,6.517609908255929,1.1413699281798102,50.30132776308387,20.962594844140252,0.8834800164126895,Wheat
72.9641800080866,49.245513119117476,44.21615246052741,6.714016698866319,0.8492944839285244,36.741898635377304,16.88882053099731,0.6666804030153622,Wheat
69.29319618347928,37.340065899484,45.460278526969454,6.58565012231968,1.1800369128039927,50.91530137840758,19.600879231444956,0.7020625783002933,Wheat
75.48427920829799,36.31581511240273,31.96685466526457,6.780965528324367,1.0524071624148763,37.80244170809797,20.474608482093608,0.5817766272113317,Wheat
83.3618610001217,43.735649895416024,42.727343991273315,6.9017672145949405,0.518015606840025,35.74921871787734,19.265552699619676,0.6391800467859712,Wheat
77.14396482630659,48.98107571523596,34.41046752513628,6.565510246856146,1.0470896736619861,57.888929187996965,16.94406421865024,0.8373554183460413,Wheat
88.21298850813109,23.437685962745128,33.47037713838751,6.681390150190965,0.8958823174289178,51.50081030202916,20.604149299552095,0.5337556910536808,Wheat
75.15410402900811,30.957227788510448,56.47002495247115,6.624275489797662,0.8726769433795528,49.32905288643625,21.907316205842342,0.8672149045904306,Wheat
53.144026826151915,38.76624107949776,35.691227534930405,6.865877311244714,0.715253112920188,48.57057718034451,17.983502739231568,0.6076048024609217,Wheat
77.138201364824,36.69151165173726,39.47420878746392,7.206330077725898,0.9118695156860515,45.25686139176748,20.672283619196502,0.707050109880708,Wheat
74.7113629339993,31.26583356984693,41.29525510005412,7.181539939144935,0.7918827894975133,25.69775735256408,24.027342487529737,1.1823991928910504,Wheat
65.94730734550669,21.442133715658702,42.20564421423651,6.719857574044612,0.9620152317955486,36.09289566462522,21.448902856191193,0.8786761062929129,Wheat
55.05594380180693,39.89437712186422,63.474164837513015,6.848148893082376,0.9325349675862988,43.86397428473983,21.538141917421402,0.5403992591739173,Wheat
71.64390702977302,32.26675235376033,61.63042511660441,6.751231634534611,1.333577522223904,36.17007441774394,21.46814791700698,0.8479100395686844,Wheat
61.30952752135218,36.241772802458584,55.912669531484404,6.709338322799752,0.6616074701660473,44.85949738818043,17.743942263018717,0.7486488592004177,Wheat
69.1841223031488,23.060434487891378,30.459074946113898,6.934978713947147,0.8954562607660639,24.482045265435463,21.962110091520337,0.840855463291136,Wheat
62.86125175963516,25.78218852259231,52.522271066829035,6.89781817431692,1.4765204565368146,48.3615087897995,20.969257853155035,0.7749608104837152,Wheat
78.1677586720079,39.375596408737074,56.26552507708676,6.65402958278156,0.9129185054112076,41.16717463270416,21.977004302947474,1.02475616604451,Wheat
65.411595068507,32.02658390544836,47.82669501482819,6.731186779996388,1.190410730627978,26.985781675047626,17.933237382707762,0.6826375499057832,Wheat
46.79643987613855,28.254530889418373,36.763594957386665,6.743690696734728,1.2225931783320527,43.03951479047438,17.422965699322116,0.7914568188179707,Wheat
80.49173621441349,28.168288287195665,36.804826044706964,6.956393708596782,0.9556927768538399,50.17987752567579,19.965883020511757,0.9052495472134351,Wheat
59.64921885959359,34.91540744448213,43.10378987073159,6.459550541250843,0.6873044104262622,50.485992282197294,19.122619044455053,0.6466579577529006,Wheat
69.03821063076668,42.89613200144512,24.473359391652693,6.380941166827069,0.8154227116209465,56.68943093376263,20.706467457298242,0.9150975860691841,Wheat
58.59839080873769,27.163248873106316,49.0303234505044,6.816316812661925,1.1097477637728252,43.498632072572384,20.695359316136567,0.8237178627357664,Wheat
77.77767389084926,40.64905797361129,30.42115205047407,6.17076480450456,1.2003490795303016,54.50180074609549,17.448442451216657,0.5210246890181558,Wheat
70.99034821007201,41.51586758445371,61.17835070190883,6.944563320188406,0.925656660682861,37.8549550273211,20.028628229176636,0.7551102944172116,Wheat
59.84932094271184,49.34128955604301,61.06651561864918,7.11809363139552,0.8158299204381745,51.840154594378234,21.599066023744754,0.866381843630608,Wheat
82.49665267043777,39.44759800002894,51.66012812673902,6.978333759344219,1.0681582816004211,30.731110962286532,20.20905269352639,0.7165712061726313,Wheat
57.2015904235998,46.77271633510577,60.56095806797133,7.180581768082771,1.051042683371175,55.805000967621254,20.030132951504562,0.8304195915346669,Wheat
59.06528629538017,37.77893913149188,45.543473355819756,6.4352574072863495,0.9897605776366806,44.36216348914553,24.4939029166116,0.9341319992770114,Wheat
70.11445439091466,36.74151116860758,45.39791140293778,6.743184084257247,0.7835145605223426,43.79158497914457,18.134754358368717,0.6124526691615281,Wheat
75.11221814547535,37.73885261953264,28.919632397687298,6.765648301501364,1.1991402771799846,53.47378991117057,22.564592107213098,0.8058369810352191,Wheat
61.54954672030849,27.414108208493577,48.101444142753216,6.906198409622245,1.2574662223210131,53.79983720273667,19.66942835867207,0.6133691181708696,Wheat
66.80893402989102,36.52061836367367,43.181250791495366,6.638189649738256,1.0505769629939798,40.96833806871511,18.429834790686566,0.846717925145516,Wheat
65.98007419870795,36.708730722848465,47.4588362056691,6.480959879694359,0.9037517752269175,56.5022155193317,17.09480121816428,0.4825018326544204,Wheat
51.38154846757489,35.20376962603668,45.27825550229429,6.767068960480966,1.2428379657857003,23.617324535176497,20.98983468607706,1.0342157302705361,Wheat
58.72219235108286,32.34135441747073,38.223972744942415,6.549583107098291,0.934747598995392,56.419882269476034,24.5934666887188,0.7496091162439779,Wheat
89.0506021406447,35.24903533889238,60.78321924030973,6.773876378097022,1.026211565209229,47.92379578114268,27.947134198418837,0.9276928362267184,Wheat
62.92735470048537,41.782985091931,41.743507166240924,6.6628699487876615,1.1817202719784223,45.24868470216922,20.696439786279516,0.8020977832797939,Wheat
73.36583126605434,37.974761282053045,27.567297605651262,6.9866403472106695,0.8035961160339399,33.46160691552471,19.853971890353293,0.8125971504971682,Wheat
63.06493835427719,40.81722300367582,32.92042350266183,6.686055750343684,0.8830251730133999,44.62730183728529,20.697160711618096,0.6488160575564683,Wheat
77.24282677456227,35.4410165783429,27.972483720192805,6.251594396688831,0.9975361414141377,43.232261457709164,19.741449716063418,0.7958026315204674,Wheat
72.25559839510181,41.633547268938095,35.00005589174198,6.471847953987777,0.7813352284225235,47.31133333734965,23.112368446616113,0.7352990842640734,Wheat
44.98300155840346,23.072049961727373,37.5026694948359,6.6438359115013395,0.9183222745490547,45.308648983847334,19.220634172943882,0.9574009415815111,Wheat
63.239826943186316,28.9637742836712,49.309879846684154,6.370020220420686,1.0779383410640004,45.82042546981013,19.631393775204582,1.0382414160723894,Wheat
63.77792554705282,49.422087193668546,42.97111695694711,6.442435395408336,1.013983916198965,36.39003839744986,18.12061038046625,0.8595549950023237,Wheat
75.55582088650125,30.644826098220193,53.88664630541761,7.124102172245918,1.2872603513126581,49.23530725700578,23.408571780214245,0.5178802358038914,Wheat
66.82093451371537,28.930963205736017,46.07303275014653,6.6399942186249135,0.9667684316100535,60.057399041632394,19.575700508949055,0.8620688475785321,Wheat
67.67730670075765,35.52999301569783,45.05415012392464,6.925530738472484,1.2330615071094355,58.17915198082663,20.774050204772916,0.8884320329053403,Wheat
58.49135490814433,34.384862803090655,53.4626051839523,7.042471218756803,1.0423219465590101,52.09115167654362,21.226916772484547,0.9800459387388982,Wheat
72.89359156957111,32.51011179100276,48.02257131239721,5.979433574761223,1.0765771472770098,15.812697398281731,15.691341481486454,0.8677652901411477,Wheat
74.77529337266796,26.862998539020488,38.59108162308955,7.183751476811957,0.9031939736854647,62.94336249922388,19.995200367059134,0.86120542653219,Wheat
86.16874398498608,35.917189813353936,35.97890417378279,6.769276313525599,0.9928778527619818,34.08206678238748,19.36041982164794,0.6886711859003846,Wheat
79.24357757187434,35.242283119296786,42.45483825767187,6.7702690594256785,1.0446244036812333,49.93451359751824,17.500719428326548,0.6437618551068093,Wheat
81.0467921540253,32.11364189456688,32.248421166628134,6.924267558627269,1.0926739612065375,32.75427794194635,20.573704288659016,0.9103374638642561,Wheat
73.74386451706263,39.42387038632977,32.36157811718326,6.892691243398935,0.9394760481059107,41.13767873020284,22.176389023549316,1.0218911766011345,Wheat
87.94370054600358,44.20365510054133,44.012392365328346,6.898761645647376,1.1533645743568488,45.96942359439569,20.32691046977886,0.9235629697814274,Wheat
69.40717353974068,29.89499144538437,41.269742407477274,6.977494905765448,1.000598658239991,47.721679814946704,21.675198105505473,0.7437737805653586,Wheat
77.56248163629806,37.651898224208765,33.88668221779669,7.203845341532149,0.8998510512486168,31.75923725451853,17.387390726034244,0.6468432258982517,Wheat
70.52173318657533,33.08304646117634,41.96851229123467,6.973516550335094,1.0679750722385408,47.52838296515429,21.024571143321733,0.8924202002003357,Wheat
48.92046658222557,32.44893223414877,25.378109419594736,6.810096779503382,0.9990734055551309,53.364258198317444,22.969085981802802,0.8304162572378552,Wheat
64.996389226031,38.39612778782016,40.248741264081175,6.799610057595862,1.1972272633921537,40.53782923208461,22.014196598106253,0.9016102053038454,Wheat
60.45208182869179,41.81725889752181,51.287097108343545,6.828539248464344,0.8475353083944696,38.12635185139544,18.655843557742443,0.8813891694937941,Wheat
60.44374832598602,38.06258574033909,33.82420024009447,6.742860796357122,1.0219295509148016,64.56104116047133,16.556710861199083,1.02080218497352,Wheat
71.4984241398728,37.87820342611174,46.06513122049384,6.924523509094665,0.9692629791275964,56.63240145165967,18.858822139438193,0.9698351858268872,Wheat
63.55632879786977,34.57823707519099,35.352337029388025,6.9274066416973055,1.2890251913853068,44.38115056143317,19.507785753240228,0.632807455539811,Wheat
67.70707346447692,23.850440181949306,36.784098119530555,6.863500092910558,1.2638026395482793,67.47368688983602,18.533537287322748,1.015295023496816,Wheat
72.43752480401648,33.94126647277537,48.89335006553537,6.8173366154303885,1.0220791451224438,41.733334697386645,16.504725850502872,0.5684562196216878,Wheat
76.53244883281226,33.06309936940001,39.6351999030945,6.802381575482483,1.1589864505831255,46.442911544211185,18.35986265839758,0.9839439433473425,Wheat
85.79185502981632,38.46189658725997,53.76297160209681,7.147748799107867,1.2260198632809027,49.91279341690099,21.495867617687207,0.8779490860019754,Wheat
59.02662325452957,39.9050620980171,32.79767425986101,6.577512152564984,1.2607130135616176,51.72176130155358,23.718495724214655,0.7592488424469062,Wheat
58.47751158723233,33.3169396205076,45.91828167516517,6.822116840575203,1.2267360957513405,42.10983659997244,20.88008617950731,0.6517059275848092,Wheat
74.50317278043813,35.02175985129946,38.25167995543934,6.733967778591041,0.9631648506969557,42.83875896530323,24.42835310566921,0.7852330996538182,Wheat
67.56103889822663,20.31784329672901,36.9521338321847,6.726339441152221,0.8628294647646715,56.05366074702238,19.587655561509454,0.9932666373977379,Wheat
70.61704634050368,35.26059485495104,44.200831970587494,6.801062950454009,1.343759000609972,26.443114185990254,14.996135638903302,0.718524375341583,Wheat
70.14527881937569,39.83073097334809,49.25778478224728,6.69241114439344,1.2038087386483525,53.241563225221846,20.460144578178912,0.9443986358730262,Wheat
72.72645263432129,31.069618812519813,51.280351551000045,6.830971674322029,1.0002679693508973,56.783628577516595,13.872819678649783,0.5873473744760646,Wheat
58.129295736256296,32.45717546701836,42.70852647210573,6.377948818623547,0.8029683935378347,38.11326657181144,26.143560230189728,1.070261292162072,Wheat
65.88250582315351,32.454916967852405,34.65716402530535,6.265723484296925,0.9766239627182952,37.017184134047795,19.787873670844977,0.5599691226434784,Wheat
62.38025541689742,36.04038966711982,48.295886380055435,6.916892148447764,0.7359022031685925,51.837485841084494,17.999470758495374,0.894928687191096,Wheat
69.89361323381807,25.365287506454365,42.15422065876931,6.902301847777855,1.1225930760949199,43.87209682044465,23.82944722650263,0.9511266156479838,Wheat
67.43345883600247,40.25085268495861,62.40414136669368,7.348935688219248,0.7544000238355005,37.5877351107428,23.71229696683463,0.6412578423743545,Wheat
56.77458866708321,31.596641085106672,48.78204038527127,6.771328922148893,0.8698872759188816,39.60630030620393,18.219157338968227,0.6680735557011587,Wheat
92.81632877276061,37.08257749829888,52.98083148964265,6.6630583089267015,0.9628086645627902,39.29156814903716,13.370729162701995,0.5932986084728201,Wheat
51.89381320019605,19.25151355433875,34.24176923131708,7.170987590226856,0.9911127664591292,55.32451009856939,21.027456442252188,0.9173838238572739,Wheat
60.99103004695425,38.667656679348696,51.55842810666911,6.638538758174565,1.1119080741232332,49.52950206859866,18.626118447174793,0.6315847351593508,Wheat
58.15871668101728,35.60553879345023,47.943088819103835,6.578092767471784,1.0053170682652197,49.56429628910789,21.54547678666325,1.0327820180183733,Wheat
82.76980832198043,27.99095997070419,60.1522758858422,6.6513265787244,1.2089745624908854,45.54389300840871,18.96962655385758,0.5288454710337601,Wheat
68.28435489783652,24.084317352860737,53.70569312258495,7.22470194399899,0.840617802140662,47.41576594015417,18.18652119498006,0.7057272904794816,Wheat
77.74494703865372,34.73023216709611,60.656832377379104,6.664974905963182,1.199867266494898,45.77930730366226,21.989445024360585,0.732926351400508,Wheat
69.50441162448418,34.191507844907456,37.475485966387915,6.985382829682891,1.1300498011156728,49.748437559244536,23.84241413479411,1.0174017201854455,Wheat
66.25055310150864,37.61136622903925,39.387593796676086,6.806539488512075,0.880050110176227,57.96056247308841,20.909245375857406,0.7672956307843367,Wheat
81.93618571856376,19.805692131432117,26.873076646212393,7.022834823461537,1.0120936896234736,47.00357040208608,16.684009741703626,0.7965149433724451,Wheat
90.03509410401342,40.76939733857104,46.52735890628531,6.677064905170617,0.9210854296261213,27.96641688639986,20.6441010523029,0.9268224662722782,Wheat
54.24380672829385,30.37008175385229,34.5828183098992,6.529701665453546,1.0106963253643801,28.324782760092205,21.53567609589266,0.9130782604900524,Wheat
67.48897411963088,17.63504043010821,36.032232365978494,7.145212541548755,0.44440114385428553,42.21981270245185,17.049998053831853,0.9206855452377255,Wheat
63.24886047856538,37.82767814514928,50.08914377252184,7.314143235124406,0.9594116112649259,48.00835495698089,16.28736130218141,0.9785620344940616,Wheat
62.39491151928635,31.07472085138578,44.7997698463571,6.362392383304842,1.0457540057857877,52.739730183400084,20.73233455874323,0.5616653653731913,Wheat
68.76190705670341,40.194202320856434,28.098101106306828,6.49906551613104,1.175308720816304,47.16076347357829,21.029928955316883,1.0789242211434968,Wheat
74.68552778506202,39.60521607303225,69.39670974496494,6.740134723734663,0.840423447276301,48.42237118597706,21.097477573472236,0.7209926912080689,Wheat
59.676029804451524,51.16891095463055,47.941591233492204,6.594960093207419,1.1831860604559197,44.12683878750932,19.367796384205423,0.884340930787174,Wheat
57.0811773176831,37.4683904274202,62.21659326958577,6.930529745415247,0.9247575792433071,40.94315775657407,18.974150066637225,0.7619055982928329,Wheat
66.22193467241728,41.41418008752197,29.40111807111915,7.041360014115398,0.9240626949714877,48.01558228556298,17.18253022449784,0.9992946600274155,Wheat
82.45634960171873,41.71713368025051,31.367207017858146,7.0321538998984945,1.0809710175271419,32.15783002293946,19.939256540572963,0.8546801733549895,Wheat
75.56075273823151,36.24082956864199,47.62108275162642,7.2126111898308665,1.245206781982136,22.063560369738052,19.206403612905795,0.7753023458684074,Wheat
52.47901427273029,35.65928140762618,56.23881995169456,6.495760999314634,1.0672801877379745,37.6734121816285,18.320219940800808,1.0216090451255053,Wheat
64.57442179888174,38.235487423074375,28.159036955451118,7.321448917190566,1.1205304892612997,43.54000125879791,21.438866274999736,0.5885270856578285,Wheat
81.82530741752657,32.73210657152499,43.163374364564085,6.662336427809664,0.8838697194508831,50.55736489302727,20.63976712526056,0.897762221210456,Wheat
69.91205310514428,38.59239867754027,41.23036130467465,7.424324915594673,0.6864139167139003,55.08749858850388,23.419768626802426,0.672176179105161,Wheat
92.29273610555973,41.968431980617225,53.740251061406205,6.807846212367245,0.9565547683562647,43.324729383683135,20.976326490798794,1.0101779412550844,Wheat
71.8131421786142,28.619894638038968,52.419843561464816,7.057922208990542,1.1309319056895573,50.96399125219986,19.322679674605478,0.6606516249304131,Wheat
61.3180656935922,23.551757260794993,47.13253750391355,6.776634340696553,0.9120024590940583,21.35504940523944,16.88170632576458,0.9681260977104751,Wheat
63.35373999936869,37.52414174359789,32.4838311302227,7.202837535060585,0.9711944679890647,47.32032317186828,25.814449479704212,1.0274660150884105,Wheat
66.93434378712942,30.847458705907485,42.070094896324214,6.94277150957343,0.9789551731498258,41.83804683997223,23.667953126772606,0.7828685162333245,Wheat
92.99589093037319,35.63519794626521,61.067865548022546,6.900049438358975,1.1925921146498895,39.2031115878582,17.86560194353147,0.8689558932522482,Wheat
79.88553242465315,35.28179551400324,33.42245998424673,6.419127657438988,0.7145727195627518,30.859023096484954,20.27371339861772,0.9687565882562038,Wheat
69.86584213075191,19.177096698635033,43.28315585698906,6.75441628094287,1.419199750045088,33.34289669664355,19.02330599350201,1.0558779020816846,Wheat
74.49978341346548,38.94319151461497,46.031259933214905,6.892384190824034,1.1555219060557071,38.52410944885787,22.1951464472705,0.5940495474671692,Wheat
73.28367972831538,36.25118674300429,39.45336220627103,6.793648122908818,0.8754919694668893,36.42638938510605,19.11596314596589,0.6344017046942508,Wheat
73.22797464093249,26.949401540933458,51.407793206919465,6.46918586097993,0.8867410168837987,40.003172734278564,23.312866822187097,0.8495434918424888,Wheat
67.88266197455606,38.49103608748806,26.03526887403281,6.787922594900546,1.3995028355609525,46.05877205122138,20.16978292292334,0.8822192569463294,Wheat
78.95605243314346,21.017733149770983,29.85906166388076,6.858881561504121,0.8570246876204981,55.496202097759316,19.21206402528694,0.5098203896430324,Wheat
57.31986083156003,15.752267862585974,42.89287016445379,6.747252444365972,0.9151074580436205,53.631032312237906,22.996299591291734,0.7744417364965833,Wheat
48.65306332523144,39.32097106344581,49.99824205657718,6.886629639643944,1.1962959498616232,35.68137522831168,25.021888465462848,0.6560858370287198,Wheat
77.49222927200854,23.188566139106538,36.62761781456955,7.224583221083094,0.9478200353998301,51.71938084106238,20.592388471798117,0.7842562765999741,Wheat
83.6385032493269,33.3433882274367,28.973357031928764,6.575092774253522,1.1102383457403389,48.16407285090006,16.082354374411405,0.6913486220887699,Wheat
64.18278650797754,32.44171284120043,32.616777702586035,6.624056089726546,0.8542779029480945,51.172266078095355,22.02280327747561,0.7781284312866776,Wheat
66.07960204129269,35.979470184273794,37.65082403289983,6.4788870169931165,0.8119557582148567,39.92149468822835,17.091315500519322,0.8243089338594313,Wheat
77.29715673783708,23.890311894412307,45.2261584009443,6.738417977325426,1.0683017371073606,44.896489855171296,16.366001800170924,0.6106416051714252,Wheat
70.29423575584973,42.20146643821857,25.072313660612974,6.896803442344442,1.2379244010575285,43.7757929903503,21.375506240066102,0.6945396378653297,Wheat
68.80633800723123,23.65360537184294,23.900910224230135,7.063974424343077,0.8030010144551116,41.355777239972554,16.533894366824516,0.5885045445374186,Wheat
68.26162299905384,29.892959641050474,48.401738981952285,6.926710757314286,1.0641699292649214,46.90880632742755,23.944420512329714,0.6398609346432671,Wheat
69.45065133797083,42.92882874363712,56.380858284042326,6.40190617818352,0.937528911668826,55.864968766938084,21.270197762997665,0.8292894547219659,Wheat
67.82315306565343,32.31339352004578,47.593971567812915,6.729335245004345,0.9914842757911112,45.628789648920296,18.304821178766254,0.8798194060822158,Wheat
99.14244648415419,22.561093524717474,47.91611271770982,6.5871467751867065,1.11548051550385,45.37245978662289,21.904636935106158,0.976325986476317,Wheat
71.92421117768181,42.92436601889925,23.901318955901903,7.245326643416487,1.075012430378468,53.62274684596146,16.950310637896195,0.6753845177591997,Wheat
71.45938294144774,34.88073477463776,47.5476172920899,7.10366424506039,0.6469559369394302,52.79055257373847,20.020704774894817,0.7694327208313179,Wheat
55.2888476561511,38.521340678638055,23.273029340720665,6.981550323146839,0.7015788329054016,45.42766330093979,19.7020779066802,0.9754307220940825,Wheat
68.21344830986109,30.14103007198034,40.44057573625917,7.156407175251306,1.1072593938361788,41.91496014781471,19.408883950088715,0.564923436412183,Wheat
73.88474200851542,22.681290046131743,51.7661681925191,6.836014045897555,1.4773903599147844,36.19891557020556,19.743344772398416,1.0697431551384593,Wheat
81.91389640291415,30.126515638940703,47.01570685536103,6.8005598197962245,1.0563911734788314,39.41055651212136,19.776698993248164,0.560292143708493,Wheat
71.35123451868083,38.15014471395283,42.95322528620505,6.347785750636259,1.1977063725702926,47.91620030394242,18.184962255747557,0.7579099329742904,Wheat
54.993305972181616,27.82212910555467,40.15969788278574,7.1439578274384425,0.8720993218225048,50.12170927463007,18.65420949284605,0.8371921341277813,Wheat
68.58604497856197,41.1113962006492,40.18669795603298,6.359692089999316,0.7236101937272734,40.74498004845794,16.877350073304868,0.8615318023519327,Wheat
65.34231835141922,51.622245850185024,29.360568643765813,6.857017290038744,0.7744093952988662,41.05278927693857,20.35354868335136,0.45119429376885706,Wheat
72.36826116788028,48.320352235919174,40.919055314682666,6.872746199905542,1.2049843386250798,43.688371999784025,18.54759952867129,0.45863953944173724,Wheat
76.40990719394973,34.20782113189772,35.885845337506545,6.835447078877754,0.8832639286387637,40.7725909510758,21.51572789027177,0.5992426383014233,Wheat
80.47315286073759,25.216196858171173,39.03568732480262,7.338424934338642,1.2254709523284846,45.78083193996352,17.64867446124696,0.720609153995016,Wheat
70.73275314585696,35.26266262637719,44.182161633366334,6.791366896056428,0.9571249780589772,33.4641701148799,18.70872314459792,0.937193608098027,Wheat
56.316657024488826,33.67311141922505,37.622214641062406,6.831178120231471,0.9222733637866364,56.819149319797354,21.266457885475635,0.6032295251334183,Wheat
76.71228011613698,29.57743700616556,39.8070326576022,6.887869325629994,0.9016505160539731,52.14284653058364,18.063724846216513,0.7071580171112956,Wheat
63.43629106451891,31.04052876151473,54.89272399993032,6.976062962210885,1.3419887908024142,63.14115363119404,17.42320742016915,0.8105628690990934,Wheat
58.237996833565674,29.55675850576213,39.329257407698975,6.503996635241283,0.7896225454203173,43.84572497183796,16.958203954033984,0.926319043870645,Wheat
60.82246462582486,54.666982790674744,40.937539941320445,6.820164939736775,0.7409317631067929,58.64873406502112,22.79875170200729,0.8445373806104169,Wheat
56.53197451220434,36.47466814407234,34.90712058584471,7.209459473772541,1.1618389463706347,45.76351230790189,13.909060841881693,0.6524876032011455,Wheat
76.87761131599872,43.49018584206209,54.982528303429184,6.3542363593723925,1.060310461362581,53.12412173186344,15.854161086044387,0.7988143226940146,Wheat
72.73842398308456,32.894647906072855,28.330543301389184,6.708804529179356,0.9345389139489952,43.815420763617965,18.591321436437326,0.73354817701378,Wheat
69.60293717653022,38.09718223478798,42.26015913428999,6.685298300056959,1.0184708076508917,29.632672592838546,21.192587818066144,0.7999155354315562,Wheat
70.39693526597561,41.72514015316125,27.424660229565767,6.2473265164394896,1.0547607690647038,44.943065158971876,20.42544235797983,0.7306809387241332,Wheat
76.6435367423993,41.52847190093784,49.355840645563745,6.726968031646717,0.5784621224771194,51.153889664297026,23.05432166554398,0.896683761797597,Wheat
61.203575726324935,39.71656075567431,52.74476737165301,7.236468549383744,0.8247780151544084,43.18836332364689,21.868180127858636,0.8086115107157237,Wheat
58.826723979487255,37.90231399518692,50.2079547043365,6.82462961097268,1.0439169854359889,42.930352786514156,23.69569733929015,0.6648961724430986,Wheat
64.12679237236222,35.07689859469268,52.91058624930803,6.38073551237353,0.7379406500469121,28.698171938122258,20.081738063133177,0.6322541274190184,Wheat
66.15449889982084,39.629647329241955,39.22611551295438,6.864758966368142,0.9401324184496556,50.37691452077149,21.18782016837002,0.6962099455738086,Wheat
68.31348246599548,42.30620378404346,48.54039183228687,6.408850623829683,1.1311236122342765,36.323115020510095,23.531282674902513,0.9536148259761538,Wheat
72.898854759184,36.100629904053356,43.11870969575322,6.989986706392008,0.9258443661075877,46.884558965119155,22.17983591629863,0.7157290184711615,Wheat
63.83807260009306,26.639441634928787,35.41974528486445,6.288049312796379,1.145965757803106,59.47131633666217,23.563322358675762,0.5560873267060226,Wheat
77.248546715562,44.9547444494649,40.888710173352024,6.828405280582014,0.5984213898390659,47.13388934381313,17.341100676413205,0.8299452526867273,Wheat
54.387970778111196,38.80000757134317,54.22061407884021,6.580709638719753,0.7726154837179131,27.75181565960015,19.333966164812058,0.7127609098577593,Wheat
54.489805876519455,38.1711312941852,40.95026656321816,6.498793931579335,0.8890855188719106,53.57043631143692,21.507342359388055,0.7804960907752265,Wheat
76.19105018464853,26.873616305292828,45.29133090654327,6.841250252536212,0.9060326983002547,48.483666687659344,18.048916363388873,0.8764731061664177,Wheat
75.51858771531292,14.579880835120537,55.71275133159106,5.946662881701228,0.876790194888775,53.20278427406204,19.206783186868897,0.5800721026295688,Wheat
59.06262938283329,42.188340224244335,27.706459225062257,7.116117508269364,0.9889795801915421,35.46083735646053,18.542212319243273,0.6474163488347539,Wheat
78.66225200858528,40.12699466833987,29.527549795115583,6.686994206814586,0.8273628675311446,55.34807974767496,16.624752204683947,1.0406343657027521,Wheat
69.66705260483063,26.866459155339385,38.9045323439165,6.575546724584834,0.7450763195968988,45.75861487784301,16.930211123270393,0.4729450686892717,Wheat
66.20323529151827,22.38000662507482,38.23055218739232,6.54545119119106,0.8257567855948371,61.00770481272123,20.141028917923926,0.8368056513492999,Wheat
52.23601703657705,30.422258064541545,46.937723669473606,6.513131904384358,1.181612568703597,35.37842731279176,19.28408466033706,0.7120922540036663,Wheat
71.64320659381916,30.516569497012018,42.56195735636156,6.733883574302164,0.8531224485217398,48.8807509479769,20.595970937093565,0.786707908212025,Wheat
65.69541666538042,40.57580821363998,42.87749180567237,6.714124759408738,1.0209380059776252,58.572693463766804,16.64910947994699,0.9154785339583033,Wheat
51.06828838761895,36.52091210760037,59.17574544847858,6.936827186850846,1.0341250157079585,40.516404249575395,20.077618001221385,0.7621905776894966,Wheat
62.14023392068645,32.97087069167591,46.78543044563796,6.585179220811421,0.8387436358630631,34.1180524992626,20.97681256522224,0.8817984892950591,Wheat
72.31660444236518,41.756193449100664,45.79080873372655,6.909763062462412,1.0607674851275126,44.26767984465434,18.67294542967588,1.1321228923687867,Wheat
65.48049020146492,30.338856022156946,48.90608841105096,6.870519236282601,0.7190416904779344,53.98142603650991,19.764513561622916,0.6333603357176419,Wheat
81.88784114353874,39.379729001173075,33.61912207246877,7.297611195272163,1.1317594736732386,44.91843107499963,23.97554701405445,0.8238946675744462,Wheat
69.71916924895967,30.377899187846076,50.23665395376371,6.933448830850714,1.0029360279779422,38.68010916905918,20.324824635415183,0.7895301821356794,Wheat
56.66525681265799,24.6973135407307,50.086380409287926,6.071471271785526,1.041082105392252,41.1753355379694,23.270616517199777,0.7259797686269187,Wheat
76.59484214251896,32.22160311133546,46.023733381375294,7.006314228657614,0.907488856735084,52.97243907598723,17.515755307233793,0.8441889263837569,Wheat
79.22639722787852,39.62026244253234,62.24800389061869,6.586236991153015,0.7241701497302824,37.04531913203905,21.651106416371093,0.8746884401404068,Wheat
71.02256659647416,27.139300656250093,51.901805639961545,6.457082662257848,1.23178991647538,67.85950738511892,20.916127866428877,0.8874662203486615,Wheat
65.07140231104441,22.328506752392286,39.575525732727996,6.49398933249235,0.7105990847169968,58.778879535965196,20.68215629506443,0.8569531370920976,Wheat
66.90977634803751,33.78990242289595,53.680956140154,6.790945606765339,1.1061387876049467,43.431965617239875,19.14461777316988,0.5889628751597208,Wheat
50.222509376328716,33.16906669253519,45.50847022793909,6.439883589721538,0.9931050269930735,45.43002050392402,14.609979984851552,0.6627313010780749,Wheat
74.07263893735468,37.70941110577021,34.61692575240215,6.8443654541399255,1.2044814450720944,51.21658367192718,19.761785532465165,0.7298035530013562,Wheat
63.70655515665496,38.2747384803676,46.75593575828599,6.976233121708616,1.0263747626242303,51.55011160277954,20.236481332394252,0.917703307419753,Wheat
78.70822770366638,29.368313588426304,28.72670357816329,7.232177999684075,1.0513317461424523,31.284112836031028,18.215451256953223,0.9157811438554743,Wheat
67.20323168867107,31.41557006476611,57.607936742816705,6.506759599012533,0.8403693284490332,46.69109180038614,20.976137330134705,0.8744514551511098,Wheat
79.11238044568947,36.39005034477062,49.40445545044568,6.727421407391777,1.012539660647343,45.860273440429076,20.53774533954759,0.9158809711374142,Wheat
75.5514568194483,35.30951902030128,37.71786613553064,6.818947952257559,0.9943964430208512,46.54545263850559,25.516313267851004,0.7214340832188147,Wheat
74.2228901912536,42.47923447071009,45.88201722689445,7.454596633368206,0.9243921416537046,47.59271377856037,18.002985637767544,0.7472712897285061,Wheat
72.48933910396659,40.924128436154106,47.87185350621217,7.152552157813726,0.9810069378814656,42.342651761287954,26.759962768198466,0.8591356474163047,Wheat
62.805184540214526,30.14015366426352,36.51588076921794,7.0622394196399005,0.9271245414213516,46.018899805251884,19.841228313904328,0.9097238611911402,Wheat
61.532559071159795,27.470993996998892,47.018675764634345,6.968268599715971,1.0665064626195282,38.52437016722138,21.693712105228485,0.6884208609356549,Wheat
64.78461355213616,28.392325326945986,56.71042513786828,6.9773580314876575,1.1209986751357746,54.977691369139606,27.03162312059681,0.5436160844134768,Wheat
62.61623419122892,30.686774410778334,37.342623398555766,6.49827669067096,0.9400693871889269,35.26717027768476,20.837605918843533,0.8077547482142923,Wheat
74.81028664763656,38.55409916146777,50.42706168084009,6.695445497689313,1.4242286805267335,46.87544893185678,15.343788118438013,0.6496436381350674,Wheat
52.59497010972184,35.12134240405915,43.90375298352,6.668840804588152,1.4021852224801028,49.39186299261529,21.815245903615835,0.6603389768086846,Wheat
60.00855108668988,35.257638493678684,46.557064256870035,6.280232761207952,0.9639385954300932,45.11257666298804,19.462127085572178,0.6779914381479986,Wheat
64.6046481807886,33.761985644990425,45.81720021249043,6.969341643114159,1.2161712409901742,42.645218211782,18.859609509711607,0.865648351030146,Wheat
76.10844916410855,31.9605969671878,52.11354129269555,7.074283895523672,1.2583372931317347,59.22656725375858,17.833959653351403,0.8020847313998767,Wheat
70.1127769661866,34.313485020272445,39.156633723508776,6.3840426390953,1.0185358892058007,38.8531547236167,20.214983701869063,0.680893468745172,Wheat
59.00341654155659,36.64008852263829,46.358293741258464,6.962198951969861,1.437172753283525,47.21831624968677,21.212704417660323,0.6383658006699012,Wheat
57.13092559463625,46.079806127413335,36.688681980600265,6.50769565998878,0.9921802157566894,44.27846069298089,17.74373373389177,0.7542540171930351,Wheat
82.29375717650105,29.358044738177416,32.456947640704456,7.063926213851942,1.0984593823876074,40.035851034810705,16.044582459682704,0.6883064965342156,Wheat
69.4529556315073,43.159704629186734,35.67076222617309,6.776334433176787,1.1350289319789797,25.949861279024635,22.58446541984725,0.6226324141690345,Wheat
73.31995493456935,36.72678204727521,54.761277523174606,6.954258826650191,0.5245419016540038,38.72176602275207,20.3455128233832,0.770753017082032,Wheat
74.7761072975677,40.52556588968794,50.476065627867115,6.740003016084749,0.630732597775904,41.35615000916146,21.040920370347386,0.6364329121174284,Wheat
76.31274730121577,41.35875308087113,46.14180278666258,5.942141637432529,0.7443823274576393,60.089513268448655,18.633655517429055,0.5023785165306507,Wheat
82.35247388310272,35.09348914080571,54.94446440061953,6.877548429061422,1.0917118272424338,47.90407398171613,21.7437207798025,1.1416145672834148,Wheat
79.71006335959189,23.937624775081254,49.01995363751013,7.119614615068901,1.240540161307229,41.587160135527206,22.91236111297032,0.9391613599326808,Wheat
95.7251743696973,29.749987846260417,40.43339481239617,6.714286666431213,0.9019555699922449,37.879834001891176,13.093311235815642,0.73479507894153,Wheat
73.69358059699904,31.547447081458625,62.41843065176199,6.803745227560442,1.258205811036827,47.09136330183975,22.066018274733146,0.8418862330900344,Wheat
83.68784631903563,35.39157545092681,49.46508637279907,6.902573221422012,0.9423429083745363,48.23985855139741,25.585965615494203,0.7594404586856838,Wheat
74.19464892853249,43.8044526560861,55.262279528498524,6.8032805969614225,0.5233222594085276,49.13362254918773,14.451314353442369,1.0204905846411847,Wheat
71.6947387119326,41.997718139103924,36.88099975637054,6.365297907475984,1.0521508768282335,44.731172480350864,18.771147934607086,0.8126991921099146,Wheat
97.6743589203226,40.8416788315834,54.44548745276987,7.036302329634939,1.2958924287704385,43.47942661679404,14.863096730811765,0.7717120800490985,Wheat
78.11735709996502,28.211397234194486,43.41270644559603,6.606304471959352,1.3004058503686262,50.99565612325251,21.6288515516099,0.8932401969681457,Wheat
69.62750747447873,36.382893977692525,34.33333877520914,6.187796245949841,1.030016226069005,47.59192205017715,23.023161421063442,1.0357003724123552,Wheat
85.69998484998946,28.013834846942856,41.82961468545208,6.9344936028467865,1.5063809355484357,56.84079362971133,22.79849290499595,0.7418318066676065,Wheat
61.168003688448756,40.52235518368268,35.094048621890764,6.733237821725515,0.9770444101996155,57.74329671298246,19.113256742600807,0.4341125542141077,Wheat
75.04444647662469,30.106847028272515,45.38367921993972,6.775722683764205,0.9452592008364463,51.32272465427763,16.167837804118232,0.722447866256846,Wheat
76.84037913117382,30.701406572589423,30.520739616570253,6.987195496111886,1.2246189260883078,44.64003833885595,15.097886003826169,0.9058954620048225,Wheat
53.40112118580312,37.16159493793716,37.01282557732056,6.475244999985249,0.911617996584062,43.533619548581925,18.38947937403388,0.8883054917322727,Wheat
85.53930621541166,51.861336101702754,52.530558490791314,6.304683982153033,0.8268120232335427,41.82002960762049,24.726832944667056,0.6468118679122963,Maize
66.27804471936486,41.2499958906142,41.89069373670543,6.941189725807785,0.6594442776213381,43.46919360212757,26.77492410776425,0.9035144736195944,Maize
82.55017061274359,40.575399240337624,55.546118568979814,5.848412056855313,0.6277612630988887,52.7541327931943,27.874726415322815,0.6346404867749891,Maize
91.00936791735154,52.93652490794808,68.96196259950332,6.338482427518472,0.9966326552533148,69.57644177074275,20.19450181202143,0.8541371605830732,Maize
79.81684467638742,45.7173065697221,47.81642857339753,6.231756751803656,0.8033796144683449,57.211314914030034,26.488848320406706,0.6805395695217245,Maize
90.70113158733217,48.99821846403733,41.25543104288336,6.707113902355618,1.1638686194119494,75.82901039000328,23.059739523601046,0.6312877297497808,Maize
97.68965871573745,50.73372918238497,45.18421561960959,6.3871144504595865,1.108226167643608,48.37932607412271,22.97366502996246,0.7134389151052651,Maize
99.95938684822258,40.76780968674321,33.418539841723955,5.963352709094901,0.7481173866587734,44.494658254400505,23.61347310345023,0.5216679769603592,Maize
82.97245040178797,39.58139880512565,46.03542925236806,6.870301212826474,1.1323895178861034,55.12903532220803,22.847434298547906,0.6350151015065468,Maize
93.2774646995195,49.08918351346603,41.831442445094595,6.5102146115719846,0.5936760862673947,56.69371027336478,25.905373104896714,0.6579897059678687,Maize
108.16526996140105,38.83133086794765,51.95696373772935,6.489969070933532,0.9799404665113183,54.08542265596202,24.267762575023678,0.827193811519555,Maize
103.77736236274744,44.9842482884709,57.3378446495447,6.303505255045301,1.1531910905452465,48.904067809384074,26.72664984022033,1.031596131608986,Maize
88.77916112028608,29.65219556434814,45.06734360079659,6.844925037601005,1.110615357405049,56.991308789400236,26.521670889887098,0.7726680158872632,Maize
102.17725187451137,51.4359657365289,63.69530407463263,6.600462903493751,1.1810518802987908,52.542983415313714,22.496347971102484,0.9560151460628459,Maize
92.16204676322688,50.634163961036656,51.11366012970251,6.33577561774241,1.0021965785164804,66.48795214214171,25.38810018569856,0.4432790260404311,Maize
87.84755543423846,57.47605654893299,48.075828243350394,5.99586596631443,1.3786097770845087,60.459140078502344,23.824967852967998,0.6442873395876897,Maize
100.82351929791736,41.20611619841665,60.33430782064389,6.651814680002792,1.04893638509747,56.16411844268476,23.562579908214556,0.8568460180313898,Maize
81.34657167898166,33.64652411218854,55.529961106032275,6.676746731858802,1.0960482305023533,58.26182695694431,23.19864905415613,0.8181224056578287,Maize
89.54441873245459,41.590205074293756,47.1929781897014,7.065779115657233,0.6530047835909134,58.998304834366394,19.802223930940706,0.683764999251554,Maize
85.66372514845813,30.404801923240854,53.501338313903865,6.393589342586185,0.5801587314877512,61.716544726194016,27.587515444972336,0.9235186513444857,Maize
93.58956440651471,45.32240697003981,61.95340958806217,6.971067403895228,1.226713740575125,47.46769918216159,24.503362133037307,0.7659274216437142,Maize
71.90383031082771,48.285524617345416,70.4569264338145,6.679182126424221,1.2946826162883514,56.46331784102964,23.816954190040445,0.7571907085121463,Maize
81.84173352015567,38.25357368935928,61.396741014524295,6.884255856002625,0.8017787368825299,62.74399043643091,23.782600060984947,0.7509712861735646,Maize
94.60218639435064,51.960453276870226,50.7444638167687,6.894845358684542,1.061882567951985,59.99347417975626,21.916843521156885,1.023798851605725,Maize
94.69824923204966,49.99098197741569,35.52632769909613,6.269643433537851,1.247576737583746,57.29512894634084,19.215550662927683,0.8557434893475728,Maize
84.56217195647277,54.87921890113698,49.2094788925667,6.557317872085749,1.2357909157183298,47.8200562331627,21.517882980415152,0.6705252369402839,Maize
98.27172799621222,35.68385923170557,34.987688600998126,6.730641859572262,0.8794043374865992,51.86219189663773,19.357973995149585,0.5981531028472027,Maize
89.9243270336885,51.51264500336025,43.058928503888254,6.964065313665099,0.8630887951640398,49.535265587318605,27.843393879744504,0.7317190228545876,Maize
84.47975270988424,43.91406808173585,62.17766219787853,6.910536789495191,0.8366413641459488,54.66052951936713,24.225392069168933,0.5520639834225103,Maize
89.44314947350006,45.037260023161906,60.26188531043062,6.838079007927137,0.9341581203281983,53.28837484911351,25.660730755139088,0.6122217326609483,Maize
95.88640151737403,44.38465458841549,41.27541280035241,6.232085720393699,1.2894117392062205,53.748628166853614,28.10088523474578,0.6229545608927635,Maize
92.91205201131493,61.74873706112769,40.48351929803049,5.968611940028063,1.2573180262574466,48.38552715685541,23.948234089734417,0.6121122684322622,Maize
92.68162780955316,38.346246549699806,48.38053920905025,6.625948291435829,0.7983382227451477,49.39932776283289,23.13154291600367,0.4856776848660582,Maize
85.77439017201253,45.83157577932031,46.40405952570414,6.424014581979117,0.996019665818683,49.75405230054149,25.727656414667194,0.9153967187202663,Maize
85.35619607804551,48.39638762034395,47.84344560108818,6.602336456610781,1.3131559062406508,59.06927634414479,19.5664636529758,0.7680993447170438,Maize
102.3286374330901,43.44882681001328,58.96071325506049,6.3067676484774555,0.7028921680955452,56.12935215066112,19.608808198134213,0.6640343480659612,Maize
102.86842262645503,31.631659659776034,38.48452883677492,6.2110309713547585,0.987336028057808,52.074265714830325,27.497840954240218,0.8431522493637545,Maize
94.95272946068599,46.019412200407196,53.539067992863444,6.258644940512255,1.1714420707113224,46.10364596512639,26.08844248475558,0.8779213753178245,Maize
92.10864602088087,43.766508587266166,53.60278917478706,5.698774856371811,1.0604516436970923,54.09316801728154,23.87342971735752,0.8059798769346741,Maize
89.25231078435272,37.0185520034419,48.7273759625716,6.5189155355426305,1.0229867823162024,56.295354938280546,26.598422612296382,0.5370948170448778,Maize
91.7570045616485,54.029507890327686,34.388496527565245,6.550301070618415,0.8829242996053913,52.03431692421516,21.737981241963944,0.6745673926449334,Maize
108.41255614426905,36.148987471759504,39.473509977690554,6.135458320354219,1.3454836573256201,51.301282355829706,23.935902349130814,0.639582558834064,Maize
80.55577121596909,43.35394547369895,72.12419245162904,6.889779857872791,0.8294124364415455,60.18059282449349,21.92119306833406,0.4335448541730668,Maize
100.1951091766463,53.12064992650485,59.4144702594311,6.3684377302185196,0.9666448531996028,60.99812442926498,24.978740093370266,0.6409543793054433,Maize
73.80928179881835,45.797126358994085,59.71108675312502,6.164675279070436,1.1277518763351955,57.65233356106954,25.875370658080833,0.830796324957851,Maize
83.05534758074647,33.681284198845375,45.19832426885409,6.748955648907562,0.8915992192948058,49.447653409138866,19.446624145188405,0.9628971331826408,Maize
98.2571364142531,50.38927186892335,58.70952848101526,6.6614783412321525,0.9511342289640942,53.689887167022384,22.931089088519688,1.09521111316225,Maize
95.55912031299442,41.753396910539955,54.18947096749652,6.216956703000231,1.3009013437178454,49.71144723354288,25.252713581556165,0.8598966444614702,Maize
93.84768544204992,45.66128994273747,50.097218763704134,6.48419649287161,0.8846603022144995,51.40413256184237,27.698975934127336,0.6837195050972265,Maize
82.14203730617227,41.38591682196944,59.90333612627501,6.689169857286054,1.1120658356464515,52.93983040872167,25.433406175432363,0.6034658312574027,Maize
87.40385968654226,51.788631411742216,57.86849911027158,6.225065243133775,0.8288947094182848,55.86961722250728,28.315330936673774,0.41266522532965083,Maize
92.78332939570504,35.36769667898796,44.29102105827009,6.397960042942012,0.9158983313126218,50.72963248272633,24.018017650940926,0.6197116650054132,Maize
75.37542615145847,50.459087287659436,56.775849504339924,6.736088806806348,0.6918531007471835,57.39134522067321,25.689947139517308,0.5453196897340622,Maize
90.0917324818213,44.18613348282744,66.57935592711438,7.038858890363521,0.6671287213339598,74.95141604582392,21.71193569711669,0.8471009941491139,Maize
99.7049798086373,38.03016841210735,54.43941014455189,6.469890551605502,1.1108660009264781,56.845378419045005,26.990848713425617,0.7113099314719092,Maize
88.32125930573689,52.67244963140026,55.22356368372743,6.704907750409848,0.8670826655482806,46.63789774881221,22.580694641868245,0.6068767921479117,Maize
97.86199268652915,51.831888352058364,48.603827394208395,6.900657325270819,1.273693878753026,56.947191331204316,21.9452705711424,0.936306497415331,Maize
89.38982648971592,45.883156375016824,46.94355476954088,6.250858708636785,0.7062721139369417,60.0629465884583,22.04149736525845,1.1589296843495234,Maize
79.1392641738752,36.19832267513041,54.59124844052097,6.9282077741108425,1.0129179313886443,59.577939361498196,19.391131456353225,0.5983732681462349,Maize
79.26384270862434,31.734679050364832,51.05282210621498,5.872008265949079,0.7355608067825102,50.70244964789266,21.92178541012231,0.7594612753310601,Maize
93.0558019190248,51.2565912215482,56.771453594414105,6.819427581021187,0.9996163199981891,57.427735206533356,25.278784254797976,0.7212485046086539,Maize
86.02805690082926,42.67290225962161,42.64197441503031,6.618052712374753,0.9811969651829688,49.69460999490588,22.344387951688518,0.5184401908325816,Maize
99.788413412372,45.550323686722514,42.23479982384057,6.726393369888565,0.8879102380411255,43.74799498390214,26.553055723047834,0.619435451565083,Maize
85.9110090979121,45.288260142444244,60.28330300511104,6.505610441442567,0.7601765747709539,59.35101603289744,22.78752568934569,0.9831885957294199,Maize
89.9888027800211,29.354751514709335,53.21628474940107,7.044487381832864,1.3151840577090779,69.64763431005252,21.450599536546342,0.8368228593965168,Maize
82.78005460263289,46.57002579591847,38.54342814134241,6.319552385832839,0.8647506605272769,62.18844224114093,26.00179780417414,0.7415229593996231,Maize
76.49578581944614,42.81852396235196,43.28495165351546,6.743509211874457,1.235636970563437,63.451084688247064,22.11195145145745,0.2890700316565781,Maize
72.33038101869946,54.951388846575455,46.388705546121585,6.289797106885769,1.3285320586872469,65.12127956390661,24.061121804799466,0.6559895363404039,Maize
88.67898787186874,46.59013958871226,64.40042553187646,6.618290878786423,1.1452058066078283,64.35416087256137,21.075809997438952,0.8132292838711064,Maize
87.05431245338389,27.38733362959064,30.84647412212769,6.214927068774768,1.1062446457185162,55.91039652272237,24.46091676793916,0.9926415224030037,Maize
77.30910385140187,44.80796652071393,52.73991970532434,6.293843527369266,1.005665349016588,42.20040532732524,27.52476554318757,0.5977578171204349,Maize
110.31400164778503,44.772679732577814,59.25248208859265,6.485075196682477,0.9938512335478941,50.32776533422394,24.297809823415694,0.747699804162107,Maize
82.1574149108482,44.12468908898081,44.509110205485975,7.143905939492155,0.9820538460176763,67.36185721357248,23.51094417298078,0.7388931462302362,Maize
76.78635928354731,41.87049185692495,51.89481203710322,6.944081072668762,1.0443965555352541,66.069762889544,25.6018227755073,0.9441102009197029,Maize
89.40957782694944,61.73155897456263,45.631434173772895,6.285390686424653,0.7579894300621932,73.64819737246457,26.048618931544745,0.6498818899929537,Maize
102.49022696873494,49.81384529582447,67.69514724238032,6.066606806832825,0.9469279783371491,51.299828928457394,19.065793308978495,0.8590490807169541,Maize
87.29603444196641,50.17741843490594,71.2379474089665,6.401091766288269,0.9157694034685689,55.949313357791965,26.468118382458524,0.6149930462034775,Maize
83.6903840286787,52.400324891689564,53.40775391454232,5.92747608635865,0.7549216401061783,67.00988691061768,25.004820707697032,0.5856706103444126,Maize
88.29590342765017,45.09265670961169,56.621600242521474,6.119686249439539,0.8318101722659084,57.18364603890711,23.750413548761376,0.7857788773955064,Maize
77.70492602640402,47.499900733899246,59.82425257439725,6.636309193201799,1.0278223479523183,54.23293117947223,21.912872118071245,0.6892002111340317,Maize
102.59705852880406,44.16680045379913,41.99176409586431,6.362170815145692,1.040170059455186,52.01188802255322,25.21325820765785,0.7784265641123546,Maize
98.88983180404648,54.964916305855226,58.962728519351245,6.238413062038571,0.8192931106847455,54.39382818832141,22.872061606901465,0.5292509909558586,Maize
85.58308205827005,41.67840946466673,43.95337034214915,6.411578943876599,1.2356901700636662,56.59390432999391,30.179522690138676,0.7255762279029474,Maize
87.09934226062748,45.02893017858406,52.30842780599186,6.621871108007898,1.4153422651718048,48.23743628017945,26.147615145444338,0.7311625896421186,Maize
74.28902257429382,50.39489147466334,61.408612047235145,6.25999060694232,0.9982132264216058,41.19716590393837,20.85298385078916,0.8572044366425878,Maize
85.33583493992566,37.23837917543373,52.06514328012587,6.3537245191993135,0.9058356684448927,60.914608205399226,21.09566660266413,0.5641952180977251,Maize
91.54079992148868,51.78586853523744,61.143442713408646,6.313782718298746,1.1874753933839295,48.72686165223673,28.565523367266998,0.5299343461870407,Maize
103.28478810791731,40.404597252268935,68.1192180931514,6.665569804078696,0.7967966941183556,50.822092163659946,25.952953013059354,0.8578966626423341,Maize
89.29284408275538,45.31260796674427,56.82517729379659,6.536903559563029,0.7412990281323248,48.49620780287856,24.587799857879162,0.882322362474654,Maize
106.15982424162047,50.45670594540015,52.58561684932727,6.709667888075094,0.8666498299586288,53.77415231793429,21.93967319665131,0.5126886083938432,Maize
93.33549011636205,46.298593146093204,56.188872360581115,6.652911312649885,1.0485288542647724,59.45293332542043,23.89329225943131,0.76193370928336,Maize
82.7385559731364,47.58794147947391,56.01575916757408,6.312489200139783,1.0103664197985693,50.01117992296513,22.68373325870971,0.5312605967346767,Maize
102.65774925166555,52.459796223040335,54.83690468804603,7.052214866544268,0.9621508606863216,79.25409932088508,23.43117646159195,0.7382790027634024,Maize
86.02222086059791,47.606278920422135,57.5205343509762,6.468103409945137,1.355343969423524,56.91319427706769,24.6762134652755,0.5636503458229424,Maize
94.18499074550384,44.061809454334444,44.52584243596442,6.282587165718458,1.534352675951337,52.892181998567715,20.35753644804683,0.5952667810401141,Maize
89.48432160523787,48.826669228315396,54.99316869552782,6.689452074497427,0.871027938672534,57.723523548012366,21.809851339723554,0.6070535525478982,Maize
80.82291025499741,36.68127801781211,59.57788539972208,6.692811276274089,1.195333073995626,55.31450452819437,25.942019247162868,0.4358065893036182,Maize
98.63087518045356,46.23983881003521,55.64398640134249,6.606406523733612,0.8025889690926227,43.015681796871625,22.21986458454259,0.7847375921909368,Maize
96.90091415175395,35.42440405832696,41.170105692786066,6.297494007936565,0.9285389879466368,44.10359335317878,20.444870584649667,0.5767247055388669,Maize
90.86253836225006,36.73583962172557,48.957768410254104,6.7963947885197085,0.739644052517298,53.348433932715686,26.56189183437693,0.6372597414454285,Maize
84.2633030914158,53.14447070014532,47.24418128925607,6.809258607057559,1.0857930782254397,52.257242776721306,25.199226326493825,0.7480674270769057,Maize
100.20882821002473,41.16158123494487,50.37085460103458,6.482775609710702,1.1408296283279569,46.79856644444659,26.54244262059464,0.7699493158255625,Maize
76.83074926367054,53.45783977836351,70.10683772717958,6.780513511473834,1.2853969534452938,55.682971052820704,19.846237700653724,0.42338193232487126,Maize
92.55082043867759,40.85614834589014,41.768813495053834,6.482430928488771,1.1231170575722575,43.377939625902826,22.877805949299038,0.9264806024680472,Maize
79.24711619778626,51.088328310154694,45.63742314605906,6.6528222527579866,1.2194655014405735,60.930254135880176,26.27289900553469,0.5272609699888066,Maize
101.13659706741299,39.03114819755626,52.335875890143846,6.572308932359223,1.0970245117739161,57.695653408481526,21.890475053688192,0.4975198881556425,Maize
98.72348679961769,46.30084204263241,60.34439156862036,6.487474778427397,0.7189671278646079,62.72903744803285,23.074073475847232,0.7513005186131532,Maize
83.52540571520481,56.51011197163584,42.11091658235123,6.405519668850271,1.0214897405394632,46.26254138330434,24.82629882146899,0.9417865716201235,Maize
85.0953783930629,47.76599973322208,25.255081525653,6.489099823864245,0.9373915428147589,48.45201918071692,26.70362617407133,0.6510634477564258,Maize
88.22522512906413,42.3596498764765,32.74865715411431,6.183043796778451,1.1922186972240434,38.12039482496023,22.084211625960737,0.6400419915565354,Maize
107.43621867291566,50.38022635847458,44.985465256522104,6.865263835192354,0.851896835899776,63.072798429872044,20.60280688519246,0.8609886747683735,Maize
85.93866354529014,37.80047031341111,48.045707482313176,6.577656370321661,0.9010503138948576,59.43162804796259,22.54251529083983,0.7930558590897037,Maize
94.42222062036599,44.573538617044456,46.02755918870645,6.542431422814275,1.11005074860674,71.49439322185287,26.348551054495452,0.8463984924723762,Maize
120.88512194860283,48.61170933737491,54.36179160180532,6.697124220810063,0.7982068044823494,51.44878690864995,22.734576833269166,0.7971420965829342,Maize
88.258254377788,45.96756397832012,59.787091581336185,6.741682206837159,0.9676557993917506,49.64003922497422,26.838186829132972,0.8160836771364798,Maize
73.93743181704617,42.80792242764203,51.489639158150865,6.718072320793889,1.1820202989879542,57.27124800940379,25.46311882839714,0.709620520356723,Maize
83.26148311819439,43.171149262711225,50.170920679760975,6.4902898099947945,0.6228854191113058,51.82013332056455,24.14051413272288,0.6577945012141448,Maize
87.53176204488415,48.41593959563211,40.289385316562296,6.044148180093661,0.930366041832665,61.11291524401432,28.218882598716597,0.817319235864211,Maize
75.31736240131153,43.373429324362604,52.309709429733765,6.549725512738606,1.1078609105885748,47.663608428313914,24.162357718876855,0.7630484244664193,Maize
98.2567095330366,39.35997283371046,46.893588194813915,5.7429310495794645,0.8757076064844451,50.804680856231656,21.45103872958139,0.7248418225348977,Maize
89.44054567954731,29.18550285695672,51.93957172371581,6.2400692433790725,1.0971377918381031,44.745190018170675,24.07501634632735,0.6575255006670241,Maize
93.0310188495033,45.87288094355943,47.70352242480691,6.069843752067611,0.7045584073077937,50.32890448726225,23.97930029017603,0.6087628079201324,Maize
96.25211930579465,43.045453565518216,41.31488547698441,6.422133037963385,1.0451719672633104,57.59907775059668,28.695947829982824,0.5996635989994871,Maize
89.265213384096,47.982867627735985,49.78919336719266,6.3598269191231775,0.6901485647311513,50.913323527575876,21.315743968205496,0.4410089978314332,Maize
82.04321158329414,37.67035795463482,55.25407890763653,6.668305714476002,0.819224142083825,52.91817095549503,19.354393344718662,0.6258490074725959,Maize
93.98981900702346,50.77456522729872,43.582576264778176,6.794519360947706,0.6968616156973056,45.01897760684966,25.77415466409469,0.9506681842844871,Maize
94.93431988183696,44.71760329426191,30.243346281300123,5.933714824307826,1.0258819073791738,52.1354986434306,21.235412044619704,0.7098298871245076,Maize
91.1513136750781,51.61091107978191,51.22942054711431,6.843950423133628,1.0015988059097627,54.07732004154131,26.660780465617954,0.5532338679937848,Maize
118.14447453266162,47.62680234716715,53.427463275539054,6.647026872712328,1.3754272950663284,61.340059293380854,19.98736005249019,0.9105205577151256,Maize
86.59103420554983,45.75008550987526,38.4867142504226,6.647336565074691,0.8697251419864895,55.80135710394779,23.289752486598044,0.9887519202603777,Maize
109.82260300145589,45.32559219150319,50.575799402319696,6.395435969422135,1.2212012583005571,52.368641037332985,22.94665681338575,0.8467889295497446,Maize
84.6170090468335,44.73571475886028,35.76820296640106,6.697173296634487,1.3881733878363738,60.76980298239833,27.654497918868262,0.5730846795734004,Maize
92.36324282028201,38.39788052941427,47.95011008976792,6.716219213658701,1.0203641226206597,43.69887181919023,20.712427236155616,0.49282541027638394,Maize
94.9145258993959,59.44726174959668,62.26212419600191,5.969124144239102,1.284215187613957,62.49120333611718,20.136750136178104,0.6545197574934253,Maize
100.9552241149581,48.8530345765435,38.218144528508134,6.671007803622935,0.5724998807838824,53.21742259394231,26.84489192350012,0.702759132335698,Maize
85.01062450038054,51.225423776406444,58.77276633577923,6.866811114002746,1.1748684856892775,63.65099835149717,25.832271393593835,0.7398292973674707,Maize
90.89508999763814,43.339181966318186,39.08868536246247,6.232512777530453,0.943597103612958,56.93161727681944,27.602031495010657,0.6937304158186731,Maize
100.03476290877664,52.55520959502485,47.91697882080088,6.666513259183652,0.9512943916550277,65.57708715262781,25.589608345664832,0.5214274367967466,Maize
91.61524652153847,56.53678513276716,48.36892068907969,6.625360208426619,1.109175767547829,46.7070168066832,25.276769873033786,0.49092472719480607,Maize
83.74375893598604,52.53006077245934,53.21080661277522,6.4147462138309725,1.0892922042490376,54.51926201795895,24.031446255879583,0.7985227790080206,Maize
82.72632259340868,45.28235483888283,47.189586248540124,6.056031055111928,0.81590884875014,67.54565157651066,24.961808286463086,0.5014617547897916,Maize
74.5964562415159,44.214852699225915,64.05067879858834,6.447707722254782,1.2613999106808031,57.81544616654926,25.178126144614733,0.4996419236043146,Maize
99.37522921749758,42.65547573908475,57.767832082498174,6.2720324050438885,1.0354098695019824,57.816023631501054,23.614916708560333,0.7606817789629234,Maize
87.33602924807491,40.45658172871104,64.44935044514568,6.7937068025812035,0.8478270509903646,59.547554444756905,22.14330286324712,0.5222973034506513,Maize
100.33809441398977,33.07130262046816,58.34170322218887,6.429237752479543,0.9576906793838943,58.278009756986314,25.45299702998563,0.5760485234756637,Maize
97.17725608750064,45.79359376617656,38.69550686418766,6.452435144597673,1.2762558031117852,68.41275838596557,25.793371144021695,0.5214484767747445,Maize
94.90606902455889,50.95602632701435,56.5313718498685,6.719787200832617,1.0726526158495062,54.42070128935565,22.479081260239955,0.4153096722247755,Maize
93.3964176671335,46.30236990556532,55.01818258542335,6.12548776587799,1.129003337863012,71.43636075696622,24.196125326944777,0.6907502021190188,Maize
93.090023560857,59.226359172972366,40.78717014470098,6.556897941350293,0.8400685155404711,50.62396223324004,23.87602423029515,0.9020984862420338,Maize
108.00990600688738,48.13699501238695,46.61064749278863,7.197966882658785,0.914489103734096,50.4309126851221,19.562642388553183,0.9094137353867114,Maize
99.68245592371294,61.92463875281512,37.49428983003687,6.908287826094151,1.0140271036732256,61.44880173440109,19.88055714723882,0.9202122733997945,Maize
97.8651675133183,44.727629756496476,55.806014188950094,6.28566131570817,0.8841119828836601,51.29244309099683,19.368180345774306,0.829263774130505,Maize
101.91593614182567,40.09059095165311,53.13382714350337,6.425648667103814,1.065654792416206,49.979382070311765,21.79143710978091,0.8578112329035613,Maize
89.36129414875508,59.15476265597433,50.41678968314726,6.2406981487018625,1.2453881752871878,60.04640131316816,25.81718215924106,0.8785901018301877,Maize
83.47203706154205,44.10922683710299,48.45695151660986,6.1385909696636265,0.9472819699683513,65.69103566301459,24.593345259484618,0.4980908008232518,Maize
74.44160588335065,56.6534324112379,49.18712890770383,6.318725142403547,0.9452016470205994,43.181537965461345,27.55773787377905,0.6410420593620956,Maize
103.67401527738421,45.361562001131205,62.86578777111596,6.571874459732064,1.1706465325738151,60.75274436870669,25.55822766562993,0.7521901715774065,Maize
87.67149283884415,58.40804284101002,41.83756713413689,6.501206139856085,1.002977175041519,58.21952602674817,22.926318385263748,0.7472119458384381,Maize
88.31157414797033,33.926332377934706,50.08597057631162,6.191841706751558,0.6531228475102198,56.09498656551508,25.219708355048915,0.7790047063156864,Maize
95.67170707019694,31.47187685341573,37.750847648832774,7.052586002307828,0.7905582479845927,59.886728249093515,22.282655945835383,0.7119509108901346,Maize
83.66745797726406,48.930788082337514,51.23096705585029,6.374478863379615,0.789965576063858,57.14219357994009,20.968203002393526,0.7641221563181257,Maize
116.264849090369,54.45119035883408,56.46513098204747,6.476029956632479,0.6122494745992949,44.42170883279853,27.206982140256784,0.581536587981283,Maize
83.00747901835953,43.84044667021185,40.44158367038101,6.156504754325542,0.9899051854437156,47.86776436262371,22.14745355055276,0.5828213460779491,Maize
95.22360213834469,43.3751201665325,48.39285228895532,6.667144851246487,0.971592078353412,52.77396985234262,25.176125888925426,0.8002296765336446,Maize
88.52926500491395,45.56425442934365,42.96388793240005,6.259008747913933,1.1538295003933616,58.55953650035698,25.138246096041442,0.7421281523088283,Maize
90.46203275814953,49.874883235759384,58.415978849205054,6.755143841453381,0.9798444168108026,66.09594183927071,24.571151704330802,0.7948564288848697,Maize
92.8208789083488,46.72904695238922,43.37823208774712,6.696378234736551,1.5690588789815278,52.001639401679334,24.17748678856237,0.6330692103479106,Maize
85.11980098438066,55.81114634683071,43.943260840452815,6.367257467457419,0.6825014352537397,48.93910620366202,19.72900026761663,0.7947707048817892,Maize
117.99697221837309,42.43324844444634,34.99917860308786,6.751999906040325,0.8546150082139686,65.39477544442832,23.294927380525138,0.6052276466375829,Maize
88.22042444254313,50.30443732655331,47.95321432319909,6.360917083217762,0.9602336794042257,44.82515852399292,24.99257900573495,0.4319910109232634,Maize
85.55878545634485,50.3156964618152,52.72743454639445,6.665289760436189,0.9869908654562382,64.35796944788413,26.31174799192448,0.7669211506371512,Maize
99.27545777313543,50.25296488082504,46.044828379877984,6.123708304726427,1.0840724251685248,59.36871384665143,26.726179977846414,0.5595518087432059,Maize
80.93568940722837,48.219301864154396,49.35949710032222,5.971986749040084,1.0750216327508382,40.18061668008836,21.63685862031656,0.9027522059290161,Maize
108.24879017807115,36.49040542069627,47.03547616328575,6.511934306462038,1.3562453855163137,51.057048417404786,22.807789942416804,0.9323088337694292,Maize
86.25210847281743,50.055411962765206,36.705713313988156,6.452054831654149,0.668080632334719,46.556529752354365,26.09800338788066,0.6925141913369931,Maize
86.80894259447025,39.75875263213358,48.014095340828455,6.584311686788194,1.1965832412923523,33.99882652722558,21.920597064342974,0.7238644363283508,Maize
89.01136884037714,47.82363369768707,52.407862575138985,6.414636998361846,0.8946293608025646,53.03598808211599,26.871855874556857,0.5901988100641428,Maize
89.37193276856044,46.28339549798895,64.04315836887012,6.415913687693832,1.1917613312021922,64.85583522612018,23.84061433752338,0.6683921531384855,Maize
86.70946327951783,43.20923806030192,57.688158745191494,6.564682793631544,1.0470579418339738,45.998211916961324,21.581274806561915,1.021517023716547,Maize
88.2217427471131,39.57659603095148,62.879892490303675,6.578906393631395,1.1156309833729043,53.895623397747734,23.20331727355799,0.6745620441254064,Maize
76.17261829701373,44.38450813406072,52.66429769338355,7.018129705476251,1.0171998130010431,36.32658366231756,23.765036418038445,1.1109256199662458,Maize
98.6636623498504,39.32377739333988,55.31995862987501,6.2922362410308725,0.7292384960906284,52.21304509412742,24.228816098097152,0.4191766746349906,Maize
78.50840709461364,45.072348942276484,46.326441416099414,6.610547155920905,0.7570663345382878,60.712909988426404,21.040602257349512,0.9464101452906444,Maize
72.84241715621684,37.35212010731611,53.756337227286465,6.965985310419339,1.063008607223234,59.50286336145913,24.043842254182646,0.546040231882721,Maize
85.0986165176062,36.516631960131065,38.491610290008154,6.612489697409529,0.7753644035824077,57.55643205378689,20.745443119447255,0.7444574530175132,Maize
85.11317431037037,54.846308735554516,52.91347006021159,6.846019210038359,0.8488706567149615,55.44914672195334,21.547282104709303,0.6379592135883372,Maize
87.3789577725537,39.91899245519002,39.060474270388745,6.104215149377257,0.5320503768585205,46.54922829197234,25.568734741679613,0.4602252201980075,Maize
76.31877153746694,57.53628999863041,44.271535551365716,6.589892882566154,1.128463429300099,60.300209038250244,20.19421442347985,0.6653410480150764,Maize
73.81772730481607,62.124225012372264,35.6461226238596,6.20660473871645,0.7918798290316991,43.02671618621696,27.381484774391364,1.0633671851625244,Maize
85.24250880687383,35.75703797208913,29.86767051146581,6.431649558813811,0.9367269153677112,49.78963098911884,24.55343813494057,0.759275971422323,Maize
93.23083257937901,42.78712589622059,40.085403533831645,6.686433267385881,1.0025027518843062,62.106860198677204,25.97518887368058,0.4867356896429326,Maize
75.65777792542397,39.7112149688163,40.49361132538399,6.711470497273308,1.0702619351975835,63.79347195028249,24.991217043527296,0.7312974372810053,Maize
101.99729780344171,48.28809137814534,50.61290867093947,6.914526849500592,1.023036176630558,52.565275160656626,21.905441853055876,0.8054538188568117,Maize
102.37050541842468,44.64588818996599,61.771240614018545,5.948395791047958,0.988909325038417,54.67924070316451,22.182514068981632,1.057579155697281,Maize
89.33807367311239,42.145884598768966,50.23365902090155,5.939212153212767,0.8480264149310169,62.86591975556323,22.427636612668064,0.5756687255799593,Maize
103.095256365144,54.3817808066628,54.652914249450276,6.372567146469173,0.9521057869767353,48.56680030740033,21.513067202428388,0.5433375267537351,Maize
83.81945593214792,37.75695306520679,35.92665393311166,6.561432747531094,1.0469191161786875,68.60634206742654,22.329154079113245,0.7444150884434906,Maize
93.12712579274802,43.22313707212127,56.69900229874708,6.7170641723182,1.065482219039508,52.954882359617635,23.106174728613663,0.49483691518044104,Maize
81.94082221382308,40.64594733268819,39.88425413813509,6.623178710672546,1.239325573797402,47.7355005413668,24.708603589361594,0.5448833290705435,Maize
86.95077829060838,40.16769294575557,55.417060837457974,6.30993931132419,1.2023320827413293,53.03423381070241,22.375990726012922,0.5120042106482255,Maize
92.5320451029535,51.266528815583264,52.45989130883187,7.126872866596039,1.2859574904940836,52.53977788226388,23.204931415482328,0.7704545079228029,Maize
81.61980819574315,53.16401814572741,53.25440469659225,6.571808495040389,1.1373907335541633,68.78263906695247,24.427388380468763,0.6830439443692923,Maize
105.08719623322578,51.772852911937946,47.1111814365465,6.501452205624526,1.0390761831877597,57.894503556839865,20.608500372652216,0.46862730882976594,Maize
81.12609977997546,38.24683089892061,44.20558387424748,6.677718979785201,0.9662141687350523,56.57115684008151,20.939241474894345,0.6307536695618582,Maize
95.8725766174484,49.16466720723761,43.47883554630883,6.545265468186275,1.4397695706964664,54.859216565954895,22.267032634643886,0.6739356415956759,Maize
90.92177107526832,43.94182133516615,49.71780769391148,6.095834896857685,0.8074739049828097,53.80531810342802,23.586830074943908,0.6150716087709999,Maize
88.22986413923563,45.427103987899436,58.00472110872073,6.472220714136705,1.0798206410596507,50.66719758852863,25.430239308996207,0.7563595446418535,Maize
98.65817003179819,49.99422323711141,55.29862060593032,6.472443125575822,1.0489878454088937,63.50807142761221,22.369813576493016,0.6057388331954701,Maize
91.81431397950362,47.90695783185817,42.58304150662396,6.479066482244273,0.9812002451542431,37.277759075172234,23.4510150268531,0.67640232507273,Maize
88.3970705717698,54.91139992204088,39.05781531342012,6.269105680062708,0.4775608403361332,51.15266667060688,23.010891114685,0.6235034235498615,Maize
101.0767733948376,51.02432265635874,50.700710518405735,6.396228345008838,1.2052379336213728,54.84193712131319,21.954324902703856,0.4425626983773172,Maize
85.58685506104317,50.28250532020826,70.4888482058878,6.517250896933053,0.8469288969759391,45.52027833372629,25.379887240763995,0.4353075921423597,Maize
95.50345101404888,50.723981243840385,53.92651507909578,6.438494731857204,1.112988130709363,56.3675069690264,22.05469039534852,0.9775618483562538,Maize
86.48320620389484,50.430266103149364,28.23247145573857,6.8574118471786605,1.2937527489309164,55.23867029701311,25.396927586844395,0.7837772772411343,Maize
83.57216430359276,48.829856138075385,42.722325771147,6.329548061379309,1.2253886286424598,62.79726152560162,22.234061244710517,0.5899635484748439,Maize
83.54403397542328,50.128476965258436,41.00013697270643,6.599879538930066,1.1493693621268588,54.2940363976552,26.525159242162317,0.6543534745765311,Maize
87.86144399006085,38.159276382077,59.154596128581844,6.285374274845917,1.0699543635430118,54.429471462992524,21.368042342220843,0.6086345284265018,Maize
103.82872239040734,46.411602798441365,40.91764692769842,6.585491920457634,0.9707771936810909,82.63237121795345,24.71280960335568,0.6429062729400453,Maize
104.20027917787104,32.11274682895008,50.84888140742988,7.0584399785107,0.9767601431280492,41.13359164281537,23.010205088973507,0.9181777061438554,Maize
93.76069596320771,39.128007233412376,43.83281473538879,6.343283924078052,1.0722395768107993,65.70556906350923,26.63105753199793,0.7684018273163692,Maize
76.68355239942517,35.70447240204591,54.79926819092387,6.1232680925787895,0.9548865957862791,57.433203569489415,21.15601501159328,0.5463606498461704,Maize
89.05878935432182,48.52555201266838,59.55366893372381,6.669974961735755,1.0147313189984388,49.0304419715436,21.322732510388704,0.6233684367506278,Maize
94.09935584980568,47.3563659463914,31.1008821284739,6.280010432085099,1.240901510321231,55.63372038243312,20.457477717242536,1.0533731772397226,Maize
89.71058267685235,47.690337715193856,53.59572280440621,6.397073269475148,0.8544852636357212,71.97339988052752,26.508014674044375,0.8232905801663014,Maize
95.7628919171821,37.976778267468205,61.49777172566246,6.26392285575671,1.0566573596301292,41.88488075628345,18.8978528733812,0.7477436803979671,Maize
81.90900732805092,31.075827000919087,54.86548552652368,7.093622615894221,1.2779120517160123,52.94145691787462,24.022113266742366,0.833155938517587,Maize
101.22128019834906,42.59524996822011,50.30759944152117,6.58417214589407,1.1107752640557664,53.93538846390987,23.699786887328138,0.9069748494631582,Maize
102.09520702442886,48.34187401405262,65.47198163020636,6.391795186576603,1.3245946897258762,59.3401235482844,32.177565305536476,0.5211277109826283,Maize
83.10654747782658,47.931584797403836,53.57510647681093,7.046038915569005,0.8663250633400932,62.23934814955108,26.90615751170499,0.8056971748330971,Maize
80.3900365807568,54.854311636779386,61.063924381838724,6.667883665541305,1.040869537441791,56.80886408035497,23.803160519401555,0.7961177701378962,Maize
90.31134852944977,39.06032517253151,40.56267519655167,6.289429848977358,1.0444264485098904,54.78435330851834,24.538359483221875,0.7751219700319166,Maize
83.7267907408312,55.25962117841743,47.59060255657273,6.378640444261177,1.0964772474664906,40.30791838099942,22.0236638756927,0.8471609198037748,Maize
72.62578070937889,52.823019378532095,63.600229097232216,6.396552505409351,1.058362553485262,63.95269667880821,22.833027029891202,0.8301663280789272,Maize
83.28851204869328,41.656783946667744,42.80597182107524,6.595941215774545,1.23159381051311,53.52709654306268,20.82187710021899,0.5375939766569776,Maize
93.9459942137054,57.90881489375988,53.54352499382958,6.391668965817649,1.153236793370057,53.08401091530603,23.054286956589483,0.5562311341457105,Maize
104.08448844246357,27.225544577530354,57.180732802513425,6.3701514174166896,0.9179318537096774,68.5385212489425,22.21467226949987,0.5979896268957384,Maize
88.6960576108047,47.89693170068567,46.02329795936417,6.059319499449952,0.8268603638236469,65.25067085171615,24.186941972838778,0.7676630925555733,Maize
87.38578792826962,40.383516126787114,65.0981250488787,6.447306280025697,0.9113260240945746,63.769138930842715,22.194099102831537,0.6107908984339004,Maize
90.10246684016899,45.001890728617255,52.33650213112893,7.085667345030736,1.0672496492704742,35.9755682979936,24.815747358578903,0.7056819991734398,Maize
90.43450024351458,46.721631165773196,49.74189541092681,6.485268613944491,1.122608841954157,50.66335362244399,21.63078416090206,1.1535672178933587,Maize
82.84142556218767,45.70100038722053,36.53905774212169,6.532611156214398,0.813354889862133,51.46021645719991,26.612661664427808,0.770801435256711,Maize
95.6840952457482,32.60156613125696,66.53205652846111,6.166273232936275,1.305712162858773,63.17235092785189,25.4433318544617,0.5717522828637427,Maize
91.51589844819523,41.70355012548598,50.26135614354762,6.430035767456043,0.5922778986855184,63.974273207876706,23.7972321086266,0.6272799400746644,Maize
84.39672767170232,47.50921703456738,41.95619295534975,5.8685508436272675,1.0814259606416552,59.15282398365457,23.50092043830592,0.5278145687214986,Maize
90.88935540889285,34.74827342180488,40.754924629811065,6.289804577778835,1.1687878141783112,52.099112396504665,22.880333970558848,0.9932038773116869,Maize
93.52462497188714,47.372961573323785,46.67269329312103,6.333015933061702,0.5627187119965699,62.749924255388464,25.12077426439095,0.673125101017988,Maize
88.62773298163744,50.15300983582738,36.00760934228132,6.334833227164935,0.7727394274214939,69.17207425989398,26.18913882963325,0.3695961038296953,Maize
74.86238373360024,44.073580286497595,45.74803809134818,6.1291729817384715,1.3889524475300978,57.500319311860636,25.18704080715773,0.5961977576151679,Maize
97.22274147178003,42.33697067312592,47.449911436632505,6.671080548751073,0.6742004869879401,67.77622287880786,24.455973036809688,0.8921416313170636,Maize
79.24580243381182,38.53784413180265,39.54289800560169,6.570083348346155,1.0131966603836493,51.284705446150554,21.464827017786803,0.5100105595403737,Maize
89.51516099529344,41.7408925428798,43.829537068775636,6.933185056116851,0.9835348643614532,65.1603434714154,22.66686954329326,0.7367164425697985,Maize
89.44523983743665,33.11664383337314,62.855044756375214,6.462156990030923,1.149283643926592,48.98377022030753,23.587889046050588,0.5699721460114968,Maize
102.35998482763394,47.17986543215473,53.30348174012799,6.880291561189394,1.2312682593798046,61.12274028909028,20.445681632406345,0.5956481320724974,Maize
79.96111863988648,50.092735855380596,51.535867475750464,6.110656518583434,0.9622511573977545,43.04710131424977,23.8671087798256,0.45169412440192225,Maize
95.28827493384613,47.64573838223851,67.17153644012194,6.737404521059256,0.9154171488354994,61.544560746195884,20.505840297637054,0.5556291094478372,Maize
93.3314253207511,29.89225236076451,49.66555293559505,6.214326278206842,1.0202614110306527,46.37810913562189,25.06062034363797,0.7028991135501084,Maize
104.0036591688133,45.04714173871135,43.082214755346804,6.430871960368361,0.7311527205966537,58.24909803764352,25.47462561578818,1.0703794055039226,Maize
83.78164009395596,43.125437984273724,44.81817328005606,6.559391836316743,1.0763381068959228,54.57300124457191,26.71581479218258,0.6074530744367833,Maize
99.86174047890712,48.76948497548758,49.89173072090948,6.411817740587999,1.4853335517462738,48.463930794063366,24.744832942421038,0.5874671394636801,Maize
107.85620748621307,51.20778430159442,43.894851090429704,6.643526598160744,1.051539144255311,50.86700190420209,25.895410543070433,0.7583958086656615,Maize
92.15698713885952,44.7065620213037,53.87949043339686,6.564228545217889,1.0118186666050035,49.87187267209949,28.234415601906232,0.5424370084977179,Maize
94.27636218879745,42.75831480388997,65.8359254250437,6.247024889577324,0.8529473476479336,47.2414554939054,24.808662627376524,0.49404240106470365,Maize
85.21471505242233,29.933439240020007,52.163792187152815,6.359939839548247,0.7023886512136294,63.68487522379247,20.730832754037653,0.8195415535042323,Maize
82.98959176012195,56.21099964526798,56.745954850335316,6.217746596155272,0.8165834895579387,59.84420164179448,23.344054673224583,0.6745986239467952,Maize
102.72238861772098,39.759177886410306,50.82164394957909,6.767295782222646,1.16182349767712,53.72309865983462,23.277735297868354,0.43917768062186024,Maize
79.43755007334804,47.22851458602314,48.759060299519874,6.520979581998543,1.2078507219268122,45.5014151275018,23.409549244418375,0.7283066445116826,Maize
82.95840062425484,55.020339797491914,58.17728121451833,6.581237331584852,1.3588463558657173,43.00883776311886,23.980684297235797,0.7549505453401091,Maize
80.85444953206078,47.105001792724096,40.040757555909096,6.693356049116791,1.2115669536257814,57.17866720902663,19.368005462337635,0.5549809718250948,Maize
95.6471000321316,45.14839050458656,25.75397644076761,6.847992507483108,1.0273313012507665,48.44740268799964,26.48738899391666,0.5983689980639652,Maize
83.11547882395786,47.508468557098254,66.02934613318065,6.954604409832408,1.0719422997808212,58.699085270802556,25.978747330212062,0.5114524486945976,Maize
96.44148337151982,39.861485722995305,52.866302601169224,6.436309064269945,1.1002416654228429,55.944827720051684,16.31742432294675,0.726833756755777,Maize
96.42152952299263,48.12149843836917,49.07672648412278,6.959805273740514,1.0622746258243323,58.50138640154485,26.61122973512642,0.7543889499544898,Maize
81.01982246585797,27.931638103542642,45.70591188183727,6.713064747246713,0.9293807337164388,61.40942697825383,24.371820439800683,0.8932099105393276,Maize
87.04783292879338,48.273303785973816,54.55296558081823,6.920448524336734,0.6586725387331445,51.33273380357474,26.12129026347126,0.9318844719667971,Maize
92.4007151264208,42.95107084904959,56.81406531807,6.743236749064871,0.9280676642665385,57.64245849742037,26.951318156029924,0.9835688489911677,Maize
97.42604959235292,45.308972276659155,49.513323415658824,6.656071036014215,0.97686543150411,56.51712399217911,21.355309338672814,0.8945585794736738,Maize
78.59815272851321,41.97521767682891,50.878339347666326,7.057476326368819,0.9154634030295346,49.67187348831683,22.622957706665517,0.9488345751416968,Maize
61.876530064939786,37.98083391495989,74.58159838243597,6.665446980577658,0.778803010132156,54.66465614260183,24.168636415169654,0.8269187868858409,Maize
108.39502002822563,47.71986176895451,45.14190527288335,6.720383643787497,0.8603494606274278,46.73330003208777,19.600227820108888,0.46523074082493987,Maize
81.03554843875727,36.7554716260939,52.819128746372456,6.16416748876927,0.3712667395950512,46.64870580328427,22.820350880696452,0.6091825768192052,Maize
105.19524679309184,40.70520208497595,57.92831116879278,6.494684872089358,0.9915390548654802,48.316957689215705,23.85304337104808,0.5852355809653874,Maize
91.7002431425457,43.34625257163418,41.498348601275595,6.777730415116166,1.085368096004285,51.41549812686201,24.363732617588276,0.6874266217747054,Maize
81.32409062736727,45.493473603148146,44.41089420673363,6.235418526026372,0.6754465339466951,52.131141171690956,25.417426648959307,0.595801096993171,Maize
115.2070869215797,51.19979957556912,61.7389711939443,6.7226680433806525,1.3705729949877146,48.70398413221966,17.598156535853448,0.6330811587470675,Maize
95.58218575547538,46.06061880223585,52.47925349871005,6.869854800747564,1.0764115148925,61.39130342072817,21.6510931453681,0.5356909466175944,Maize
106.14113923024487,45.70631074602947,44.390937348984785,6.3260095418068065,0.8701753756723485,49.32832783163327,20.792130493490852,0.4749369396669237,Maize
88.04995622345581,40.8495189077572,59.964433568989655,6.582061462914736,1.0530635360155967,49.05503673956439,23.69742896055006,0.754150165544716,Maize
97.16195739712676,44.34275721437144,59.71211401391788,6.502237006494224,1.158569423703536,51.0811823312868,19.468529083578396,0.7402538482027784,Maize
97.25324063146626,49.02743132265299,53.79967995293696,6.402395649532604,0.8386507497108815,59.413826152350246,25.066118540495687,0.615865136373426,Maize
101.09424189192057,38.8199413981668,44.74828959088064,6.958199059455667,1.1737163875467824,52.13592555287182,24.718451774108875,0.7232188366785757,Maize
62.543861350226216,38.654682353686326,49.542380446016466,6.400148786563395,1.049420512966084,64.03585850358336,23.19616053836518,0.5413517805815702,Maize
93.24851658511045,42.713636665025376,48.59542849260288,6.418303358637138,1.4483675600021972,37.07436591201644,23.029165242168386,0.6994466461527411,Maize
82.18857507717222,51.29878082489798,57.319319108476755,6.4866287068232085,0.9458652489312611,54.10434532614683,23.738033365880472,0.6882440457811355,Maize
88.12000898483201,46.76714520214675,56.778908583450786,6.155527158672398,0.7898672201533702,41.01185576413181,26.165993500893997,0.7375484939785695,Maize
95.0526751593277,34.99351233145572,66.06453310592124,6.329521745719299,1.0336411614222512,61.835077285426976,21.53255061050982,0.6180513462231,Maize
91.79171774600874,65.00231152825295,52.71012268566822,6.949781122176601,1.2411346290383911,57.94408029195615,21.527010570923302,0.8589630416227352,Maize
75.01889658351953,56.206125865739644,51.800047773964295,5.75793740675651,0.9318987809936322,60.231582567383526,23.40744031740058,0.807250871649036,Maize
81.49975832287704,35.858123390486746,49.35699137257155,6.508838386841176,0.9303231297875357,64.81832917313754,21.874481562152354,0.7469748410998523,Maize
90.67969971163625,34.102988335047414,38.12872834698339,6.503335084549617,1.3962399997373929,59.63415849519049,19.68591293713842,0.23342679023209933,Maize
97.3305359300438,44.326505619502605,60.27139372559333,6.253398982200796,1.0700424995717053,61.7693877042229,22.881340904483796,0.6360871644653402,Maize
85.25262831098391,38.798734425922305,34.8709939593928,6.472718974572657,0.907612962146594,59.37283835629512,31.94243842028295,0.709304939518633,Rice
79.31557916282253,34.53937675249471,35.60462998688583,6.091728580103281,0.9965132206101982,69.68190214857461,27.437048317552016,0.44637688115190266,Rice
103.8087630700785,33.968981805258096,40.225603575022866,5.814131624370473,0.9057999477501499,64.62147306943669,30.674309411271363,0.7121279589746177,Rice
92.58079986940092,30.447056831287632,30.9264295431145,6.131245953743808,1.25676902536586,54.88117872775905,23.71084111181392,0.5079042251465276,Rice
74.1249788023855,29.31879964165525,20.4696687131865,5.994438630947893,0.597057103813317,61.85609020985855,30.0010509997755,0.8605382105421655,Rice
86.87467672172528,27.9805501060462,21.175235368597484,5.881036298850401,0.991358034620797,76.94541423781335,29.2559185428383,0.8945918543725,Rice
77.62443135932055,35.17184882682792,32.107917229664785,6.14366686622147,1.4074255793919626,55.9039981039711,26.41330796019435,0.9817623360794235,Rice
70.34108504966461,30.493768023136248,30.238653521891244,6.1374788778248845,0.6808085680787566,74.76228848270432,28.66571820628286,0.8762562987526922,Rice
76.29626325708918,35.605575535511065,26.905037843878212,6.1068729349839765,1.4306935854341756,70.76556302077005,24.031183560032066,0.8270503010995871,Rice
71.48204073936691,26.606927252394918,25.62989177646088,6.075593353385209,1.1873937991178403,74.62718558413471,28.307488320618322,0.6351613151614187,Rice
79.58685644564352,36.904007748182316,29.345120131504284,6.122057396715693,1.08827173850599,67.20981855038958,27.565148972755065,1.0389092684029353,Rice
83.28141201013003,43.255364668034446,40.03433060576622,5.789172241823706,0.7795725941472952,63.33123293544083,24.86291270766804,0.7864565380839779,Rice
91.14644048081823,43.78610891693306,37.77357579852574,6.075209724305101,0.5835517512740251,70.56471660333871,27.06442548423748,0.8274393130308437,Rice
106.06240297703333,43.68417582335151,42.06554826424987,5.9306184035799525,0.8974010501606513,69.24124314457198,25.061482189974114,0.8750696787477678,Rice
88.56908849215705,27.381845448617153,45.77135038186512,6.228646893466481,0.6541857706515497,69.58925713324024,27.70301613980726,0.9459188542153611,Rice
81.62523596873383,40.79556787213045,36.684277880931944,5.831784709469478,0.7169666453034973,78.98047896119479,29.989960445954424,0.8484363845607085,Rice
99.95706721180028,42.39626894329125,41.15265856531749,5.944832783154572,1.3462857502064687,74.29041145766618,26.035403063470945,0.6997594992042053,Rice
87.56783781513857,23.302586406130814,41.29705947817576,5.933000171885673,1.0741216217648573,65.82703730113472,26.33895321818824,0.6864635190852403,Rice
83.38770568819199,48.22565682212148,47.465536643437765,6.2992541073987285,0.9949411468870095,76.75360952554308,29.82492598526889,0.6755272426688707,Rice
84.22561132367798,22.246292393023438,45.107918992348054,6.77820679215624,1.0160165249246171,52.99991900077587,28.52222629144258,0.664386625077638,Rice
78.3665055833554,39.38603472853703,37.29098712961452,6.063329542905191,0.8700788734796672,71.00668844176666,25.976336118719082,0.633614429959549,Rice
81.6743681852164,37.377148362786286,33.3970687986233,5.804217592490509,1.1978129242751079,48.089508504453335,25.88408711242891,0.7069702318169127,Rice
86.48178877871415,38.93163265461915,45.14088327434932,6.000526635461395,1.1173164674666964,71.56654710305169,22.721151562041943,1.0850810383151166,Rice
70.612248727598,37.93648090616801,38.50963949777973,6.277178299052141,0.9010846235676785,76.61802120912402,23.09908131514226,0.7901256816989116,Rice
79.36125323447541,30.25891440553078,38.85873008708191,6.5016939919615115,0.9313488476326268,76.24544871940623,27.124351663611495,0.6660901686142988,Rice
82.42047906758935,32.90359876445869,28.73006078745098,6.319975220023633,1.0469292375409518,57.274802413844654,22.871185011901606,0.8637026679808633,Rice
76.84713571205465,37.11428808570227,42.02838420298269,5.844133205526443,0.717692549084763,83.39545345916235,27.878926957406147,0.7371139014990093,Rice
75.66059547353737,31.426914057649043,24.284848974980207,6.4473554087453655,0.8446497692787358,78.74827670573013,25.99842770057497,0.6434974724574029,Rice
80.73698411986199,16.63083255749008,33.91308280993394,6.1523666264835555,1.1649485493095935,54.90956057613296,29.904665902158868,0.9230898942496485,Rice
97.52043563698663,34.63095036797104,44.1250715069248,5.788051670226067,1.1426095130409066,63.83069790320044,22.871495418942658,0.631378922275346,Rice
85.0553113862927,29.229905542476775,38.384661785262196,5.693693484598875,0.5745804912768276,80.97909947314861,29.259500323503588,0.6426054746129289,Rice
84.9700035652946,42.13654942140927,38.77280547461545,6.241502466931374,1.2190308162625194,64.15430019839023,27.077946121661572,0.7973227042561413,Rice
82.27237952328957,32.27136142005474,35.655814140456414,6.209634098875948,0.7903144714930949,76.41436727920357,24.559036980584356,0.7672649833179239,Rice
82.04719527279948,37.50672528861451,15.928064538044005,6.449454748180249,0.8646019304775672,79.75970635821643,25.804587688709614,0.7926734621398984,Rice
104.13786040068423,33.05863253844432,46.14964896206113,6.210932623958077,1.0830837660586978,70.559668715291,29.11962906575031,0.6971702580720424,Rice
75.15951476980814,30.529966667360846,35.89739338691682,6.138170740045908,1.1420549752942353,80.43785359857216,24.56040415691248,0.6899076812579101,Rice
70.63760581687146,49.21261093531373,37.742025492096445,6.334344649614442,0.7319583229937903,69.990640087945,28.273119961032712,0.7620863464198363,Rice
95.75705624826395,51.18281787949981,26.476434556154434,5.913815571126525,0.8244487868942847,82.84959328013193,29.60588829257421,0.7796708273309527,Rice
85.36559664400875,29.28419461662295,43.01024441968866,6.093627489249605,0.9479846921090002,74.87031817223405,26.530012654791946,0.7647551009753231,Rice
85.10575205529075,40.56748789655153,49.8184376793545,6.363936145028903,1.1606628447248535,68.401167503191,25.230505342078207,0.8980979348352673,Rice
86.71240824600571,25.041599458751755,32.04737338916962,6.1767888334251655,0.8979084265943043,81.85388475633702,28.199597592255543,1.0059762376832972,Rice
87.6342526165216,35.569714854975544,26.570619641507758,6.203340269295039,1.002610785135088,59.063088927726135,25.65118132557401,0.7515076102225456,Rice
89.13479544055721,38.22945078389994,29.768133662313154,6.331283488711728,0.9635842141302966,47.04303980116035,25.788244920121144,0.9618482960213568,Rice
68.18194243372321,35.78883840290878,49.267350927667586,5.987028373157066,1.0004298160855372,59.56786994217663,31.06807785415893,0.7875001059505079,Rice
85.46626842794018,44.48010325853936,40.95330555180933,5.954823954900913,0.8705444151825368,73.95945043618639,25.43969736234265,0.482413503181921,Rice
84.46759201360922,24.638511372126334,49.54653578207353,6.249500538573683,0.8189649886512849,64.41094068270037,22.276506030315197,0.6350807169829245,Rice
95.16323202540698,50.62250301844674,41.53756861879063,6.174228089186112,0.9136081248692167,62.3480334913891,32.14941474834935,0.7716876947203438,Rice
106.15629830062504,44.754636567270424,19.332832117883537,6.013533329187398,0.8661909751652355,69.36122908715409,26.849214367215616,1.2494358643097214,Rice
74.22772125525242,36.60278954965073,40.54856968221023,6.199559838748625,1.0220361155562716,61.6415288455473,27.266215486506706,0.8767098494261558,Rice
88.27600584271129,38.99140632738464,47.713471105726086,6.462350631736016,1.0142589226994874,60.62593318493378,25.4999868132222,0.7670553272123878,Rice
87.52345831341448,31.651670669504234,26.578401207340836,5.867304367046306,0.6697644481888938,68.12039436980345,23.325836394824236,0.6499211473763913,Rice
81.06098127155697,25.648578834259965,38.41776969648827,6.407262457809592,0.8901145960449203,66.50378153911998,28.343574425347693,0.6929007354147982,Rice
77.17266088402705,43.37548934730403,42.957689648415084,6.368434000656298,1.1851289242788186,54.1817701970611,30.384588866982767,0.8588093174875614,Rice
95.10781384005735,37.71013245381454,35.44032342212141,6.122913420538625,1.0734288753772412,67.50601672876358,29.16969025016278,0.56203150331717,Rice
79.58424138205723,49.313762739336525,29.365275827848468,6.133168557542226,0.8234838133299848,72.6867653830866,25.159337774644513,0.7721583597789425,Rice
93.48866536035071,30.10865606829629,42.09750007338699,6.4302242083569,1.2109912189438587,71.12432795934433,35.103147692441965,0.9581800544813124,Rice
88.24877624406827,28.868529101427853,34.12646786713273,6.59937155353201,1.3419069231252538,81.82663280352183,28.96298076682405,0.6116509690556643,Rice
89.8716181782567,26.310183353629014,21.612759259573174,6.266964431681627,1.1046398894539502,77.22701678784644,28.242840600965234,0.8797378978614123,Rice
75.15347415007624,34.26516320720734,21.43594892928961,5.639056643767946,1.148128541968615,63.97500484967233,29.181246255357635,0.9662521366820058,Rice
78.80682675376802,39.13217766188709,29.049589442477227,5.683153915104489,1.0246618808884917,66.23300896227391,25.899777473532172,1.0963014676768288,Rice
69.74143017267329,37.680097947600295,26.04673486569724,6.454313194594851,1.0596862472350133,73.0347547934449,24.63777595599435,0.6851618130067515,Rice
94.27250507345886,47.39558405209294,39.32277035501768,5.948722198183999,1.0677877044924136,89.41977635470087,27.25605702679728,1.01927612890904,Rice
77.59670634161287,34.70539763854529,40.57608685512989,6.311251926313602,0.8467222639777678,63.5238603429552,29.47071100775665,0.9787326218975219,Rice
100.1214355812192,47.627513382770076,36.21157492690337,6.112864211615154,1.2701981877556938,75.70455425481269,24.543861853331023,0.6449546501721634,Rice
89.9193020135631,33.759077369612,34.76213040733372,6.500309342118855,1.151807428997007,80.63898598734745,22.171159734066585,0.8380096875831802,Rice
91.94688522397206,24.31389900318621,29.10593922821025,5.964664154547902,1.0043396342119832,83.02283174955251,32.056473511662254,0.6778568670390077,Rice
90.26557250493575,38.91158496499621,38.48863194363273,6.311714297726986,1.0607485004902657,83.50056096645136,29.756166285920145,0.64097691536026,Rice
92.9572108088055,41.24661362158017,37.8347055843661,6.516798823740764,1.0376148068598074,71.60374176861,27.303101361692608,0.49726338713004975,Rice
84.19601606094126,30.322245978818003,24.321968196266987,6.601525119727066,1.1008415037068915,69.76135135244361,25.587991622243933,0.8444254376943111,Rice
94.91436093317513,29.211239095171415,34.95654464951051,6.443058619678329,0.612799774183174,69.53944190075677,25.926771573631154,0.779925521336745,Rice
79.98371443628098,35.96337223645107,52.31264498380446,6.1093017073000055,1.0583422018188213,85.9579713472729,25.624961054068613,1.0722013023393453,Rice
85.05323006627107,47.473273581054485,41.75181012451687,6.285990341523078,0.9868738636226827,65.00766848096632,27.189478874910883,0.9346042188530037,Rice
84.8688856900333,32.783640364567,32.74295719240004,6.477893451803255,1.2450322910199711,64.66279588985304,25.328530356381275,0.8569038379500669,Rice
100.27532064757254,43.02193215818792,23.733330090380797,6.1260587284022785,0.8138792890620975,67.85989982467794,31.011024990088387,0.5866099026825475,Rice
68.8113470671981,29.200120925964782,37.58579542318394,6.373811349779412,1.0874896869723067,79.40548322584813,22.592286014415176,0.9782504807538406,Rice
81.87904679953708,40.120460168634075,23.089171159131162,6.20138787516254,1.0472541541178026,79.24600829998735,23.036863443480588,0.8046128822802356,Rice
74.14764708857857,38.53847230945792,41.99494882810514,6.560407667902265,0.8929941091383251,77.41781188551032,30.402253968692634,0.55351295452168,Rice
91.12344920098451,41.709578776460745,32.67146252251306,5.860983398292969,1.1885911512219327,60.40392937953794,26.554121413722743,0.7939813913295007,Rice
92.15538051703999,30.613579083412272,28.838746800549306,6.227696334053671,1.20127809552395,88.29960000522517,23.231297000553063,0.8473013026679868,Rice
74.13464973765709,42.131678702447196,26.553099074216902,6.011098498908949,0.8821458281872008,69.39040849024157,27.80799399214677,0.872555209041277,Rice
84.94232453817217,25.69076284291593,41.5500753527917,6.185171574174352,1.2323469580029398,64.3380897641605,22.994313181622513,0.7948960995975387,Rice
97.95952688284265,36.12659495631235,33.20297180744429,5.956302835055919,1.3515532933361645,61.763179240921765,25.1865143559294,0.8855051294126035,Rice
66.4397931011321,43.922134657669375,40.6177380279562,6.451784700107111,1.1116234023899307,68.71101186034905,24.342128224611443,0.778988683816256,Rice
75.24763688247366,38.40308717053468,42.26101847493292,6.613506416735499,1.0743535281105727,77.39660285276149,26.257138156924643,0.7282584292987708,Rice
89.73671890816802,32.29468989098164,37.42267209944892,5.902866186986082,0.8236744635047397,75.08327440814632,29.21672518851524,0.652151574654998,Rice
91.7061431050642,31.270850288753078,35.14854658580279,6.596744436421381,1.1614974468045898,76.36697590417754,31.771975896142415,0.6944180988425304,Rice
75.14125025007453,29.945144108399866,32.70949051934046,5.54072582799827,0.9585143526606379,65.64343414484071,28.9593994184945,0.852862906851506,Rice
78.99303372230663,39.12972591754033,41.509367538413926,5.984807178858405,0.9013951489235164,52.197094503216135,24.273350064076787,0.6886295659364633,Rice
85.74166176606022,28.382321244481293,30.37893211655802,5.8569074091568725,1.0342227797062542,73.40571675667925,28.005913371049555,0.8018541697857889,Rice
69.58927003498606,30.660324352750045,31.33423994913364,6.087077312382225,1.0149962435979674,81.40433097896815,29.0302405317115,0.6518723330226959,Rice
91.78402875296634,39.48211657366015,27.745392743435914,6.437682458337923,0.9679246728109473,58.72037207988444,28.138006811592856,0.8325442735421786,Rice
82.72322370814172,34.7378284051169,28.52823069000384,6.37083654106319,0.9913098730982148,71.33159075158582,27.89285481107218,0.6268121578360513,Rice
76.05716978117948,19.530388782686536,40.082680326413666,5.860581193350906,1.0265139419791305,72.96790579951642,28.5058820972313,0.6193974629245912,Rice
84.34838381859309,46.69196294551424,50.428832119858846,6.476450466327546,1.067498627763768,61.95914888923698,28.796554063477632,0.7762968156879739,Rice
90.60528275272844,30.570095816035185,33.44360198444064,6.2459612608213995,1.0492556182987718,73.94978171568198,25.55201253868775,0.5985073321834696,Rice
101.24785039899794,52.42477918316351,39.02678640082141,5.829282213475569,0.8453609766314246,74.07294055240776,30.352789029203215,0.6180664048187217,Rice
83.75667179151098,36.37152445110778,42.781206061572874,6.103791693567894,0.687237061735615,74.96958047562322,29.811989912928095,0.787611280738226,Rice
89.05240091306432,31.678561394010504,27.38804484746695,6.487399190553221,1.0774991695628922,73.92294879521506,30.75528786998653,0.6417736498522141,Rice
79.47973731840578,36.105533441842866,29.921180860148823,6.419278229876286,0.9625201558192031,62.05973754002248,27.164429187969155,0.8255508156210183,Rice
94.3468206289633,37.75198632203197,39.150317522238524,6.289681671522023,0.9623554957416139,64.27024707910988,27.72209587914844,0.750031285117454,Rice
101.89822620441015,44.39527606341253,40.695552191164474,6.305970743002036,0.9824081898037645,59.91101014922292,26.459569441695088,0.8152100050107886,Rice
87.29456474444662,38.286754569110784,43.29197178089917,6.006196859925997,0.8633848785581977,81.60685343794528,28.92745397298287,0.7413843586800019,Rice
83.92788831047763,34.28100237327571,35.28416710053245,6.332351265826812,1.5069985492199662,71.51805248930123,28.656495376063127,0.5470284940714787,Rice
80.15100007221164,43.60170501901624,38.620838522209546,4.971047916237846,1.1348046404632393,85.34531515703016,22.010231034700517,1.027908151346827,Rice
57.28044369374072,41.565992615373894,34.92216236588984,5.542008059731508,1.0892275654479573,79.20671799321647,27.909717509553932,0.887724145558942,Rice
80.88323887660938,21.970271713452846,41.22677620103358,6.689931097444963,1.2259161708454918,54.09699336318923,23.212763981972664,0.673104838730399,Rice
69.07024548719856,35.30932943689228,38.5407422466247,5.799529080692137,1.1554256918551056,74.80883155216011,25.629602187890743,0.7741217021024024,Rice
65.50198824346968,32.67416490599048,35.06646476717293,6.247249326663893,1.0757753824040348,71.95393394584458,26.339140756835825,0.8429292413831475,Rice
95.02031993310248,34.33151348683249,37.85835401748509,6.147872102454047,0.8706482167040858,74.18303733534083,25.611935139574488,0.8579220351488286,Rice
85.28255371510045,32.872457264359,32.046714510680054,6.057726122123608,0.6708397655821972,73.06316076129353,27.5788670631958,0.9274505378672742,Rice
79.68543097693205,48.26768537833667,31.582376469353303,5.9549693001854855,0.801263016031467,56.1286207741627,30.83156973098282,1.0056601086152994,Rice
91.00745162884758,28.72737834556954,51.30140913403208,6.101518634773936,0.9461948337546695,81.49807264348861,28.647276461202182,1.130165470813189,Rice
87.48722260319019,32.22078440294893,29.49375604886184,5.682841070386624,0.9442808454387591,79.15674671061905,28.497085431640173,0.8030462009840609,Rice
75.0506555618367,36.58811112608916,44.11532334675836,6.3206013918115955,1.033347033926672,63.62433877375035,29.167954535280032,0.33021427718837293,Rice
88.82845708865145,52.99225386661219,21.42463951401338,6.132416552683618,0.9984178019750547,66.29933748754738,29.590935606397448,0.8708676521532952,Rice
86.52300372547319,40.58090792818496,35.15075638164568,7.0903620568705845,1.0302693867313482,71.56225678791763,22.723829876066812,0.7184824509044865,Rice
96.4737768179981,25.651802047480892,15.581985431282405,6.209048331932521,1.2741489014949956,70.339049829569,26.159688493434142,0.521226809338853,Rice
89.52254122702193,39.62892576218131,18.964407508090098,6.517669085635221,1.1531391051784219,79.05852754037876,28.458812729583354,0.8980524063216978,Rice
90.2072089870174,41.07930625050837,18.631180077884732,5.7797033585859765,0.8527984199620456,68.96143862661957,27.97034230827045,0.8487022479843276,Rice
96.17105811456031,43.03946709006246,27.148534025355865,6.266801310814132,0.8304336904556323,68.49402369317147,27.804478422621237,0.2886931885292464,Rice
109.11244039639683,38.964860741782324,29.638670521279344,6.739663531464464,0.9305137659027611,71.06015508662446,25.782210474005932,1.047798775616501,Rice
83.9501529369412,36.04638870517657,45.83403937722902,6.363839048089101,0.9891303869731856,78.8831277788597,33.34620807356988,0.8476115673199133,Rice
86.16760087872566,36.19438958533357,46.79386550748366,6.032224634190782,0.9443364880576678,57.70045640698687,24.040330343400065,0.7223299995953045,Rice
84.44063005939577,47.38358328039084,39.82393524432702,5.944618017146858,0.8544039029271769,80.99798946584524,29.81652587157298,0.8042224865336305,Rice
80.57473534461168,42.8745298499325,26.06005585947782,6.309768511456107,1.4545317981786663,71.64284545801166,25.06097630184599,0.8615553054007307,Rice
80.29991280984652,25.2411890937261,41.30932424184896,6.512993632153923,0.9378186655854854,66.98211460722982,24.596086522195428,0.7775096599298651,Rice
79.37631617076809,27.92277119307721,52.02951947359645,6.330617988689863,1.1144790216058704,77.06719655145942,28.927590541899512,0.7380335070804929,Rice
87.72552622971467,33.11678661017538,38.94617262298994,6.295673448068286,0.9234679478271596,59.365610216625605,27.36559264241377,0.7693595768289052,Rice
66.09627752291242,38.553632382221025,43.68807901018498,6.907939813058507,0.9217604993358678,65.69030482760746,24.226447423901895,0.831296285973051,Rice
87.02318180558355,29.320925656492754,33.42563106196544,5.64597361327098,1.1852753495666493,63.834565922622666,26.91335912146755,0.5859959868053332,Rice
79.17646400538426,33.04286192537731,34.898382377352526,6.334325104346304,1.2878150166972442,75.86168754215485,29.405411357865614,1.0169156164914708,Rice
90.69707881522697,34.74304963066703,44.0820071562955,6.500442600069264,1.129713167593207,58.36297922371118,24.896349617263382,0.7587718843954274,Rice
92.796210207359,34.85057506650608,45.23181770105507,6.568266256048399,1.2398340937354413,79.6443245158423,24.407515238353206,0.8723953249183665,Rice
78.92470959044584,23.45653568048561,32.41275981149747,6.570926350375631,1.0921484020236927,86.14247497284714,27.44307536317028,1.1671704130389362,Rice
86.77521225517052,35.15736207307616,23.485489208706532,6.5109575672819755,0.8995749742119042,64.82361888473018,30.203076409406428,0.9737334003193936,Rice
96.32051367210678,32.46466206161513,34.54121721225273,6.183240768645161,1.1565036361344796,82.42851734795384,27.92036638799602,1.0962336628036038,Rice
93.97194418033061,33.35640424119907,42.458402655160775,6.677663278038457,1.3996577966682668,79.49513075679265,27.064186134144997,0.767496011891612,Rice
90.7606950356139,46.71782146689732,38.903922099930064,6.327268924123267,1.0102795708634185,67.3768714989503,26.594663733390206,0.8203138977868295,Rice
102.18099996239822,33.322003550284386,35.473508683202425,5.957694255086178,1.1433262132946311,80.93343342974626,31.06124461489189,0.8305046787043566,Rice
90.74354283279236,33.925147744809735,39.752168117250704,6.28791024269978,1.0116528774502975,71.10202953821704,28.12980570848412,0.7558771347731654,Rice
82.57503207921967,46.95153409570088,59.39492091961745,5.862777254410468,0.7481057591247882,62.3427773775348,26.74177896240361,0.9343670766555886,Rice
90.91252942048271,36.20421795746328,39.76041992262109,6.006215876144057,0.9511754456494762,69.83924361299363,23.039459152820367,0.6258034692916107,Rice
73.78433938722341,40.34875756578642,37.20819453715175,6.371097136020704,0.6320690020395071,58.13146651158718,28.658038600641238,0.38319955375009246,Rice
97.24629357599804,22.23677999534047,42.590104027324806,5.95119630506805,1.2097807430343166,90.0,21.317055924697186,0.9043065721790973,Rice
66.9183728640626,37.98738245552253,33.13905052803295,6.236339050289316,0.8176627447343526,76.244328875972,23.379105405074046,0.9862455894348111,Rice
80.90749693389817,25.181165258178375,49.35443141006628,6.181144057213437,1.3815271940884053,79.77084903450674,25.00463573803391,0.7872515298594878,Rice
86.21037939663574,45.68412239990508,38.93765942030404,6.249361933907009,0.9600240825803384,69.59554371316288,30.26148021419581,0.8005558026196212,Rice
81.05002728701825,31.048449840704194,30.01611361547454,5.807413121108026,0.8499249383347042,81.98736220520259,26.48350184858126,0.9056617502834148,Rice
60.21243482099166,38.97817916276115,33.54782566067798,6.065196793590657,1.0361919914842264,66.03339796950378,21.690312700279108,0.9383371911757906,Rice
87.43017561348194,32.80240281676504,26.304331651348065,5.7884398954900025,1.0447785414136115,82.90752768180288,27.507916191852594,0.5925857590860761,Rice
87.25116727038403,34.626599264272905,42.77639263466807,6.369885289675284,0.40283549317801526,74.36193763542765,24.49130147623979,0.5867406887826951,Rice
83.11526589626436,37.87679776321008,20.23338850741858,6.397281396776115,1.15266776950632,70.37580957039599,24.83094092443238,0.6530932993716063,Rice
95.25932131580228,24.42144119452867,44.58023414737261,6.153744235443478,0.9808331000714285,56.3352983566934,26.633208424678532,0.8920378274017065,Rice
71.6358991214802,38.490451070762916,35.80111028311121,6.019748428126954,1.1709346172982609,52.381945848171554,27.866701871859274,1.042915273710994,Rice
99.39943139100662,37.728647043769655,32.28487301482239,6.021975284166664,0.9394148412188716,74.35045798334325,24.98189048635146,0.9136135727075572,Rice
106.33160518003324,34.56681735410824,22.90044677045025,5.823471471031405,1.155313110342315,69.52203056831645,29.19207724016013,0.7199548626260976,Rice
93.30623547539831,33.89190578585192,28.407463502084457,6.087720425935332,0.7605891289153527,85.91487646865289,26.75904546610378,0.8966771133023295,Rice
79.631308671292,27.636505246141237,32.89507540173858,6.508333909346176,0.8958536417203433,63.03574421816468,27.38866061092286,0.8748533901076616,Rice
101.42848168853183,37.476253348607464,40.79593410678112,6.40139706633769,0.7693969236134739,62.293343436243646,24.290259275985875,0.6001781366462532,Rice
92.95459874870403,37.03035064164629,35.71546456782305,5.474039375687365,1.4110953717237238,62.845823966771555,32.12953188984739,0.5826137779023026,Rice
76.87598841443463,19.58005432243259,38.259124783484275,5.891648090172855,0.7853999691803292,59.01988626260482,28.943387656844656,0.9067195477351321,Rice
103.12033891078785,30.20005365248919,36.9693743394212,5.838986144727453,0.9329921954529364,65.84923749375058,28.161124893738553,0.9525532709627287,Rice
94.910666908315,29.100314094476722,43.986211141606994,6.187656161609817,0.9350806208205971,64.33190810544865,25.60016051409612,1.061347076929435,Rice
88.07410766494023,36.222282932508435,32.63977827316748,6.8848740112026485,1.261002097769285,64.23150308160966,26.31596236323844,0.7678633184943635,Rice
86.458719782826,30.091418051579954,38.94934871025527,6.606584676971008,0.7372743781991673,60.97482610326347,25.792103611756733,0.7344806659838256,Rice
104.9846587474593,42.011964540103875,43.498901169064375,6.125977605816248,0.9427373186426372,58.38635668987681,28.954350570119544,0.8736581907213179,Rice
97.85997364678283,33.52419200650683,33.72398768419643,6.247612747996978,1.1783795151014191,58.23827502322017,28.840140334345936,0.7969256656740754,Rice
74.41362732046304,20.407759731421535,33.77173659309482,6.60535963531674,1.334936933348279,72.84300968536077,31.90501415960562,0.7935588375564883,Rice
94.53303551642782,31.84138377765501,30.368610446442663,6.010297447273422,0.5878942105751375,80.29673807957529,25.39591890215496,0.6797841830367206,Rice
73.20028318387324,33.56948394424602,50.87143079503768,6.786258078230361,0.6678266248395833,67.16441603218973,24.414105574765752,0.948250661181728,Rice
87.86593547293927,30.544014708341155,35.65315772531917,6.066322786005842,1.3228492188749794,74.3756761201283,28.674558552291096,0.3999623782950654,Rice
84.33211321171189,49.58247671341324,46.93516163033016,5.682814915942315,0.9373148334632811,60.38784427265023,31.277753900907175,0.8366417423413863,Rice
77.32204440268563,35.23910560478552,11.533710238383645,5.896210835032159,1.007288745165262,76.76540294762658,22.14671469850665,0.7428267038446357,Rice
95.09685738518822,24.839826729387095,37.06264551305756,6.2184728608696815,1.3428760640713204,68.1589104551069,26.570998504062324,0.9282439629747034,Rice
71.73651331950656,33.45381755414399,30.898474902435403,6.1611046924425725,1.1696812897925677,74.43329188065738,25.12829422867831,0.8205048804990819,Rice
99.90441614100524,29.180440108418864,36.30650102357311,6.145915010457184,0.9873989968326446,56.954739022004794,30.52690713578051,0.6838472148667726,Rice
95.26071970153532,30.65036374366742,29.370458132938158,6.539674510130331,1.198776920695585,71.66932719171186,28.9028763745158,0.75671708296154,Rice
84.9163237228111,30.368629252753266,43.13658454370234,6.005844267273141,1.2970312689875705,67.4733266534414,27.051271410040837,0.9138092030981502,Rice
85.23864421189582,32.914641800002826,34.72978896972376,6.4502691389961235,0.8674295555726589,68.99010394181389,27.02571681834369,0.9296877793291485,Rice
84.00154626128564,47.65809366145605,33.591152800564146,6.133448581246522,0.9657935756764536,59.46686857073592,24.408182883103287,0.7203999665391361,Rice
96.3582984885013,34.76811758446593,30.63820229345864,6.543429728769847,1.3102354265784522,80.04305968726209,24.867275006912106,0.7257127069709517,Rice
103.13736070314718,36.68797784400015,32.591356415935294,6.401137429172635,1.2014598134716226,65.42840343257389,27.548599896549828,0.9389840103825589,Rice
73.39712854040147,35.08641820198298,24.970493122543562,5.924597460860493,0.8873799845039392,73.81695630303577,26.194943428404663,0.7027372812547391,Rice
85.51554563324959,26.971260902134993,38.85922896050519,6.516788293348327,0.9841591918023976,68.37880805359833,27.933600883038924,0.4957295871752683,Rice
90.36817456597868,56.71320062621405,33.89591400996752,6.166644990559427,1.1487214000199366,83.1626613455837,29.43741961108534,0.4766589682124675,Rice
90.63398837662747,53.003511016691725,40.60196942083519,5.87671146428391,1.0563659248837227,59.75450198927146,30.08200922317215,0.6566176117958112,Rice
85.74243634692023,28.995539986057068,30.08196748206808,6.6161221808409385,1.0206914329787395,65.52638021019423,24.136930072783194,0.5192447770400845,Rice
72.48719366477313,35.78371469011064,43.82210391850397,6.043101582121784,1.3141087201438029,64.25999662217419,26.4049706928003,0.6380634919494123,Rice
94.90761734567856,49.68257429831198,19.14364735157422,6.103074620782285,1.252955969410007,58.42443582859519,28.416709767427715,0.9832208300311356,Rice
85.78228814356837,38.85184149658093,50.84812147514847,6.745559435148321,0.9876065573931034,65.74097720560613,24.700049722315757,0.9465446225643069,Rice
71.28224442209032,33.231981734061584,35.92420793859019,6.059159296438749,1.0559640530038248,90.0,26.696003524133644,0.7346891558858916,Rice
95.15331824381853,36.67708550901865,47.954021940902386,6.246112533549521,0.9503153584057933,55.730200895243556,22.95066326547065,0.5246451964359347,Rice
88.7933916628424,25.464253640927783,46.300196293274446,6.208469038159667,0.9511626161796662,63.24915939836529,28.555646870675517,0.6793253270686384,Rice
75.14621995930119,43.318449444237444,38.191590446975205,6.134219760090484,1.1282865969467433,70.07145498488559,27.95753287612921,0.6774728146436818,Rice
105.70398608910622,30.942660226266426,49.004146942549795,6.147116722194747,1.1614194231309924,75.87378799220909,29.867129387875114,0.6739064439253784,Rice
95.75635401278862,47.925078956380084,32.671763186823284,6.209717698799794,0.8953106715039691,67.2285099825192,31.278556997331226,0.6493648210804694,Rice
75.57881178149228,46.27630655490064,40.62093583299526,6.793703669731907,0.9099122724348293,71.01024909790056,25.34830764057049,0.8214951752971544,Rice
67.25903302715696,39.79468189658506,37.91126675143104,6.183884694509543,0.9219271350800671,62.8419681010552,28.819282280081904,0.6243365021444891,Rice
90.11895912049243,49.521159763666205,48.369693397798684,5.7785641760522175,0.8926523879313394,73.3716059244427,26.824295194964126,0.5900891422576369,Rice
88.85315951473491,34.929881734185905,52.228928677434034,6.129095963267115,1.2336006770653183,59.86329277496019,24.42997675525873,0.9082492939714235,Rice
95.83730780607374,28.298250917479255,35.216696658355204,5.813157831411858,0.9637560347389041,76.695382284993,25.912603752159637,0.7626447941084297,Rice
73.70204601703948,30.46149110462552,50.82299824592904,6.220418969680797,0.7995384466698804,67.48182440065607,23.006430947083594,0.6478760461789682,Rice
98.60339739046454,34.002623029293765,52.01657158491086,6.173302605221105,0.9928042607617008,75.12715326833698,20.318531044451497,0.8307408985480362,Rice
84.51013511939048,45.40227225460603,43.68211454747255,5.882566328046896,1.2484277237255161,67.90148379535204,24.73886693425989,0.8295654876306804,Rice
82.97230644336182,45.76925719819967,38.06559825642089,6.2575844978480815,1.180129416571088,78.7429729447417,28.959012735743247,1.012919520922243,Rice
91.08682412913788,36.17356025308691,46.15254855879226,6.174549080777001,1.0066493032689323,83.77261533837532,31.054810319888077,0.7987736289615016,Rice
80.46448422694384,45.242214501459486,42.20376522123693,6.288362751175262,0.9356254579620111,72.65357262971675,26.945728850280744,0.7003492730640507,Rice
86.29042328587235,36.85796831947725,31.621444397717923,6.453071192810665,1.2577664784621978,77.7591815492433,26.309379036965012,0.9133732256282558,Rice
85.77961397460041,26.34977815003834,41.05456440647971,6.240916859467946,1.5187096004138616,81.65816690622847,28.77787539233631,0.837375575193227,Rice
86.63722255058018,27.974174174568248,19.349114955200804,5.955683449457162,0.9904565963659139,53.15568577432813,25.63919551931813,0.7628580450313361,Rice
82.84573446514543,30.367934812682986,31.926375670567396,6.682690271874682,1.1324290562981205,65.5175937848148,26.829130529095092,0.7957529996521601,Rice
77.32044566259849,29.616088475793017,44.09471618294042,6.082460374295292,0.7810607225938258,69.65487724744446,27.29502438282281,0.5040943663709248,Rice
84.59253642182807,41.075859540437826,39.0610644696965,6.824342632254592,1.2502218964624359,81.59147219800683,34.00021483978582,0.9137234392661897,Rice
86.63070207932701,41.81618205401932,29.966872099445055,6.2301521694585915,0.8704544713843373,73.18387646050306,25.37022727995045,0.6969607250207424,Rice
89.13473293105504,34.03601991453603,17.652309778549277,5.792444062032615,0.7705467017077073,62.936224751088204,28.036058323696594,0.8328408270607455,Rice
95.652793716992,40.269612760592395,44.64712660564392,6.370350933608554,1.041935861818298,78.79481393830125,29.298531979350248,0.8564143051330987,Rice
97.71071870860142,18.579482302476222,32.38583143273595,6.1143786696175155,1.230536575496314,82.57115997560615,23.374551574474342,1.0116750761223914,Rice
73.28554813973732,27.01149328107424,32.89142867905372,6.110902187802877,0.6883165440566247,75.19902378794053,28.698506061816506,0.9581062394245506,Rice
80.66544670222135,34.72292099519286,34.726155515876215,6.67263872361117,0.4331510434733563,62.34444520808717,27.013852106979495,0.6371644647626746,Rice
82.41679642728883,34.117471245410634,29.08082502086778,6.2180512993087484,1.1256298555515627,68.10986843975198,25.867013165078163,0.7751352625019192,Rice
84.92563653354411,22.817763042659045,39.153985261651506,6.073719655754898,1.2523070149622102,74.7284278051398,29.925166010549137,0.6483494309427638,Rice
81.28613358812574,26.302790587798135,28.653279119636064,6.550589518862406,1.2974981155844991,60.81493364156432,25.85430582920679,0.7885706491964076,Rice
90.85605641809781,22.68132815524455,20.572999266244054,6.337095320284273,0.6101922862164151,66.42562075088904,27.405229521397104,0.8623498954899677,Rice
83.58281904456167,32.439702966667284,42.60113773744831,6.2798576593824125,0.870596675609708,70.3017831734579,27.957922556640483,1.0577355862177074,Rice
92.8632366829158,43.50189799167761,29.50453343330333,6.053228786248599,0.952924001437402,68.85141882689469,24.479937605492776,0.9898900439835228,Rice
93.83351637758793,32.86025497088945,40.775395841124684,6.262411765641075,1.143965596186275,59.24554301179496,26.635847317006412,0.7912942208141307,Rice
91.23642099611651,30.60093679172507,12.500623483258433,5.897124079048782,0.9877904028578185,70.51107380402665,31.209370306562462,0.8874119660987149,Rice
85.8153027923149,34.77326106252993,44.93765043952723,6.034769073395918,0.9719432424518802,61.285935038893584,30.54726512173826,0.8588748405502421,Rice
77.92476703996054,34.19881492777184,39.58685686885652,6.129798704437763,0.8931058756574798,64.76581051212534,27.847404748102786,0.7462918581183973,Rice
80.46242265237254,25.64756771461216,35.698765188744524,6.149257437138266,0.9356703302716071,71.59016541990975,28.870005656839744,0.9052348207910703,Rice
90.52728500899762,33.31530804954995,29.897014976528823,5.907703620429718,0.8813686985323836,70.15720076109255,25.03428469586879,0.8144085708676165,Rice
75.34543322088136,23.373056776950847,42.374655087783154,6.067163913297564,0.8325932693552218,61.249222869620496,28.057589936826,1.0062361567201952,Rice
80.96926138993855,33.49105637736193,44.64468655900165,5.6930752027796725,1.3933737285825334,89.55280241861095,20.234156176449794,0.7853745156624865,Rice
77.81052968130436,33.14659760366686,31.23453437345669,6.42729254757422,0.9774860186064018,62.71274228640035,26.56953709676219,0.8772176355443615,Rice
73.16278672234718,23.476364177210137,52.93468520751788,6.020120529681638,0.9725294026160954,66.81763675339542,28.370219260205356,1.0659184884636566,Rice
90.79933841729284,24.371443967220063,22.54288915692323,6.088289862908463,0.9463533600933467,56.22438984362719,29.0483523004361,0.6370519163177782,Rice
99.93301562125755,47.744428180440046,32.7657182063104,6.322912339317092,0.7536105555831597,74.98941061183291,25.754518941414076,0.636914701761747,Rice
82.10665011747015,31.739763941162458,32.073565372966215,6.4659103727885805,0.8429384814728534,83.880183998191,23.687350917936616,1.0423145409767893,Rice
74.83489378093306,34.99290737224369,30.588234978697823,6.103755971969401,1.1602714472711098,81.99861437783048,29.976311762389106,0.7392715501487229,Rice
86.84255222404553,29.525454884321466,26.076047186827747,5.879035746395973,0.9124853386031742,71.99684504811954,22.220462100621237,0.7930469446128852,Rice
100.16025124549525,42.85337748351888,29.733343311260008,5.80887558540082,1.0919660612929654,51.460573998339996,29.775385289706694,0.767961881317514,Rice
103.31300320577401,22.91124160096474,43.2633160268705,6.171857525692024,0.933789893705584,59.04125227830284,28.48936976677929,0.9014206077165288,Rice
102.85127801965889,42.05635184002415,29.654942039398385,5.918918476587096,0.7263017132955227,81.78579476511577,25.054564289305336,1.0220344803456962,Rice
90.25072040862067,37.30932017115772,32.23818518695732,6.38498841564063,0.9969058474326395,67.04629366824952,28.7400119666205,0.7784041836168305,Rice
77.01665221261173,39.198787428224556,34.42412909934291,6.336894803292186,0.9092280283291627,60.327029562552354,31.337684906285688,1.0319917116145363,Rice
93.8378496126196,32.285325202380086,32.29713824155035,6.58705168485101,0.9292339924865174,64.93955170922162,31.680586689091133,0.7928483477579192,Rice
102.68425328513845,25.211256625169987,39.66366394506052,6.779903127780653,1.0059501489317724,67.88796406185763,24.08062020600395,0.9623514581652871,Rice
77.29871917359313,34.33634008427008,23.889479481866495,6.635930488027281,1.2309770621451366,69.74732200629495,24.114627661032678,1.0303860573863948,Rice
81.34068272952852,27.26356611427737,19.140937887747103,6.019129763069743,0.709072375494012,65.0174333078174,28.861021834244287,0.7436899754037151,Rice
88.55693382113711,29.936657383274376,35.58652159727808,6.737852230184086,0.9303027843946207,73.07543550095727,23.086181931328905,1.0280159183625306,Rice
80.22793371055135,42.35373554934551,33.89137733816985,6.371242222205826,1.1342024854422001,66.38047728389826,29.72976608940463,0.6861522704010351,Rice
92.77934220027542,32.268562940834286,38.14602153768854,6.070641959340807,1.009995194941319,61.402450386465866,27.618892461721984,0.8066281752439379,Rice
79.59846445927528,34.614804235267925,36.206040285511186,6.027420025085768,0.9742482848540661,61.955584472840634,32.864332597402516,0.9588677990312278,Rice
87.73094105631552,43.20479049233687,17.186727709846,5.483849673406478,0.9201417876500187,58.97148685118313,26.408486188879177,0.8308484960892348,Rice
94.20414498340611,27.032152110073504,38.59667617544064,6.204029114082625,1.069501861986617,65.8418243939712,30.4578378496553,0.7844737027355411,Rice
102.74182223503769,29.467279424224436,41.68544605959998,6.183292825443052,0.9344515166666473,75.05852272374037,26.252066302026027,0.4007051994264008,Rice
54.37131876825693,43.90695512198835,46.07232612091726,6.728455464951665,0.9964943503435645,59.658921584016866,25.951040393372494,0.801713677304197,Rice
74.9296177571489,46.54002306081706,55.155525916793636,6.33391859620445,0.9978272506603608,59.64026417220454,30.86608474039013,0.811446021627357,Rice
82.10835601589388,38.36821862072176,29.728596239097328,6.241125048474109,0.711506629830868,78.69669751401948,26.73897239716082,0.9738201290951018,Rice
82.98863822158381,34.04660203851215,24.089143145372383,6.41273195244508,0.8248320091953817,66.10862101440617,27.00261796520634,0.8181836275534036,Rice
67.93903059782241,33.38435894158388,42.15707196779342,6.094065350333308,0.9550536491573357,71.29924840674181,26.6850989186325,0.6454226746418594,Rice
84.63653876333096,41.958512190041276,25.539416474596187,6.095145070943971,0.7236737352129845,77.53105560392277,26.769104482905302,0.6724700549591206,Rice
85.92265600143178,26.57479849573183,25.698540216856344,5.791162611641502,0.78664415248852,80.85870067199845,25.16720417179351,0.8699337683977219,Rice
76.63698580044078,40.316736220342534,25.76526199161816,6.210983819773292,1.0105702619737897,88.62244269141273,28.576063219950413,0.711064397850609,Rice
91.85048963650515,49.967221293396456,20.333275185641345,5.964105028080756,0.9526204881773412,66.66329418286439,26.168108254175312,0.6043651601610136,Rice
99.03956053550013,25.041739810663664,33.198084713397506,6.4928325656929955,0.9939630285708295,62.16484666477785,23.628310859065106,0.7655001205958327,Rice
77.42970434149534,36.43661764192085,22.386939670482384,6.427650006328534,1.0231099046328929,71.51869115481982,30.602691945600043,0.7343306752442201,Rice
77.74183305266776,31.165654601571887,33.26726087429068,6.174529829458428,0.8338604526796454,53.815317975735525,25.597677497802405,0.8539738499430335,Rice
86.36258306253492,43.39688128878079,52.59937889567409,6.412613456008371,1.2765041284816452,76.13419433810496,31.27474813981846,1.0776280451436901,Rice
94.51165170778927,39.9446610249721,33.152910452563695,6.188425561330106,0.9324325337299476,74.97001288716045,25.19912990660163,0.7713340685330136,Rice
61.448301148217,47.06162926340757,33.015728756723135,6.327562522454242,1.2915573389422805,72.40234749952944,30.610859255233578,0.613739328177295,Rice
108.97376589597702,42.60977138942136,36.88282243237977,6.599022213135125,0.7662730228021256,67.69108096984405,30.61062599100595,0.5199409728657554,Rice
90.60457774958805,38.72523311891608,52.72303235139947,5.756772482477774,1.3219262114063266,65.52423405480877,25.88247635022036,0.616699341956031,Rice
74.12147962533075,37.824656432177456,24.9890127669678,6.4072796134228165,0.8674067906060493,60.29572955321082,25.680477134100265,0.850506078763446,Rice
82.22646738068981,35.23947082832959,41.265867156524756,6.503078006452746,0.9379809382821138,61.64622387539073,27.19023619730629,0.8705974379156108,Rice
70.39274694028049,28.765741920946905,28.52731793633353,6.141809787158294,0.8477932192746428,75.65632580077519,22.987166996353956,0.5630421954208363,Rice
81.66111188488537,33.770430371021,21.90820514427707,6.030110324058682,0.9197912365161821,66.85361642382284,27.37970370822323,0.7007631673364657,Rice
99.77836300008273,38.417432478135005,27.735978314228102,6.2264632181429205,1.024803063721121,79.71777179598224,25.499043927709124,0.9151008046580861,Rice
85.41854475782478,45.440965615141366,46.61802307375467,6.255154205285928,0.9475434757967879,74.05284727743565,26.548874932182084,1.0520460658967503,Rice
85.78470078177013,32.16050157241014,30.863464225334667,5.860350036144362,1.1113118256186645,63.43991037888398,29.745370630469367,0.6060597418997641,Rice
86.2724144897325,43.051566309482176,15.629776418387273,6.765114352261812,0.914942960560378,71.12876305729712,28.42862306379086,0.9089193584173331,Rice
87.73883938259682,41.98169208594457,39.671636416296316,6.693046719209045,1.1044655085709194,85.7170841590647,29.25269710059414,0.5291374811347607,Rice
111.11102678387842,30.979591240659467,48.459896136815615,6.207502164073443,1.2122180515205159,64.49216871307365,28.56436135772397,0.7620214181908392,Rice
100.79003111589888,38.070677171919066,43.423483771714096,5.5940584759875405,0.982885464042275,73.28441308046636,27.559037266099267,0.9441735820576777,Rice
81.34095754862545,35.34150973524241,45.631040879734925,5.5619670790353,1.1178701003276683,67.32892139205157,24.719204688615946,0.8504816336413971,Rice
97.27451296808655,42.27400682038927,33.783982721840346,6.445207469853066,1.173613579689169,69.30102983605467,25.26729862002948,0.7047148953316505,Rice
93.37853348868137,34.704972304011164,25.584360022424704,5.728238406057445,1.166366290419276,65.62577262188621,27.825969389139953,0.9859560360603685,Rice
71.91075523146515,34.68403833641008,33.463752684030176,6.306328005175829,1.247831999684087,59.36438548270074,28.424494871764416,0.9547285662490552,Rice
83.13622936043217,34.037871049748134,38.7660443208643,6.296548781809141,1.1164705214734245,74.49024421120973,24.545069235960874,0.9485399746557416,Rice
96.66783162190238,36.30258025583209,21.552602241053,6.167871202319975,1.0388811753881138,60.84319809770546,26.099654841057465,0.5885945918662188,Rice
91.07292224986443,36.16168720431436,20.187951516671802,6.298410161242955,0.9886982105219417,74.13131426203523,26.02116891561143,0.6797780898885464,Rice
77.29155373542193,31.23280848416117,35.16942586922942,6.241428370318942,0.9618560244383795,66.61344360802785,26.121491829986297,1.17615871782604,Rice
77.29274848501791,31.094195940176654,64.64468697531333,6.317883724688955,0.7240038668192608,76.7414976318181,24.72490277699713,0.9363592261707646,Rice
82.89037720629318,31.921429053574148,49.482484719448244,6.358592378744588,1.1945978874898415,73.47935743615957,25.888888690517255,0.8917031630387312,Rice
97.0921539268446,35.94316630462287,51.214783439118555,6.438136416896534,1.0423965099543224,72.01189224814254,27.343092822419063,0.6123141821607513,Rice
84.09927804191395,36.54830539738817,31.25523390860124,6.294549565237315,1.0042614980710223,76.18953512879014,28.65778095266433,0.8250729931377262,Rice
71.32787108698002,47.53505917076819,33.72298101285971,6.177351792965363,0.9314958302601225,66.0927067514757,30.86014512000131,1.007906648057912,Rice
89.4439340357767,34.247498918984924,40.57206186512378,6.2206631548954245,0.9619554163353802,72.70484737205064,25.89710563263639,0.8378396396005149,Rice
87.04220925621635,39.22055214880547,29.42776738271952,6.398838178805431,0.818737701409899,65.41946678703009,25.67768735213564,0.6391922341439483,Rice
95.15662283385663,28.21663266667142,28.70975296333995,6.55151415893626,0.88588345962927,68.49485851889523,24.46992749770866,0.9249426811434027,Rice
53.46736244191065,35.172621328864125,49.8377684537455,6.320604951085453,0.6951246666124031,38.48024554667183,28.224763816904176,0.8147206407589884,Groundnut
38.06695772799576,30.27882237756194,42.29896416313488,5.98410100240239,0.8355302753242605,41.676058686086435,22.618658334260786,0.47813011687873563,Groundnut
29.36196499794329,27.400017106137522,44.23414526617576,6.054915773154551,0.9301478855314456,44.475627665736305,26.442213276496624,0.6725633814718438,Groundnut
37.12882364792894,30.798822997970298,33.6359293918351,6.451042785778261,0.6125701586973733,52.34586021226759,24.153860634395212,0.8593800274464876,Groundnut
33.77376811411685,25.255612094898257,48.42841452163714,6.627739186159491,1.1333217816629846,45.33092930944698,29.59436407696689,0.6565503175261854,Groundnut
55.98767622362973,23.404733021284862,48.78180456176929,5.644325948560195,0.5756817976693753,48.73341438464612,21.71890286949869,0.7640424416183776,Groundnut
54.064581208123634,26.490758650972055,36.27942339893222,6.167227747560673,0.6068375361631629,44.19029153587266,25.255226562220205,0.6540984815354787,Groundnut
61.74359240186821,24.964173262191174,57.52289861329781,6.008453013832608,0.8145555139883098,54.464843268384556,27.828392880633295,0.6369613153449647,Groundnut
50.55069720071345,32.94825358564958,40.14054739266534,6.47246598240146,1.1724984344104745,48.77360532050105,26.415890947676676,0.8008232467301061,Groundnut
30.390233926448595,33.22157271244402,35.84916382645325,6.134831656604616,1.2323883562377007,42.97390712272952,23.14956473926443,0.8728873868352087,Groundnut
35.52322997157623,26.86806599067226,56.2414695118755,6.311974918286229,0.4876805909746942,49.351916914580954,24.008835294883728,0.9309777229795367,Groundnut
38.938130523658664,37.35858181608148,60.98128229129143,6.06173589733276,0.7613573958483615,48.109002193155604,22.856635618614565,0.7405442420061745,Groundnut
42.75079712494008,28.284526998846445,45.440445534373005,6.319954120361998,0.8327761538152081,40.20938923634573,23.612070689125616,0.6822118616762753,Groundnut
44.552423587642046,26.928054620373683,47.915456778774164,5.791866710370945,0.6539067482182097,42.760577390377165,22.859712032423488,0.9443797022213336,Groundnut
45.18861846724952,31.237387747581323,40.65092362831085,6.295581902295571,0.5569493071394532,43.64146371123941,22.65747892851061,0.6583894622865756,Groundnut
19.400834336975027,22.103977540895322,58.175337640629,6.532511369750112,1.0638078671830464,56.10177015736739,26.682468560411195,0.6320696971931297,Groundnut
34.627490537343775,38.027212238147875,45.58111176948651,6.998326388586934,0.7269804047978492,60.783166838243844,24.608020523260613,0.900407289588805,Groundnut
61.966917372324545,22.839350502735012,40.635017295382184,6.010765816804411,0.5540111023483554,50.3365348041996,24.508429074377446,0.7078549484785204,Groundnut
50.5623913497328,16.998292163995597,56.5808940356135,6.202253634264823,0.9064802612475715,49.96570271382838,28.426991401909603,0.6842713918325449,Groundnut
23.763625409570693,30.399893294174927,46.80636172345441,6.0104069594407665,0.8294981308865877,42.111852522189665,21.643115126793724,0.8007227342513925,Groundnut
39.36274849102204,27.155345496840518,40.83679037441624,6.645934007289961,0.7918167676453216,45.632798564366574,23.89840961403401,0.7694300233382357,Groundnut
58.493180484506716,34.53502572240554,51.18180265201371,6.469744457647616,0.5239514713377673,37.991049346406896,24.487531516002186,0.5911203936260161,Groundnut
34.35462975244002,16.89476981390598,32.88123708179273,6.228172843944072,0.7861147266362232,38.6555697909554,25.197313031708067,0.6349249538637435,Groundnut
55.90573587373848,28.868619651826137,51.26697793261544,6.356899853442513,0.519585792151189,44.2747345941026,21.910939751678292,0.6837818742674617,Groundnut
37.548691827693105,32.67374123439366,32.91881096280419,6.3041165110782424,0.9144831165126388,52.26076455447196,23.08958060528944,0.7026626458310762,Groundnut
46.84146972911574,40.82988395679938,31.668029453248767,6.044891287380106,1.3608924985472162,42.8152217283522,20.272515475241814,0.612617478497775,Groundnut
17.311267785356378,31.68644498719307,52.28806284250397,6.044734534672749,0.7058552155496987,52.3892332429513,20.624461337884824,0.5017643181700682,Groundnut
42.7188481828436,24.73365613773227,42.35519792273771,5.946149910566174,0.8428626971843016,43.80613531856009,26.37297623558258,0.7300599250720439,Groundnut
47.066900724960234,19.875848518289203,49.43332396480385,6.207357407494756,0.7666803384700764,53.38611501112648,23.201411108707763,0.9026776492688501,Groundnut
59.44475299373093,35.2694910615506,36.1744127030932,5.687837891224459,1.0157669828519882,45.89108049064864,23.137006322946345,0.8760343515633403,Groundnut
36.38441119122191,27.0309131923834,49.72401327885295,5.9881912071478345,0.7781038180785865,53.713097471306895,25.527776859052825,0.887113950523552,Groundnut
56.33602358005998,30.054168340951335,23.969327612783506,5.990383757339714,0.9526668224768979,32.597988637717705,24.183268528532626,0.7507720920533548,Groundnut
59.6957069576151,25.9748621248191,39.20861061825184,6.285315185381259,0.8701825939620205,43.766025380831245,27.623170872214526,0.5801284250457291,Groundnut
46.20160933379044,33.11648897172913,41.39790471084729,6.535118782236791,0.8297917082484699,51.31076570521819,25.48526027012208,0.7564606857230841,Groundnut
38.676082431506444,25.58459806366144,56.01956831935899,6.477942924465693,0.5954069667555197,46.446907397238654,19.065559866161436,0.6139089754450875,Groundnut
54.61027676619906,29.123980879021882,46.06121402699428,5.455413250974341,0.7215492763727697,47.7061777906177,26.16322468849585,0.8443533567001547,Groundnut
42.89742248226572,28.840409311630957,33.01094313531124,6.242733969031504,0.5476849875204404,30.217039041556667,22.287051574723556,0.9263027361705957,Groundnut
42.294387984867235,31.53914154116356,40.378533739217495,5.7986457145534684,0.9872226249859415,27.62241488115529,23.613018308020855,0.6918077678724908,Groundnut
47.30489643429855,24.91471276829791,28.45834665250523,6.075693878146077,0.6502484024760675,38.815252038759354,27.425146475519007,0.5179595832791286,Groundnut
48.009792744381585,31.10807926052541,53.64409569724503,6.262723075913659,0.9582261934395118,43.622238895247214,26.085981316462,0.4745588369129139,Groundnut
18.617219237088914,32.64282797496097,48.880648134353066,6.433140653282527,0.6950134970490642,56.91777801768298,23.850305460657445,0.7631318529508554,Groundnut
50.946362250040785,42.03118111824377,42.1467334218915,6.117105986255837,0.5003709231169353,57.41893605329979,26.05352726762135,0.7679591658841453,Groundnut
76.1670424132392,32.2753131883041,33.27910735409971,6.245146999001967,0.6050435182302694,41.83305284333782,23.993525993113483,0.6119463413399425,Groundnut
31.06717494644603,41.14751143570607,47.689632399945545,6.236867830283933,0.9515275659031487,48.76853819879513,25.68922683185512,0.802749710915024,Groundnut
46.33934743758657,34.691550198941144,51.77801070789997,6.345561245809185,0.7559211013007769,57.24318241163127,23.805246150566415,0.7586970400641018,Groundnut
49.139084107390666,25.73309503415455,37.72959853219656,6.200921434156442,0.7015566293648785,33.334955506889074,23.37126229370181,0.7399334476951843,Groundnut
57.65943584148599,33.880739346215435,21.604189514667855,6.4795650401320515,0.6883696428208564,48.62464059750211,24.96466185197343,0.6710968560869758,Groundnut
43.97764272037859,29.84302984211154,57.099644748812196,6.294495147616176,1.0171072266362402,52.519246926765256,26.667613868959133,0.43200717698054836,Groundnut
56.16632656161607,26.794690941050884,51.44154552967295,6.027690806692684,0.5629851913393489,60.81110989464959,22.607542332904714,0.871915995857762,Groundnut
46.18420321436521,27.0591595914788,44.59654004102814,5.935693540971233,0.797249124078154,36.338077488832326,24.011390514215037,0.8387949345954364,Groundnut
47.54190676557657,19.624806507836347,52.66339314222483,6.29801206666544,0.6915629463181323,50.973410431271446,24.581982907557496,0.5251507990141431,Groundnut
63.478097114496045,29.878987899763086,44.26753315966005,6.186570551915435,1.0359931478915179,40.80097193486368,21.13755035297099,0.5981983507156032,Groundnut
58.267746004547924,35.82492513019982,42.70485912606125,6.684511439659333,0.9495884457643766,42.86728509092315,24.5852253622473,0.749397659791815,Groundnut
36.68113050336184,30.031535458565457,47.77662028151961,5.827649453189609,0.7621359354864204,42.5755505170745,27.570170049900806,0.42332545092834484,Groundnut
41.184939802962894,26.62771746844789,53.640638675294404,6.2878069605778295,1.159218929130474,50.297707055251095,23.974442514526203,0.7359488044838438,Groundnut
41.459311906305416,36.01577263343294,33.01022058038089,6.069365126560027,0.8911379837109843,54.806051589788964,19.495078509652004,0.9061706823985624,Groundnut
43.59864871571994,16.81287526643986,17.984449422995954,5.871771901573681,0.7960590288309197,44.47281569752892,26.583001086773276,0.6175769233658555,Groundnut
33.919594535538295,27.10839528637375,45.302492582204195,6.364616382587477,0.6421670601455188,52.211573602682876,23.446508070689916,0.5695423956512644,Groundnut
39.5760849053171,37.52388122991825,43.80483192353407,6.105536219140464,0.9852215500897088,62.14198831958997,25.52420658577237,0.8850763691298149,Groundnut
55.36077950574789,25.76052173839167,45.23970762428609,5.940887503682883,0.759011546727673,39.99047704699421,23.99278510706091,0.5875157452929495,Groundnut
42.129031918044326,33.7256288038544,43.92457280604004,5.7779755046284915,0.6507758870203029,32.84480517953398,25.61015056495442,0.7754976046081281,Groundnut
47.56548221854165,24.488169246904288,47.22168536218095,6.168368008384715,0.5723549100499495,50.93543935767144,27.04506938430943,0.8423343221625259,Groundnut
38.91651399967544,38.25553618885155,40.557759738047395,6.482980370030783,0.697817467646665,43.20814269003383,18.947055356527027,0.6547130178374626,Groundnut
45.91089966785027,27.129652678453127,60.80569261276625,5.974509496108922,0.6872837525792148,37.761019120113176,23.59055755251132,0.8547119594411057,Groundnut
59.78031794326964,25.09445172356741,38.49293211549117,5.976003978393703,1.0612570773038608,53.96803525533042,24.735045500028033,0.49058512055396797,Groundnut
31.93337434543748,31.194406152692153,49.94404126601849,5.721479454594078,0.7357380178924235,57.94636711645907,24.456226983424287,0.9234457136185935,Groundnut
51.49046128955683,22.410042794152496,42.36595835983329,6.263965613207483,0.6094976863812988,37.24105581751247,28.766921480296404,0.5533959070460572,Groundnut
55.7843607640868,26.944608651444884,44.769246031051445,6.4573164371068,0.6802882654190643,49.543234507956264,19.883925751129045,0.7659561082621955,Groundnut
20.31469875428364,28.412072913110798,52.68818686786642,6.474242685696345,0.5403179042076118,35.64268483125186,23.278319899193413,0.7279323793537201,Groundnut
24.680668099562965,29.90743496906009,47.80286436420058,6.220749589356124,0.9050641936106104,46.789793266609635,23.645864351502762,0.40957159596107645,Groundnut
46.33413081570823,23.328472443390154,39.79491637624609,6.4341547810296635,1.0834666766868704,44.695519012463926,26.385162091114676,0.4833280988270664,Groundnut
47.455235809950345,29.580658436259863,56.06304822563564,6.148671626711948,0.7516724765675259,53.47051573706236,24.769915519013377,0.5336737928069096,Groundnut
70.51633273290122,22.449850656642866,44.417699266054285,6.397072683687171,0.8535235018062229,43.48205036794881,24.53809907368423,0.6647602200568067,Groundnut
33.84066141408628,45.0515345009591,43.020081740579606,6.467140677990467,0.733069428463679,42.16189062115613,23.861390843325875,0.46752313180161237,Groundnut
43.393788598792305,27.15094641976399,55.54372058266299,5.964923967076335,0.684570564489029,37.81247626596734,28.60632598502952,0.5695887332717993,Groundnut
50.62299844726137,36.79113031384186,43.684893797261324,5.914492919736668,0.527169228247262,51.87811251836864,21.848514953000358,0.7588039916589868,Groundnut
46.14349109820596,32.63992739017719,49.24426327061299,6.038572180362987,0.6048943641970518,50.71941707280322,23.42663847358901,0.2874777261992277,Groundnut
51.48755297883865,22.746170983518624,49.20422290114728,6.689990117808751,0.8033524914523895,52.96612665330825,25.384494201340505,0.938114399221172,Groundnut
34.37892891242894,29.94249513708457,51.05845444537321,6.246684708037187,1.030443799330534,41.543683683913756,30.17342787907222,1.0183296256408367,Groundnut
47.820719962272996,33.86820826248232,55.72504292062174,5.967584728289137,0.5375999970844418,55.05135131086108,25.684971182182498,0.6660242131030315,Groundnut
45.11123302881161,13.297709693451516,43.28493916988699,6.089146913025897,0.9836143267230165,52.96024622707205,26.441700585324778,0.7593187973198712,Groundnut
30.02653251279732,34.13450155997812,50.66458150971046,6.648653943055244,1.2236419624860395,31.45951461142713,24.028807935954468,0.5886600044263532,Groundnut
46.725071883850745,30.093813007526272,42.89326134227869,6.587729221192329,0.5797171577638434,36.67102826085915,22.439436822254894,0.645950861886102,Groundnut
32.714097840881536,29.659999578405106,43.5105882483222,6.079775768080258,0.9747532508112392,44.523995773706105,27.65661841007951,0.6707425223193352,Groundnut
44.758051117686456,26.060523167228023,44.93658113518064,6.499424765716973,0.7177331535459405,49.14729570027731,22.968132597385647,0.8138575848283314,Groundnut
39.20094172688073,35.96175911260335,45.548788881902986,6.7258670453494975,0.5691864547491583,33.19058581350505,23.459456885061083,0.492308357794853,Groundnut
31.172651055717225,34.35085532321913,44.962390859286074,6.165689326522807,0.7226074805389137,40.222098685389284,29.12592291954761,0.5896741438535444,Groundnut
31.778661019167007,35.572354322404294,43.058199389869614,6.870856632869008,0.6947588722411729,51.76787343805434,27.705493326498264,0.6217996251696994,Groundnut
37.57079232090964,35.189565716516334,50.174027261225376,5.9050291718009404,0.5743128727390558,24.708559960415958,26.488467134947005,0.6607259210296381,Groundnut
43.37849579024718,18.159891316087027,35.11707882219606,6.166171504481081,0.6655348799704358,45.94268860414105,26.458670316579536,1.0404418853927795,Groundnut
44.79982969969075,37.80781864167862,37.53024500718203,5.8310150318069,0.7295396706579751,32.218226257006066,25.036682917922757,0.5829318813237002,Groundnut
25.457286132454144,42.15217602102124,40.161944582051575,5.841466595175625,0.9796343581014579,39.17108509968572,27.725415084226654,0.5899908497982925,Groundnut
39.59102309737203,32.41382196633933,50.33897442633699,6.515175446455367,0.7820517722541342,49.22893377243667,26.864071517308552,0.7300853707850274,Groundnut
43.57341886735704,19.88293536238209,50.3925674110199,6.3118086357595224,0.7172768295298586,55.22213090873328,21.43041591771671,0.946605447304733,Groundnut
44.77726721365534,32.222627249520286,41.44460296922756,5.833219584493468,0.7720780203068441,47.67795925514234,26.690563616006486,0.6702950202341648,Groundnut
23.07460158795582,19.20837058792162,63.468176613869645,5.9940899245438075,1.0854098916478416,37.52730610065924,24.54386022568033,0.7937812389399855,Groundnut
36.79805553419126,41.14550595031338,45.6815552226157,6.429038236963907,0.7464785983961749,50.269762296136726,28.946981849624656,0.6803071093565178,Groundnut
62.29712790749237,25.718829341346176,51.87686435416539,6.436952014148054,0.5862835854635262,46.710477637098656,25.018414844625934,0.5720211735584733,Groundnut
48.58002434194127,31.024026822759623,44.34671747423505,6.280798308663568,0.7819979482152761,42.05840303002938,25.349585237537454,0.6034128681454329,Groundnut
71.5680949147,20.13466728174279,39.737375304889866,6.158392210718456,1.2080986828649076,34.43892280018001,26.064805744965273,0.737259109756981,Groundnut
48.33602304674548,38.65440213827658,55.9424642377238,6.173732088574367,0.8388034898987983,30.087183742782848,25.247732521304822,0.5809015858252121,Groundnut
43.13617574039483,18.202396946283137,48.64385058047168,5.8249607652388296,0.8296569213583174,35.1879552558196,22.87589741216029,0.8732098153817743,Groundnut
50.87917945913622,38.0444219636938,59.03754419251161,6.0836051620008655,1.0997943324881745,33.275954750568786,26.865250836362257,0.6259993428100042,Groundnut
35.696998573606834,34.301289071131094,53.50456372652292,6.556275148261032,0.8429719777789585,46.05565841063391,26.317166464249755,0.7455646113275786,Groundnut
50.4135583958598,31.427996227775,52.58505442055727,5.84438181416588,0.7737453049827228,33.92922804923531,25.69175504401221,0.9462895263780546,Groundnut
40.259152180530315,30.890764212080505,51.80838043429475,5.7210375791053725,0.6955779035711624,47.916125274182804,17.757513185856812,0.5534787260387543,Groundnut
56.008579733812894,37.020978303155076,48.3688640463309,6.54701533918409,0.8430208468842928,49.44315925953852,24.210865727898465,0.7173719024383138,Groundnut
38.676296135841774,38.84438340927619,58.69403468551982,6.68637558419518,0.7183782476644276,37.3698076850793,28.192434151875407,0.7815860803887118,Groundnut
48.28584341523643,25.56457540538398,48.830974313730884,5.996122143294658,0.9268124712158065,56.031093596849686,29.07761385976988,0.8062786081164723,Groundnut
31.17978450378878,31.38131091662215,64.25713569651941,6.05678875467616,0.7881636854179567,56.30819481440782,26.542834805183965,1.0720234486727656,Groundnut
37.671306167714114,23.071709499814247,56.01712892251656,5.96515398408397,0.7606464022364928,44.47482764112339,27.589973683464805,0.792140195203787,Groundnut
49.57064914176863,27.18298385468833,55.93503617173749,7.427230731963634,0.9382564197845832,45.79737766037469,21.7553425725196,0.6043777826024269,Groundnut
42.86289766052696,26.25779831813007,44.855299489258364,6.797844501506041,1.049433383473847,43.72933826825397,21.979300138335347,0.9006051464353619,Groundnut
44.50945726538635,17.914497020783514,51.41187106643733,6.58719227158537,0.31481831901306623,38.403562862936774,24.723864971730716,0.8101766366962926,Groundnut
39.84253415375829,24.175006686182446,51.54452324712254,6.168869735472035,0.9084109301097395,36.10787476020327,21.619167451909004,0.8132903736355594,Groundnut
47.52519910317214,36.45719013265345,40.20666299170702,6.077370515305671,1.0721437775081821,32.81632988804424,28.128651772951564,0.8980757061223574,Groundnut
53.600895142660754,25.185347380926864,37.651285469471766,6.241184383560504,0.5409920646337201,37.30644800997123,26.611835728772615,0.7974023671336236,Groundnut
34.50425173465044,34.73285354710052,49.088729751658256,6.7227681512815884,0.9138272883735044,53.468648429875024,26.19269397732553,0.8469893664545781,Groundnut
32.12882843432225,29.147788800223605,44.64915508595223,6.231750014858121,0.8887773260633451,50.07503723596601,25.980642692677872,0.6734584178167993,Groundnut
37.64269920154875,37.68030251909364,48.147595349524515,6.014788119648165,0.7612624916700753,31.05360257834111,25.088426535868606,0.6702430086102106,Groundnut
39.255330496446625,41.092201328624704,34.59461292412099,6.497790026471054,1.2373416321863748,53.618143229733505,24.92115304475558,0.5298897040865008,Groundnut
31.379378234155446,27.119138135297348,38.816993394774826,6.098526865491722,0.7347373089057512,44.182023256914505,26.213029869113242,0.5143305670806355,Groundnut
38.1775620386695,28.88229542024263,43.24063325919058,6.814198638075759,0.8464493185447716,32.091281504324606,26.045453403966913,0.7818495584115968,Groundnut
43.74871971755262,21.50622327913559,60.82249225782117,6.0004325041972475,0.9321544412831868,46.60040423251148,26.502026372574424,0.9560286886250995,Groundnut
50.61638872141035,26.089350410695268,54.95393047615165,6.123292153987646,0.8327116022790536,34.65533113587368,22.41679693165812,0.7077080005654279,Groundnut
48.68086708580872,18.08326564116279,49.47558631200598,6.070559886552476,1.0559376031342333,42.184284569403935,22.190944326125035,0.7113706836938878,Groundnut
35.83764998921275,38.88261599003188,45.0047718677979,6.257530545533879,0.9183602037862016,36.96042048639765,21.777115861678716,0.7612527369162455,Groundnut
34.003292919911914,22.299928923753804,52.53080428098799,6.447017950795503,0.5492340915094178,40.046911656469305,22.7406711101342,0.966447894706087,Groundnut
54.06010427570608,27.05408607796308,50.185752204091436,5.920267867939367,0.6654707697621014,45.83890612753509,26.130576872864783,0.6853811311729834,Groundnut
47.48013510714226,30.548355219671883,43.527803381799146,6.217079234186549,0.7147470254644432,46.85550006902871,26.02703897299864,0.7297538750978251,Groundnut
33.21402949998941,23.00750504199769,48.589936253532606,6.7120685241878455,0.8304830923117511,41.706652700184044,25.56085113860694,0.5294767866229857,Groundnut
58.089431565364634,31.306159011556197,38.974885081105064,6.253297269493995,0.6945927535872769,55.49335981453467,24.49439977638235,0.7233048619173389,Groundnut
50.73726456651292,24.814633773648204,46.74338519521641,6.3768419594303785,0.4891842357958758,47.02157191022088,24.885594837642152,0.7194949438173994,Groundnut
45.35629713490567,31.814189110650574,57.036089031085424,5.969737924616169,0.731569532899916,50.33294903170269,26.202314669319776,0.7689108330013126,Groundnut
72.53577215673337,34.29894866881694,55.178440166295225,6.214019823521298,0.6014175252205436,42.485460566130925,26.77990042835851,0.7610241782243763,Groundnut
49.0325137059888,28.499589292420104,41.63577643068322,6.249639971597882,0.9448950900330426,51.72581942536335,22.48439587582193,0.8143513839147174,Groundnut
38.4927876924377,33.282451562887374,43.272308317837606,6.738420793786916,0.716385074203771,46.428894727158266,26.51648289389857,0.5689061724815676,Groundnut
44.27142944573055,28.13390580763804,40.37567864934624,6.1768775595846925,1.022402919627359,40.21159412191734,26.416019706679016,0.7471892503046715,Groundnut
31.030198842248243,33.63418606898509,32.27838111218075,6.475865711886245,0.6985616713738304,45.066938026051616,21.764300125934152,0.7183573485407223,Groundnut
54.269504179706196,24.351242003841655,39.5354962247039,6.427293886598897,0.8959236647293879,25.526565612731947,30.038515909456933,0.7792830225322497,Groundnut
51.96918662452961,28.99521687336588,28.301818423029797,6.488922177150067,0.6869623943538228,49.35145355346672,24.45299732434318,0.7357059068674565,Groundnut
37.250036185907554,36.05072259875252,34.30458864488095,6.928759439094973,1.2475897269974026,58.061596683732084,28.188697464436274,0.6873177462649538,Groundnut
56.665467057472085,29.326764512067108,31.018342119792237,6.720896395928593,1.025764892584501,44.749287138756515,21.937039356672123,0.6120698985131539,Groundnut
26.788544151124903,36.61556596832584,30.570219298222376,6.380312643641069,0.6312613304440624,33.58637244000418,25.59588773319643,0.6499300922031952,Groundnut
53.38189105425368,21.12676311889905,38.1841681907356,5.6314601816225505,0.3631306635344155,59.3855392798281,30.208995610249172,0.7139089307835929,Groundnut
36.761712340934885,27.910857521569252,52.86216782237727,6.155971074449827,0.8475267734083379,44.89795159615,23.577968324792856,0.6210710881012192,Groundnut
47.933208716855084,23.161783045287912,49.065564110611646,6.1679578912982285,0.8254734609296461,56.07170052934847,24.57951988693262,0.8379706510287988,Groundnut
27.079671441161715,26.70745890451584,45.249197589684655,6.838532590177809,0.40800958334802195,44.23032110485779,28.641722127290656,0.5822469392099692,Groundnut
42.8716118957433,32.322172895388775,46.660576983505024,6.738415733127236,0.8896947620146465,55.62218316411375,24.099979106725222,0.5889211883124554,Groundnut
42.742768069803645,21.88627834642679,49.35160526589085,6.191954128428531,0.6656422200045049,48.989267276968015,22.140710555064278,0.8155753320783691,Groundnut
40.21662611508639,38.11367510865929,41.465361795933894,6.476934706636219,0.8359124747545812,50.95121498971589,25.27486723036907,0.4504903881485134,Groundnut
55.08793539242132,29.38621954279465,52.105644696193316,6.49326901352328,0.6453407037977317,37.68163675859763,26.63838775362251,0.6545126455884229,Groundnut
54.36429279466497,28.752593399958837,54.2106879970346,6.418525255578548,0.8575949987428297,42.007910410077805,25.581069035153792,0.8789279072429064,Groundnut
44.457845413366805,33.71822110578699,45.417240686247354,6.334889131968718,1.1446821513876597,54.61384024831641,25.198509537989295,0.7321681131904051,Groundnut
37.98129496449031,28.789199176145328,47.784580087937535,6.538171805079355,0.9498441793821839,36.12592755276392,27.442456826696578,0.686683948093367,Groundnut
35.13008644322462,39.35469316202345,58.169510970641575,6.373849155055384,0.941758720381047,51.13959366995546,28.489430382030626,0.8092102788147587,Groundnut
31.723117225614313,44.06865424279789,54.590912005320384,6.157333222523626,0.5940749855285181,49.03850744323267,24.30434990408105,0.7494993030998438,Groundnut
52.434068412782636,26.034906784022432,34.95502806584096,6.408029171004154,0.6933224289446054,46.168766285859185,21.641683907594338,0.6621725913288043,Groundnut
52.14951891039997,34.241527553527575,37.90477826214058,5.972885976590946,0.8031527379503585,49.48826237615527,26.01293785048138,0.6231760233458035,Groundnut
47.978244424866034,40.51648829893196,46.84630218578125,5.842718577970786,0.8406400676201284,61.35165576970087,21.78152296721101,0.7044586992743532,Groundnut
42.73664566967866,30.67118071492545,46.748269378383945,6.619192156097618,0.8169566572801622,55.21807645769638,24.705860853033794,0.6474794839038049,Groundnut
38.308170169613945,17.28039079615893,47.48203270733256,6.875120080772116,0.8916470954571722,50.49397883329344,23.96742168746386,0.6633499913089493,Groundnut
54.84641488333262,44.06085548202874,58.391531422171376,6.525468496323846,0.8070301158781018,46.67775131413859,23.116231701429363,0.48277487180460144,Groundnut
33.73201642240059,30.348600241653564,42.372069647159904,5.888556322678488,0.7925353241900528,42.45255740427244,22.0678778617898,0.6444731484069893,Groundnut
41.790469992836556,25.68354002052873,53.340031482983456,5.767187562613873,0.4028402018578058,45.02628627559273,25.240317973480764,0.760632270402846,Groundnut
39.61026491720906,23.574533364353677,44.93415480574547,6.1763581221025605,1.1102142809311388,42.40618200059846,24.867037120707305,1.0713127209396913,Groundnut
43.05239773269313,33.89309805639363,50.816784900477174,6.5047924602411,0.8578974530822505,46.55072635528408,25.25083572459279,0.6136009146649339,Groundnut
48.25518802839268,44.200520861972144,55.896137180672014,6.385097046222898,0.9711659596211981,38.046592730154785,24.348719614500702,0.8421774766276082,Groundnut
59.87167193458191,24.603936795332352,40.647705215191586,6.91078522228599,0.8192522499537945,59.58689578160303,25.51714329318948,0.7369270423488152,Groundnut
41.94509112340103,36.5978859905716,57.219997952735994,6.010199375560557,0.7295098895559127,52.320628194993766,24.67612840553918,0.6259921797200184,Groundnut
55.09542153869402,37.72417243298758,40.95322118395075,6.359462627836624,0.5583050408191534,37.83615271617041,25.31041308033345,0.7047110181369765,Groundnut
35.331239082693656,24.988182526920973,35.41460067039996,6.427416759935698,0.40647216066162,36.907382163518434,20.342646130419197,0.762853090578697,Groundnut
26.972664499452986,30.222104389748782,59.75571614172681,6.768561514755852,0.4388184861642358,47.38727681304765,22.527571759048865,0.5210295946434612,Groundnut
43.86530045609926,38.59803809853188,50.396929867983225,6.099760540024794,0.9410067994820006,27.050333344946566,23.117635503916897,0.5764162682948124,Groundnut
45.783206917389315,28.580204254380003,43.72676015742103,6.251078531570281,0.8044814481978174,49.321047735665786,25.373327565255956,0.6573472275093162,Groundnut
49.01748279804782,35.782864805569346,39.99576698349634,6.28336723541165,1.0323813126093173,36.177914581861145,29.51175549063986,0.4991267537890637,Groundnut
41.546353887952634,23.348670021867918,64.69134297182438,6.159061991922798,0.6998317686942934,42.03401008048065,25.239007019734874,0.6507337331643233,Groundnut
43.671131953776005,5.295530328833838,45.51443852401645,6.304985854016261,1.0077137594824788,55.47248758623522,24.530729846520508,0.8224343622510932,Groundnut
33.98431219555194,35.37139639887273,39.84771780778881,5.968284708923584,0.7628822643591899,56.20377957758223,25.452513841827116,0.924473222151757,Groundnut
37.512672861841956,37.33495773183593,39.13055966486749,6.363092028016977,0.8433365657318831,50.29193387139338,25.62685154977832,0.5891223193267273,Groundnut
53.80306952092564,42.12159616027776,39.745769199694934,5.786135018595391,0.8998639136707578,42.35055684758281,24.67224286011176,0.7834266633596517,Groundnut
40.436075701744016,28.1180362005943,44.09892434757072,6.711531102635805,0.8060139208227164,35.11461135348032,22.010303797147213,0.7208844882489401,Groundnut
33.70571999309021,19.063875591530874,50.71982391840609,6.49165955280322,0.7263726932212294,47.34927432921367,25.47030411048875,0.7903629078953628,Groundnut
51.04749903939799,11.759479887309418,42.835509373658454,6.445013172689877,0.7179086817921971,45.289621114078614,26.876749954195194,0.7121387849878243,Groundnut
60.079194172348664,37.88890376596785,43.93292262325709,6.2445470721970615,0.22993517895972715,42.387982424875794,21.616827768223683,0.7331844313000934,Groundnut
46.52870711120002,34.87099029218744,57.57003424753372,6.2926445596918485,1.2560832623846392,46.85961156175923,21.72445901570842,0.615689218733482,Groundnut
41.27253299692178,34.14489005807365,36.474750897936296,6.216566752813369,0.7677919438407828,41.41503353875565,27.028538454199296,0.7961982082698034,Groundnut
56.66567135103959,27.682823732221603,55.82274810883112,5.918080815926427,0.5223231398020286,35.289586511270294,25.023029231580225,0.8803567174866633,Groundnut
38.9785791936037,26.66314616524894,43.05583840221596,6.460391874548543,0.7044749393290852,40.73266433666799,21.636511841605774,0.6142418333234319,Groundnut
56.77461752935333,30.636482059349337,38.34130940776876,6.6461203123641015,0.6829572995879626,56.35964463585972,28.509017444750253,0.7084017439562003,Groundnut
30.014504726283125,46.02650430742028,48.485484506380914,6.209311633078235,0.9912255829550112,50.61842229617078,28.2773458747161,0.6006478316980155,Groundnut
48.18473412774392,21.698908388285442,50.997009561671106,6.293575296504387,0.8562018510973625,43.82920220927624,24.372527948529097,0.5697653238977929,Groundnut
52.90430214684233,40.42792825719006,39.98998476980923,6.4549913413919064,0.8864367249320485,45.06478249079087,21.18351066658821,0.504760397333411,Groundnut
37.190180488484295,15.026966934996478,57.67227656915053,6.40295690417032,0.7940077903201757,27.47811344585737,20.440322862449,0.6996487917719562,Groundnut
64.70489965483978,25.109490628888427,52.774182129711946,6.165627325851011,0.8110478518577734,54.717470791143455,24.13512092458364,0.59648426379218,Groundnut
59.18070554124764,30.318904747795166,54.82084581527547,6.108130309852287,1.0813348417921953,47.18901819627689,26.086969065536646,0.7197443967143762,Groundnut
39.94525018003498,29.9882203265352,41.01668785809571,6.56867289754054,0.7593885665862676,33.027942177648804,20.80144066252679,0.4409922771519363,Groundnut
51.17970757553941,21.939469820385888,47.7007719825471,6.338240864897595,0.7870582810180446,48.50724162705895,25.395758842726316,0.2935405385828575,Groundnut
41.7637475915151,32.97572193844402,59.76254529679498,6.772208132643099,0.5273698972829487,42.202197605497815,21.084712965730006,0.9279827612665124,Groundnut
55.12856208148551,32.454115208042225,46.49485375134189,6.686576708097853,1.0422650389520278,54.26435757324897,26.14169964945565,0.6476157550728756,Groundnut
52.67124832017557,35.712293336785805,43.28426277367236,6.201650302726412,1.0266626539116421,58.31292887015685,23.126510547713085,0.6604934986828038,Groundnut
48.50933076454698,33.40619298424028,40.29870276682835,6.827385776496332,0.8844190531090343,49.25106726776443,29.397210203779384,0.6326407562133114,Groundnut
44.11568123557722,21.2267443968486,43.4488457497178,5.8831002932980985,0.9495698708386344,48.35997400055994,24.30732673240365,0.6849364438273228,Groundnut
52.614664151889905,22.049427391770713,46.83751080707271,6.495862745808449,0.4435451845185517,50.47950404561615,20.814843841846084,0.6823608274222701,Groundnut
33.36608895904774,40.0187260550301,34.58591051262887,5.837946830249693,0.8266704283192632,41.69037615983342,21.238486928340166,0.7788722798732274,Groundnut
25.085009375503205,22.746313191918127,39.82303556621294,6.524622269803439,1.0590936734026304,53.822257978620584,24.61681552384442,0.3359037632807265,Groundnut
48.90853021218558,40.29401617457229,56.104113670322114,6.429625722728241,0.5620994471323095,40.79754397097268,29.834535996864187,0.48749056980037986,Groundnut
33.52158771849614,36.59786085815699,41.11956679675025,5.969108565782705,1.1055942357446031,48.68844782516112,24.045497089057054,0.5281337746150726,Groundnut
65.47406563859937,29.828837268773746,57.575952562225446,6.550217392490643,0.6958196876673532,40.89647108008175,28.6157872448348,0.9193775998929966,Groundnut
26.230840238792656,33.848461826875344,43.90906675748742,6.010669514377218,0.8523492189434395,34.20322567210884,23.83386161338475,0.5802289400845049,Groundnut
40.002087358440015,29.499650544366062,35.859900042850626,6.740490128084523,0.898656646678825,59.35650422705644,24.599800077304952,0.6176815056554336,Groundnut
62.584156144930276,25.953581820882103,43.39537180209788,6.501613274939248,0.5524548383405443,50.6903574783492,26.458367665411508,0.8903987977056749,Groundnut
53.90044503010141,39.099848470143,44.00620289542431,6.058452310762023,1.2219970828166726,32.786435075824265,21.43371730281548,0.7847692060763246,Groundnut
61.249860481773496,31.326855921399154,53.99373329731985,5.741175236307852,0.7000910075637726,30.008417542853927,26.95102739557165,0.4679153010116478,Groundnut
32.221811539673524,33.59817643472982,54.556419168159564,6.25548892969582,0.914034500821702,49.30230533498474,24.46143285139382,0.5357941775670626,Groundnut
50.64891406884642,34.29166983542558,53.04621962781233,6.3873785987420915,0.5663000173041348,50.52272129095344,24.996547299429146,0.6275893833514985,Groundnut
42.05364162806288,25.16819975126734,52.99959400968986,5.902927874597594,0.6013028130387164,42.36981692262644,29.034377120597497,0.8581420823639273,Groundnut
28.591591967527744,39.459429621267404,57.14478195285316,5.971277668713659,0.29570834588071093,44.422227021222064,27.806061023249555,0.9386892954700303,Groundnut
36.2917273563875,42.263853732640754,24.94860843764969,6.1969458281278,0.7165578661568506,54.21869619939442,28.24575616484945,0.8431335483150093,Groundnut
31.494499512541054,36.038333222592456,49.581377717341425,5.832054372121714,0.38659723423966263,53.30391432016621,24.549751747551888,0.5072226861317687,Groundnut
42.91828071291231,32.54828756779242,44.25433985999208,5.8654438771246955,1.1771113807128222,53.03374375190314,24.16155637081633,0.6557358016146568,Groundnut
48.59487394713176,22.09265022981768,47.904087928832716,5.927394917678986,0.7858931566309668,35.65142800114513,22.204790044183213,0.9468583920427314,Groundnut
45.59225894284554,31.451845397808174,26.897581250268093,6.132839507614106,0.8922424237408695,46.55309012758004,19.614925446615736,0.7310706874985622,Groundnut
48.665588035496896,38.9863339873909,39.102919929554915,5.672220758362012,0.6006458496389689,36.223479689051544,26.841772194449934,0.2924895117407023,Groundnut
40.51643539927378,39.980568315040784,45.06491216550271,6.550968708529399,0.4716403332897825,32.18408389434942,28.593106144613085,0.7151823048635879,Groundnut
46.03274362209144,22.172930203251024,45.90703556055208,5.979137480864773,1.03737408978113,66.82264567894538,26.209852634163322,0.6047580421807685,Groundnut
19.663416695053417,18.20875119820361,58.993756479244226,6.0118262838840995,0.7258330236626976,50.24260779663343,28.705724498404482,0.6700619618254242,Groundnut
40.95333130333965,30.501347199574788,39.351259650247044,6.1393306230779725,0.8823760235067748,46.482332142675894,30.32901326639646,0.7658273224953144,Groundnut
56.51145548093828,22.501003762938083,49.72641561027244,6.097565222951704,0.8790906526593116,50.50811678491873,25.124672110003683,1.0610988582212189,Groundnut
59.279797691084525,38.24071732980367,51.87857573133012,6.793741028964412,0.5126061405061568,55.96226494392461,22.521889220001192,0.6153491321399905,Groundnut
50.61392444061668,38.632541158575066,34.61781031486234,6.156487434250235,0.8195064145002622,43.50907196243429,27.13508015308797,1.215389142397678,Groundnut
49.1932070852588,24.853624932863788,33.33142502424904,6.20892890419603,0.611950022794242,48.740398335803384,26.130054089460565,0.6305247693212565,Groundnut
64.84955013783784,24.851868765320738,43.92512038891643,6.478965546449149,0.9784109787539658,55.2206121723456,26.071241197483097,0.8576369051181995,Groundnut
38.34891827972061,36.42657372245267,53.1425623514076,6.72360826893099,0.4663128015542915,37.74253507519146,27.057852423418254,0.3022953280177904,Groundnut
49.9200617378835,37.41863097451957,39.81262277204604,6.179546799968665,0.5851725305520192,40.82762304214877,23.768578745095606,0.5975738088301717,Groundnut
37.62321822215503,28.102966505781247,42.45206115909491,6.824756931961096,0.721162971376598,47.753201729534865,23.557792583809245,0.6115606336237813,Groundnut
27.956294622673777,19.00043626532235,34.137015483123,6.35143511373282,1.0152347310569172,30.706683784835857,23.62730799662796,0.4949663935974477,Groundnut
42.3572290586645,37.53038645595005,40.97805838552822,6.286695247784085,1.0910456792784629,48.663207444063275,23.099770360457995,0.7238372928753587,Groundnut
36.72450988597709,32.943374089152,49.63806138665483,5.917195283860433,0.8350298834771548,44.05941393603264,26.36169349293028,0.82470205765287,Groundnut
49.77449604124605,27.877646526341735,53.399970187776006,6.055542422633129,0.5358956013261001,19.437706523513597,24.824647620657114,0.5767680340759846,Groundnut
48.97754476075351,16.20140824168943,39.1753930419045,6.431675573642056,0.594032770730204,48.27405398890289,23.607443512329898,0.6950787535330003,Groundnut
50.95158006416855,36.66957916180719,45.83243170188546,6.072077117433952,0.70839222752407,50.095642904695666,22.446866041293482,0.6732900105039691,Groundnut
41.14115901638525,29.276467516767248,35.916457236755605,5.781455581380609,0.9041485231919287,52.71305138790919,20.51956260625461,0.7553389241389324,Groundnut
55.83182914845177,34.17137732733626,41.2499683919154,6.035821016469788,0.8161956158699979,46.982280470775045,25.239518777889746,0.6729798054823651,Groundnut
34.17348275877242,32.95881803916196,49.23769044972171,6.356230195129268,0.8221987290142515,58.43399590196884,23.43905303856651,0.8922152646184983,Groundnut
37.65975530778162,37.762654010694995,56.1003079507249,6.217945663047472,1.1321926108121667,48.75228709396871,22.80681889714858,0.6438765108416186,Groundnut
56.32762306106652,36.46145291313655,35.47763638758639,6.26100795258666,0.8407045965553024,40.93916328739513,30.8944993084368,0.7350495615107988,Groundnut
44.38187809096951,38.33595730980663,41.71307818645049,6.5820797309728505,0.4664535208834031,41.37076763003547,27.622676045943116,0.9355296580884507,Groundnut
37.26704286994007,23.77124854646946,50.10701787333413,6.12555050942304,0.7462844164489213,52.011240197897266,23.63974454596497,0.40518613726964714,Groundnut
31.98915564394119,30.069689100041966,28.22919166374404,6.21679508315675,0.5215806967512016,58.11951205492478,30.41285648691418,0.5412704346486897,Groundnut
47.56758680037918,23.277173876022033,42.2161595815094,6.804971411827625,0.706662290454703,42.71170030210309,22.643676831930758,0.8719284066497295,Groundnut
12.367332974759734,26.900418749278654,44.587025152780875,6.114898347641744,0.9727091015462335,54.61621827176379,21.469901217801212,1.0140229980656206,Groundnut
30.767411756464845,39.02041477173089,46.34844928682125,6.158963692808132,0.7181266140648328,44.73189767471749,25.521044654659455,0.5619768472942712,Groundnut
42.660600423216096,24.605290239506836,34.06455425633514,6.071152723311789,0.5700050734609121,41.63876069799585,26.08118726367104,0.7181065531266944,Groundnut
64.74344776660651,14.526828903960581,49.2240686959277,6.301797666786818,0.9631340684743934,50.73172163448327,24.58752062466206,0.7258976927285133,Groundnut
37.559307870815154,34.29575985548118,28.09011553089569,6.517511402821809,0.795365311152778,41.103503697351286,24.418667001383184,0.6761205648117429,Groundnut
57.973037604805015,52.63445564273958,55.97883741735344,6.141708779950868,0.9259563648570559,50.38663332845987,22.68709819388195,0.5108801054168977,Groundnut
44.36719071083211,35.65395321891005,30.493725591587143,6.098148597056766,0.9145303417980813,45.33378890616464,28.54068405149749,0.4882948818885484,Groundnut
68.52164933449455,19.234052895012944,26.737526530545654,6.283504421740754,0.5731082143507982,44.68995468764097,24.815682802613335,0.6706338681838853,Groundnut
36.57588967803221,33.02859306805784,42.143965967095475,6.6090261638113335,0.7639255494943387,37.28282061706729,20.780723620391537,0.6741835852827442,Groundnut
32.30795428637377,20.550267021966555,49.74711578232288,5.80225238287425,1.0824386756665825,46.27773107516432,24.890393422437597,0.544785108917412,Groundnut
52.64372296342938,29.979665464818233,38.825130215332784,6.3559509150624445,0.463442908912124,31.91738294760689,22.199534786747304,0.7524290901414571,Groundnut
44.96741678193868,37.34285485889027,36.72009133048281,6.460906995334776,0.7772258895209438,37.45563844207257,25.963269176782298,0.6900982212632151,Groundnut
38.70880805854601,30.29399361000864,43.83422652656347,6.256967340815099,0.7174813700178402,34.5604116888509,25.18691353973718,0.5795928439417878,Groundnut
34.79671132355932,28.31510109128175,51.6062388975496,6.351971782153474,0.6937715583284823,40.42923153705714,26.58953315547192,0.3404896345829139,Groundnut
52.9736498919948,16.881889575487627,32.26132882509317,6.1560055672462966,1.234024828586169,58.419354880114135,26.76621938949284,0.7534813567443175,Groundnut
26.377230319875252,31.097307140164894,40.057006332960256,6.071332586585638,0.8309606179949319,41.23111992442641,27.173248864922126,0.40960678485809987,Groundnut
45.75011422345982,23.846319435401696,41.31327753975876,6.385295397454187,0.5765384274779867,46.31385711449972,24.469154486976837,0.6009119702234667,Groundnut
40.2942751398908,28.918136761691517,38.08947138693109,6.301986453091171,0.7443646756667849,40.109739703464314,28.97460558475746,0.7622859883842431,Groundnut
41.17287767377046,31.02102301577296,35.75861876903843,6.177703950101996,0.7359845099123505,35.02564872072094,25.968385119986046,0.624158094608076,Groundnut
41.445333325525965,26.018960986136513,71.63181531578789,6.114467757951276,0.3862646092228345,32.200544232329314,26.898256556738588,0.9004679037524694,Groundnut
38.182028086271465,38.95264768744825,51.6743099985829,6.246945563323895,0.7479107432458929,46.446961811325224,27.193639555384102,0.7595941848392533,Groundnut
38.23191698201304,28.780550670815824,62.83137109249732,6.3703398632429336,0.9738650853765232,49.31907989799386,25.683394359994256,0.7163048350022603,Groundnut
53.973906253249794,35.03049564717478,47.37504130210394,6.105746492846591,0.8771117611096945,44.46393650825533,24.22936022163731,1.1018163962449101,Groundnut
29.609486922921725,36.70959001340238,37.23596150171552,6.336734737016151,1.313717503818037,37.3010480414075,23.19031836293184,0.6973729394272599,Groundnut
36.52783042368638,36.18839445658211,40.18923507543035,6.4831226992418145,0.5341621736399862,30.545347982766195,24.427537552617377,0.4647238242943607,Groundnut
60.1826891276545,19.291375566535017,35.660819810963716,6.415813567932891,0.6827272099875988,32.85289624105917,30.0999104001799,0.5497549295260639,Groundnut
43.03742192503451,28.53565235925779,51.3927823676992,6.429458688987896,0.6346397924537989,42.39338226045355,24.43269391614546,0.8123439247297842,Groundnut
33.31678085141399,44.12677389729048,38.167349512865,6.2975501689081534,0.5680021120613516,34.61472790687507,22.81392897730594,0.5544215173503617,Groundnut
40.857429758451694,23.147244798653816,51.259971791647885,6.080764509310855,0.621236901309617,41.85624908706185,27.482097196740735,0.7322314260415599,Groundnut
44.0031047011253,19.968686610219248,34.71562386122662,5.942045216788905,1.0613702447344693,49.24450498505318,22.845948727689514,0.6153442534261516,Groundnut
36.74709823762666,23.798971485335038,49.142709280945624,6.219489858180392,1.2162335488594929,55.002878596135986,28.273700851166804,0.8007035462422188,Groundnut
40.77340929492811,34.18453619170709,41.86050574924208,6.7564772942039415,0.8808558766099841,47.09888286882412,25.317681656073773,0.9610399641041287,Groundnut
30.662496661632144,42.868014793681084,43.32461573291276,5.9062782867716175,0.6495580536713889,31.793541898211338,26.6341418639641,0.5442560574480221,Groundnut
46.686676662047,37.939519211160935,38.95184764290477,6.22493096595317,0.5393266780167969,41.89314312839042,31.43505906318343,0.8166899746165662,Groundnut
42.35269581106395,25.718183746727995,44.6162994390921,6.336414210614219,0.7161860585708485,49.24047356616904,22.616381274848976,0.5562418487523597,Groundnut
48.701954570502046,21.819507725049213,51.56115527576286,6.296001428528858,0.43441815625655733,45.875993004487576,20.787133438527512,0.8040043014483491,Groundnut
42.51285670749404,42.95758951554774,54.641815599353464,6.003006098255089,0.39585202723171653,38.95918994566901,21.94685349292407,0.9738607130315641,Groundnut
44.896853407198485,36.533931629282165,42.43472178704473,6.249693103281419,0.7934745954982184,53.85231454873957,25.779061889186497,0.5413999234785002,Groundnut
61.22514138086417,27.95029150709581,40.90031888511017,5.50773851537027,0.9268799182322675,45.80810111729507,25.249814141504757,0.6395762993333772,Groundnut
39.247821598672175,27.41293701218699,49.16844784014552,6.478952976449338,0.7537936823250804,52.59149995453407,24.802564547456306,0.6243660372814517,Groundnut
46.98415574907364,20.484295070542977,47.094464781713235,5.868189010452616,0.5944546080032472,28.850468746267005,24.56220761832125,0.941445055346364,Groundnut
43.829233389185646,34.50509765603189,66.1708250758115,6.413135637473626,0.6469575910823956,39.9794511781133,25.001645520557517,0.6050658032108613,Groundnut
39.41913000186568,36.89677736481643,54.23540652694991,5.838870105026374,0.6363660964199561,41.287964904692856,26.49772236541313,0.8714613382758484,Groundnut
72.01967934273884,26.74028692602137,41.25844157092174,6.46479960437856,0.6635566562090282,43.872305108075864,23.962404728041136,0.3067519117143731,Groundnut
46.232332301515456,28.72347328488047,56.441079452312096,6.301537314110179,0.5490505043371656,42.93520901616381,19.77229289215843,0.5183623247200536,Groundnut
51.35505968152998,28.26861692032436,53.30257415548259,5.749270169754146,0.7515077205352494,41.19590001289772,27.389621456533014,0.8009144152249934,Groundnut
51.42252150088298,40.78987026658871,41.687216016420905,6.6738226338842015,0.5911587698240528,36.35297800187445,26.881866428745848,0.47428888923867973,Groundnut
50.72765628418958,30.709192356049282,54.64667455789385,6.28335568981263,0.8112097892591055,49.074119943399246,23.343376124850554,0.5940690538764668,Groundnut
49.74429439843419,29.79498533608554,41.334174744261475,6.276820452084653,1.118911901567666,41.45585274608086,23.819950966794963,0.4438833663006257,Groundnut
54.57647061842885,34.59818457868275,62.52578304112781,7.030300928456549,1.2911667146161767,45.849843215041936,29.782375574230656,0.8476453983216342,Cotton
70.69978196107252,28.812147834036253,43.05647761874643,7.185841248231918,1.2561106378645555,52.55996314704912,30.203225890424264,0.9918208683796848,Cotton
61.198539803265334,31.601674143570396,42.53515190806828,7.086267029663943,0.9894993286257365,41.692080107459766,27.13628296577414,0.7707600383275202,Cotton
54.02669290461489,36.54514133512809,30.49161118412448,7.0531982010441965,1.3404979558305126,54.96038806764972,28.829903345962656,0.9527324533873808,Cotton
56.68935995758742,30.02003803148944,59.76474078904977,6.999105600790502,0.943528506396528,35.87807804694481,24.219617734809606,0.7792565642297866,Cotton
55.11391812500477,27.47799718269332,49.89984618846439,7.1414157769358955,1.2560896361220142,30.955888027958537,23.780788325560955,0.8431764933431523,Cotton
41.248667615114044,33.83240783675739,69.55218278878613,7.4533857449500776,1.2475745181264184,45.670476122576964,32.62976862549114,0.34984065056593433,Cotton
50.35664323919365,35.93944294353621,51.964416929422384,7.34713792640997,1.0921291879379615,41.05395088270078,26.313313339385157,0.6216233561787908,Cotton
49.52890036852348,31.898164077857434,48.0289153075942,7.2668973673775605,1.2306451849205648,48.79533152775872,24.177689110017504,0.4450785179820334,Cotton
54.95814244368236,50.291604294916645,66.39587900285113,6.84475503361812,1.1849024268862682,45.82069525954947,23.579029398167847,0.9054438803551906,Cotton
53.32575873179059,29.365234087744977,55.2140619349047,7.320471239006211,0.9489635683597185,26.344239961724384,27.807388232250112,0.39345128707403065,Cotton
51.9889640486446,38.30812002901173,60.21184513157864,7.291859698403077,1.224070273040566,59.282675910267265,25.529400930857964,0.7597197515512485,Cotton
50.618795287873496,36.697608889404094,54.445826115545536,7.481276566244333,0.9938368089196048,51.257012205735876,28.482848826359927,0.6951308396369529,Cotton
60.42442337859924,31.828850712704345,58.20359212226629,6.942076099533571,0.9596822984890018,37.319431040299754,22.792137555129443,0.8262922498798938,Cotton
42.64836027824521,28.476470613350102,60.8324053733293,7.235031080787975,0.7450696126325523,39.26521539819938,28.149361748622056,0.7078024163893489,Cotton
68.44074957673544,24.247351700597783,36.55862982828823,7.226891284695186,0.9925827760763025,25.931675219312016,26.603719023583814,0.8845836963897551,Cotton
42.36747382187302,46.35197167763087,47.45906564917004,7.02436303915521,0.8561735164304785,40.33288278956811,26.66563044560331,0.4765759146503369,Cotton
83.25826968950909,26.53263981686914,50.549836984245744,7.271330046219023,1.462850976669694,49.011494944034425,23.997049692433535,0.7320863514241993,Cotton
36.186275176150055,36.3119355692565,40.283306753225844,6.775103629389414,1.099359699193738,43.5600524891281,26.347663441511703,0.9278625515099321,Cotton
62.23239582192279,34.51307327844946,43.93539188213803,7.475823011312713,0.9393869711442977,53.900339463896756,32.05548764231393,0.7768984798545662,Cotton
65.3201309767942,8.419561658601918,53.244978260586606,7.308606379177471,1.284902053662817,30.24221329520098,26.265694900330317,0.319545174219828,Cotton
59.12992840172753,16.816701191412236,65.17430058508815,7.331162961000874,1.0051266371187004,44.170207443632705,26.45725318984873,0.7362862592522299,Cotton
43.5274057675685,34.357448362679364,40.22933292798025,6.4876195545477735,1.0756143366666018,38.310053763109764,27.680754326379375,0.6025738764645506,Cotton
73.85691665785589,31.124234925656094,57.09593600664603,7.055225485673973,1.3005819737896158,44.60813931587572,28.105044749270697,0.8103976157298386,Cotton
36.75385362952809,17.49206644589956,54.31547129228701,6.944651312849067,1.2159619688096417,40.160135217468046,28.454662336135527,0.5131607095658071,Cotton
54.89255429591305,20.612602834295508,58.481721409342605,6.47408018813827,1.169662019708176,28.248004952823102,26.041180516945513,0.8342391537173873,Cotton
57.273799885984175,18.480378433929893,48.94845539775378,6.579614012866496,0.7610483000789614,40.941305409071795,28.400745858900258,0.7660908881073534,Cotton
61.02626814879751,29.91662404379927,52.539488031250286,6.699540588422552,1.0119840656499004,29.429212917390636,24.887086182182703,0.7133390305657062,Cotton
53.82193912459078,51.45309626526343,42.88783962245493,6.964972358167101,0.8152535777592552,36.89771299224039,26.132267044712037,0.8267320039349707,Cotton
50.50333460782079,28.66076279960689,51.127138337750026,6.607705511663982,0.9695795256413786,36.94450627932946,27.18456470851596,0.7838420930837238,Cotton
52.654034902889705,28.23476615213057,39.512681573616526,7.1511256648317785,0.9608204225699919,45.976985905838205,30.291099869635488,0.6718127459960491,Cotton
44.76688719234108,29.883109708395914,58.13831798216775,6.911654399650918,0.9871923181241353,44.50825768557931,28.243945686735486,0.6480565539509263,Cotton
38.4593383473931,33.19464729765617,48.09405525902761,7.0600155011036865,1.1302314463358074,24.88842058365868,27.202704211028934,0.7771798788061682,Cotton
61.37152415310487,30.82156025767419,37.20532560445369,7.3575826974122585,1.182204533508516,30.373445365036183,25.030592399604316,0.734683631394178,Cotton
61.79784193298256,26.584260005566087,62.42972866641168,6.49802528785195,0.8915081977812427,23.48508792126334,24.75648714282577,0.9262115776816142,Cotton
75.57802234585402,31.642133277613098,49.25413713458301,6.937940827761736,1.1946679781666045,27.49615318688734,25.56875206004699,0.9152339611675373,Cotton
44.54289930671638,24.7568257051692,55.11874290383297,7.079279832661318,0.9749991907601057,40.615715066015646,28.5198488343486,0.994217773564547,Cotton
53.73755620565219,29.71091879261606,68.7470711138156,6.846233559676533,0.8351293934475639,42.0019918052717,29.690437562719787,0.7541570702799528,Cotton
54.02984342452754,19.861246388056127,54.47467679258464,7.345283379368574,0.8531765836921558,38.04202260957383,26.0312881696041,0.5953443144043382,Cotton
57.47923004519006,33.103136688792056,58.89544214314093,6.726493266187765,0.7708032611332636,42.09910749224583,25.73520239629337,0.9757468569530179,Cotton
73.84509696014946,43.93482856077228,46.53900189068758,7.159423344287786,1.274190503450297,46.06683386835522,26.114005139515353,0.8918747354447989,Cotton
55.004749863665225,30.896742874548075,41.15949893400571,7.180534191480437,1.047917657285518,43.7182308968042,27.587784249511547,0.7271404864995655,Cotton
54.54286427533316,35.50619814262318,53.2099671680344,6.592544722553165,1.213791121274787,33.52795580070689,23.68934539329465,0.5466634998786102,Cotton
57.83332379356921,29.32436837833605,35.80585273294437,6.892576335945252,1.333846244994953,36.38963463253297,26.58630861643102,0.8564487155990729,Cotton
62.95489258204536,37.15225761356198,30.047017509516674,7.485386450763791,1.2272800870855858,59.691811312193195,25.04418492306429,0.4354824091526634,Cotton
55.07218456725177,28.072393691699872,60.88297585253339,7.30097993648418,1.0825411710241006,38.074335633498194,28.30679954879032,0.6615507001461253,Cotton
51.600178991032124,37.259944570727,66.33800071213216,7.3035105482816665,1.066354057454895,22.881688097974536,26.62948478401788,0.5863029980984427,Cotton
53.70274980989412,25.30236375097674,54.81334130080958,6.709002823815162,0.8438565126563243,49.781531860567135,24.575855966580868,0.700049743788453,Cotton
64.54514846602835,36.40012888360701,62.15363384423816,7.08480262406043,1.24480066170737,50.98470506084924,28.062556484988434,0.4244196479778724,Cotton
49.71466793849903,34.874590502054616,49.356136596615364,7.45362971904842,1.0873640343667137,40.68199017087549,29.81186049725434,0.6725725154036061,Cotton
56.76277035728186,36.293864387993786,41.749564457496824,6.920116514531486,1.2658306590758241,40.52480118674075,30.6683345301937,0.4636114962719622,Cotton
38.09998232053867,35.387805616359024,62.79226493439497,6.945889998087087,1.180078880009145,45.96165582105125,24.965341985370635,0.5939727437426051,Cotton
56.89726179198637,36.32862271925604,44.50638766277814,6.944574663058194,1.0511526736591124,43.343672840342116,26.978254074977915,0.6181174624295711,Cotton
67.48565780757406,26.22519762865426,52.37113273280692,6.554380661942505,0.957274824630821,44.1286086107124,27.80150489088715,0.7899275485098642,Cotton
60.509822859456705,44.613998254066075,48.26927055297781,6.5465613518382595,0.8898894007856953,34.37078531334727,24.564182658457725,0.7140491271467281,Cotton
67.52654905557021,40.7776135107894,59.538776516619436,7.599556220327124,1.0287253886867163,26.939847663980586,29.632945169720422,0.4242108412376406,Cotton
47.44996977300196,33.64078562695958,54.07856667956097,6.946533226395978,0.8638419934359989,39.9135808845333,29.509156221844478,0.7029951874804028,Cotton
46.69774120358939,21.267230775818685,47.713648753399795,7.10985345067602,1.1687204524719421,33.59594319523465,21.473101445044854,0.7630019145508247,Cotton
46.02292601024749,34.82343735310698,48.19501322085025,6.723387872972453,1.1306343814519169,58.86159384021095,28.872574977791434,0.7204328948808777,Cotton
58.588515363809684,17.742188969600818,44.89893666322699,6.296939917786801,1.4459747789153246,52.219088233245984,27.982046315537275,0.7202672654626306,Cotton
39.4840999750242,28.464900278245164,71.13152690563503,7.0367964794948,0.9870707067576208,25.93543471997109,30.450764319327014,0.6894874298458515,Cotton
37.43266146637171,23.530140225499206,43.50215784377683,6.963111812800648,1.1414677939225637,35.9742634857718,28.942616491217205,0.7118203360708663,Cotton
65.6231238527213,27.49964145343497,82.4079303281003,6.841943157427292,0.9193340016488257,31.78959559923394,26.472648183614236,0.4420695863701324,Cotton
57.945628438278106,16.66287361304635,56.45503831651508,6.621649511653021,1.0237413185239816,44.836323193058874,32.760094209690884,0.5382999218828264,Cotton
53.49682550573608,24.933689276571204,47.17116709695284,6.799807467608527,1.264813295127388,36.09555308615696,32.62328174567714,0.76239688838421,Cotton
44.89989338825925,27.433063724984457,47.7833770896401,7.2240192228250795,0.7722440686869495,29.272388956513517,25.521134703127146,0.8024420189707487,Cotton
67.33060274822772,39.6637953354099,59.768213679527776,6.976790929819755,1.2589251624627986,30.843995060546316,22.388356944959433,0.7654956366529733,Cotton
44.9432158285115,29.542852874841635,56.07664314285533,7.069473476569923,1.2875583077050106,46.65660150633385,27.487500167919226,0.6336977079295891,Cotton
56.077620886763206,25.82652708327555,53.23213970194446,7.733088558602516,1.1364379401767082,43.601960136300384,25.236298377424095,0.8530110124644801,Cotton
62.602724226634244,35.37146788258559,56.93402122078117,7.289573226814696,1.3543370393269467,42.26479135479436,26.713469102499193,0.8341856485172141,Cotton
45.95874693440256,24.974278035692713,54.52029691403589,6.512420020837319,1.2655190547126849,32.296688900273416,25.821272446245608,0.6680080606480343,Cotton
55.392868215705505,27.59442706503871,54.39366057492686,6.983304262930684,1.010593808474575,33.81444433888988,29.703684810889005,0.3843391446599945,Cotton
52.942848409905174,26.717703696810492,58.76912338053838,6.592798016974678,1.0000429317512793,39.18112212808195,29.67518402592615,0.7498277450193135,Cotton
43.16511789131138,26.58766296895538,62.97446217394622,6.663783037541541,1.084271146325526,39.9270363797898,26.03554235019809,1.104362767419837,Cotton
50.87268540552451,33.148356115574586,48.10328991802644,7.147769437759833,1.2741575193703871,35.296287706031215,26.863245461953667,0.565708034516369,Cotton
43.55596187950108,37.25756802750145,50.01399148704717,6.32418854801774,1.4530712312987246,33.58323741549915,26.384067390629923,0.9461359758241472,Cotton
53.5825790581236,28.856643784586957,43.9464425990452,6.542246564104281,1.0667227470807745,42.90247819259916,27.76381352052693,0.6278108379296176,Cotton
55.202577993469426,17.13953003270423,59.14150318625931,7.045193636535613,1.4947321788365717,40.05983717143238,24.643326619634802,0.6923915298866771,Cotton
51.72200199984163,33.04295508139278,55.24202855552667,6.64721492370526,0.7728513423611962,42.103265621064125,30.457786352673097,0.7119021826077578,Cotton
63.13297353920207,37.089664079425205,57.40112661215201,6.771942383398805,1.139061617009113,49.65658310080384,28.324726373999784,0.8122368014242983,Cotton
50.37453758308174,28.583523681781625,53.9314542018967,6.985625359289697,1.3335916632024718,21.22261017329466,27.076345761454593,0.6880755436457718,Cotton
41.28498858555851,34.70237051611225,48.479498272495675,6.900030858181116,1.4697563815508088,48.07978919631245,28.43621734786279,0.7571165401966605,Cotton
53.35319977554657,43.99564085759071,62.21950868296215,6.790126024089729,0.8199795443564692,44.53470401591416,26.860327175303887,0.4856592749580748,Cotton
59.28586165711582,28.116809877819357,59.77598432974723,7.1236872600826535,0.9783471956912322,45.062758115393635,25.75523729341275,0.6350677190228543,Cotton
49.67728593378622,37.9168209946439,52.47484850751076,7.3842840905579905,1.456696974037372,34.090246905164406,19.69751171325767,0.8566764314906908,Cotton
51.58028102639859,23.93669510807606,49.70153704462329,6.8838521300175115,1.3594386181387481,41.279289914540115,30.20899657527034,0.7741330178917742,Cotton
51.90769276049516,27.2674995775352,60.05447875674641,7.229719176213158,1.299358537140174,37.90769190899405,27.438014641011183,0.7876060613882989,Cotton
51.16034974063138,22.055419763380634,47.74356039968089,6.932510076086564,1.2324414278440603,50.07181996457682,23.609881978163447,0.6103982479105026,Cotton
51.42137502936748,35.56301922614651,50.247005181503496,6.879674946214708,0.8176014845699553,43.86725852778607,26.596502313508612,0.6018932447530605,Cotton
52.40486775517903,37.88896851351884,45.956017825121414,6.764335303290993,1.3504504894931242,40.60619862415086,28.67438524177979,0.760262786500853,Cotton
54.646654477060515,27.561906165960103,62.48402220235437,7.325454238987123,1.3168376694032196,30.51622693081853,30.26227754461082,0.6463097118703532,Cotton
47.44970462455166,28.814706122620684,62.48015591723859,7.151329971527858,1.0489227176291465,46.7013269350238,27.349651451898588,0.6140542801690938,Cotton
47.91964717041507,32.87164391095134,54.25734037765959,6.614858557044181,1.2694322986139008,36.15779977100463,30.980299119971985,0.48955150222679333,Cotton
53.192914036099886,25.100156208925405,46.22119731660395,6.8636985993076545,1.4541135218073964,41.14696136063603,25.020729903006426,0.4257057384493892,Cotton
37.78637453652314,26.244757991168854,49.296808142752056,6.937265802254344,0.6455632399128297,39.266547239627734,29.56932443786777,0.9434261871046292,Cotton
36.055538520828605,24.39025068532591,47.31189525122918,7.040801999707182,0.8560455064247094,53.45810598981345,27.108806179214348,0.6815280566051182,Cotton
70.92713733782777,29.88766663141656,58.6027306584882,6.789776483478226,0.8258995869891234,35.11710694796616,32.46743959736206,0.7949531422430434,Cotton
57.7453483711105,23.165386268703603,63.201257208854614,6.619845883192139,0.7865887100635238,35.528903016946835,31.88622727990362,0.9846841348588917,Cotton
50.48763071749456,25.28060687261411,40.23674163496198,7.0218486031456235,1.132402550397624,46.3164500335753,29.27676878331291,0.670386712350305,Cotton
60.560278747595845,25.095527925074247,59.83338280024617,6.857975018108323,1.1918917031933876,43.02801060228292,27.17200906423766,0.8191809577239031,Cotton
39.296009286393144,22.545586472453422,52.56946293802269,6.59588625145147,1.018627097089059,37.002957639379595,30.274209466666733,0.7213800553437193,Cotton
65.29429576063878,32.11172303166803,50.17899455891141,7.037440706169024,1.2458852667864346,49.54721061154065,26.669224842663915,0.45287340342205834,Cotton
37.821977425780986,27.715111729181793,33.958886489668245,7.502629250406312,1.2193866462799468,34.914663924022044,24.22588101497801,0.8542178643964164,Cotton
43.863628443489944,22.872412654792633,48.10648653975977,7.031944476080811,1.2241594878294797,49.5413778673253,29.612428247366754,0.7001160563852112,Cotton
65.20521973756334,25.30300270216548,38.6122058698423,6.812083299921058,0.9387478971447426,34.944103425606585,24.601563176895276,0.6308335633630431,Cotton
61.20017214093578,42.006799718638,39.47188173166879,6.639434304467792,0.9417107482543665,46.12593501949274,26.487631392567376,0.5913836165344566,Cotton
62.16733007705422,36.69473186439378,54.83116036518733,6.771458616546248,1.1540559134470787,38.133854332379464,26.39746689053635,0.6231399672097245,Cotton
64.24983247322089,31.749161584287556,64.32130793700668,7.3741713207338755,1.1917961537733281,35.94818308091878,29.60081558054946,0.7698497053417531,Cotton
81.03367776807639,32.17072021946281,61.27919235112675,7.081318689562889,1.0801802816263764,37.92966760329947,27.735609611646417,0.7781763627720782,Cotton
66.54387899644425,32.16195390812635,50.83399742117294,6.908480880952284,0.8354126114193638,53.28971074857848,25.64706596619788,0.8451160690206859,Cotton
57.76550857442534,32.126122815875846,53.942969122548966,6.779416311184532,0.9062929199016051,53.82772311043949,27.284902697093116,0.8687901619281475,Cotton
68.8490693764525,27.1240714893055,58.8115518933506,7.012603017137577,0.8685572393966223,38.51616019276595,28.46876647559807,0.6251456117483712,Cotton
51.751568046281385,28.786432012300484,74.00376398179093,6.4864662976107565,1.200328659805452,37.97328738198268,25.398362728743916,0.6583186439265601,Cotton
61.67376243833423,35.07166515814393,56.67415410191278,7.305967568607856,1.3537665990201153,46.531007535604914,25.634518872131952,0.7741662323819314,Cotton
59.992006591385696,24.290579964474137,40.87504995351168,6.4336228260151245,1.1139710980224304,42.38431771893534,24.045546055868964,0.8569048498827043,Cotton
56.52218149296412,39.446168304407465,58.33482282985232,6.701426599873837,1.19165624265803,45.36088555897681,25.630941035282486,0.4836860504035187,Cotton
56.00296064306606,22.994087552786706,65.08798896755019,6.885990529480554,1.4449202212986598,23.006730659849314,27.33698901036287,0.9144088960151979,Cotton
46.09695684112703,28.885593450610752,51.37267857072361,6.8085450601973605,1.1489245282228564,29.636627192007168,26.722578046674435,0.7773991356526859,Cotton
52.84906288613357,22.99857060009957,64.27166858741352,7.204471949252718,0.8917625657392518,29.64713947981967,24.62018896001544,0.7817909748230822,Cotton
57.75572898962545,35.53057898712,52.064648037544465,6.74107441349997,1.2837692976828998,35.57241189239069,27.466370139634947,0.46751127413269383,Cotton
49.301895756772005,37.06577424659059,48.55352889997128,7.22806107000642,0.6337960607623614,35.52486672285451,26.57161338530467,0.9613810455013607,Cotton
43.309371199855484,34.69695306812963,64.51238603123915,6.797982898771603,1.0252952102454622,41.13303019049523,23.296287582018678,0.6317345182207965,Cotton
67.76112040946416,33.658583676050945,53.58923839465081,7.031660261314215,1.2161810731059544,46.17928118328091,25.608964631552244,0.9302081414919504,Cotton
68.16348201204661,34.74080341247249,47.41336120738698,6.714337306104234,1.0346792406806815,40.486120781155286,22.57877033610237,0.7742039700317884,Cotton
67.87462263848472,34.03531897881614,48.915524774761884,6.777567048727863,1.1599704688348158,38.77357027729456,28.10760293563977,0.7902582058908452,Cotton
65.91890528894662,22.075135997493348,56.994570530643806,6.89822699889083,1.0802729912129279,46.91527082134995,29.43281468262811,0.909766547557548,Cotton
59.25590250368268,29.22988246470944,52.724093774946546,6.514268599329493,1.367947008979721,37.42481268971464,28.264742650007275,0.8018494788613648,Cotton
42.5468449094986,23.53657525278256,68.92317916349944,7.081321944391393,0.9838828671402968,38.989223910979646,29.715592262082097,0.8401471719601455,Cotton
40.33918237760357,41.43998690570325,63.69533227898812,6.957306930184356,0.8616555113826561,48.432069120487405,28.191068750736548,0.4813302432883352,Cotton
52.67921924641623,51.88321059954742,55.14851581672979,6.792248233586016,0.8983006749386719,54.176791867435355,29.11939872394422,0.9111158670875841,Cotton
57.481852840921576,38.77813464732951,47.3651164940688,7.045525474656216,1.1574107029945473,51.05957545500176,27.79710760035114,0.6061732387395677,Cotton
55.64073838920374,18.265107582778313,34.11128140056759,7.23277558363032,1.0250512227387314,37.90866160815786,29.077366698416537,0.9095515577566898,Cotton
60.34487954827583,43.49650981152468,59.5242022065155,7.084619769802399,1.14807776450092,29.71603550293107,29.389996514100307,0.33318009699770706,Cotton
49.13747142724222,30.160512453973286,47.89213908927973,6.87350834153961,1.4678751132454457,48.83219108625343,25.285430797983153,0.6295650233541434,Cotton
42.22996051448156,34.93495650204296,52.752317946305716,6.449389388149527,1.1201567183620118,43.51183106881461,29.40785243293763,0.6889967808134837,Cotton
51.273288372136186,43.9038527634267,55.05927540489596,7.201477312847421,0.9920920713247483,45.51927721308666,23.360927518989755,0.630689868142205,Cotton
42.917257605739465,25.765186746913727,66.25423036207964,6.8285487509949645,1.2436512250948168,52.13812145645632,26.9310567159917,0.849065065758442,Cotton
60.31085958138675,30.81505851408473,61.752840303852366,7.515182665197719,0.9725462174982895,32.3263927985914,24.455213635861643,0.8491641954604832,Cotton
66.29367623128353,26.240741466662456,35.77587805504588,6.811068112821536,1.2095708355613994,39.46621488813734,27.45086936688842,0.6214983372586603,Cotton
65.14089124709764,32.40234261228245,60.278171251274216,7.044538391247471,1.2048736327221687,43.66857350544769,24.679813429660545,0.7559594643062691,Cotton
62.9150817194652,38.08599026336391,58.744964334553416,6.72972985475517,0.9377365340851995,36.51881534997655,27.47365977034131,0.6816645848038609,Cotton
43.76267934369086,22.09195975979464,36.11330402583985,6.1265470213169575,1.073643635409015,58.56184300114285,31.491948809478565,0.5532652881815543,Cotton
56.499032973906104,19.747943429648842,43.19101422227691,6.664707672663494,1.0549002631116335,38.540323118304194,27.63175492701715,0.7994824584556424,Cotton
51.63119076604842,30.253413794638398,45.15568743978812,6.623540833207989,0.8002055307903382,45.19398240902582,26.155230379779393,0.41933196057633954,Cotton
54.3691104731639,21.258250677497415,69.94340937075674,6.837929917955688,1.2363011971638243,48.7117042190799,24.612678868607397,0.7114070676332062,Cotton
60.534679013881465,30.80882320687075,58.249906833788366,6.627703769803437,1.210807243942905,36.11068644661833,27.87362805821035,0.8379983268327196,Cotton
61.68808507518274,32.44103807842632,60.77915466566065,7.1927550950888595,1.3991002322767854,39.72759440429783,27.409892483605972,0.8398100213464167,Cotton
50.09612390236487,20.6531276912541,59.43907157124494,6.942313368307535,0.8584945176531266,44.0043354350387,30.57783253757312,0.4555386180566371,Cotton
65.2232499521648,12.24052738978023,51.39742032836637,7.515344455427923,1.0343351902974267,40.71950716656794,28.90716550193389,0.4425289728909021,Cotton
55.720948008397556,30.449491503729156,71.76088875923865,6.65399256732061,1.0236921367099758,32.57315367341108,24.41397049077155,0.8691104090596867,Cotton
55.26651502000818,26.111029625014353,50.33938688971718,6.842296418455289,1.0052393645184612,29.884437245685884,26.353176143587,0.6461189962521783,Cotton
47.42203293596658,31.085323794134823,57.159005321063425,6.844138779998322,1.071173169846749,57.26898981520685,32.30108314650534,0.5418864714805396,Cotton
45.85552433411441,22.584177061056025,64.51348545975016,6.888411796118806,1.14793484871926,55.97573866624707,26.973838014223844,0.8059373082635981,Cotton
60.204207493003935,25.882478538128353,64.53245558567673,6.762083773451948,1.3679759572888353,35.300392278327045,25.805080698659765,0.5367268264559812,Cotton
45.75740589183353,27.01264974370025,33.117862978804496,6.934666944470833,0.9984051525516967,46.32008878889466,28.057451845892064,0.5938543853351055,Cotton
50.41449240574093,28.357673730353717,68.37360899028263,6.7697546894721965,0.9560478670098693,30.971326787062793,23.29490130140954,0.7460505435438242,Cotton
57.029033310732096,38.97933296984746,64.37268106954237,7.6711926800689065,1.085225446491781,37.91576348963034,23.749434137166602,0.8044867251214488,Cotton
56.185342414463385,34.558864135074785,44.7478820268544,7.098449172927476,1.1410399235907884,41.11228031914949,25.29183522952369,0.8783986972830097,Cotton
75.50307578978011,22.227591815916693,61.48399581633662,6.194201957624691,1.2337219898964917,25.03876306766596,25.687581630251856,0.5030463007368624,Cotton
52.84388505050604,35.871555888574804,38.284180626456795,6.899345686935622,0.9973262462367887,52.648389470975,28.079402519625713,0.5234174330089866,Cotton
50.287056209696004,40.89272966869872,61.42928785096622,6.742894630526482,1.0465858923233824,38.11912681273482,25.655045182110484,0.44346817655174653,Cotton
48.22378284610031,39.72439514105762,51.56969961644943,6.971088983470943,1.128105129370715,57.745131157697,27.022186928542403,0.8640918030375266,Cotton
49.01819827948803,28.18420517648256,55.11297450799257,6.783242776282172,1.0592564438794085,47.104407486506155,24.99908859727029,0.7000133546445457,Cotton
62.08733551655933,24.228737658310788,64.85872413353461,7.02040737431917,1.0669754873321422,23.934817553598283,26.065968894966318,0.7557388624217954,Cotton
72.45345018802468,33.97522407878129,65.13594608600513,6.661450719385857,1.0746355008694093,49.76597153863091,24.78066612400019,0.8447833943459653,Cotton
62.33317864600333,31.92306553914874,52.04167637377623,6.723837356719718,1.455075858820663,45.054900141792245,27.851540311688623,0.6380725377696623,Cotton
55.37871629589978,31.15302088979023,58.598881162602154,7.205615280772141,0.9435056948289817,28.267224276103967,27.210702128183744,0.4379173994012857,Cotton
51.76339005006362,26.43567118921766,59.42573372981502,7.555127169936166,0.7110818752192878,58.19348024254721,26.417312102202434,0.7521713023258869,Cotton
40.851678423762834,36.97810099158424,55.373252827165516,6.9827891248672795,0.7125229770194093,40.59037451077942,29.114570809541434,0.6645582046775217,Cotton
66.7419934564415,37.93026620323954,49.23014155533237,7.44663188046327,1.1090589928650165,40.39796200630265,27.247453056506828,0.7103973626411688,Cotton
28.698666433414918,28.701455212671956,42.724481755037914,7.45537399662039,1.4172165983442402,46.815506659644704,26.403831406652778,0.5487977595094452,Cotton
48.42418998724395,43.59849334498223,48.770223521320354,6.3404333007719025,1.3060331016970788,52.00402490894315,31.148039217916306,0.8557522006373992,Cotton
67.0151967723478,30.370538518374794,36.31333938857503,7.0078066916200035,1.2243145544838834,38.917839547469995,26.547909703150964,0.5553822941472516,Cotton
44.982612567279745,42.867039603362485,71.86911732892128,6.999258803251091,1.1563047210185855,32.15313554370385,28.606437124848636,0.96394737574213,Cotton
39.70769220055307,33.24718309791675,59.85120018380536,7.147729824168992,1.428563533569694,56.28814569736922,26.416290805318344,0.8009760508234536,Cotton
55.84233705726059,25.57519294942213,57.43732741192913,7.18801986798007,1.1433857370833973,32.95055032411106,25.841098400360806,0.6316138869738014,Cotton
46.575560450692954,32.194777071239685,58.7630088666377,7.274264928248415,0.9284755303678738,35.380170510169656,30.886423629828094,0.675325620389062,Cotton
55.30131029251634,28.774273950230455,65.1972773684948,7.328106430600208,1.3226416201177698,40.21254089086038,24.818910056277495,0.9887819616638881,Cotton
63.56308976955518,26.803387130253274,67.8143696224997,6.850029503727454,1.3821406806377314,51.826276715075934,24.69629307079736,0.787263745453144,Cotton
62.821907039613286,48.30436439710432,48.31928994129529,7.401112117558272,1.1034692036067109,30.069086531355445,26.70003207541428,0.700369714164956,Cotton
44.41109806884711,32.185215331960705,63.620283299487234,7.066696183137363,0.9916311821240248,38.81222345274427,26.988641608016373,0.7325982441221572,Cotton
66.09830762240031,31.903578273702625,42.3757303423326,6.842550099843167,1.1332042101793274,48.992995879632915,30.24461610384138,0.9662028012381183,Cotton
56.30614397579305,35.34316422851745,41.90984619037327,7.120366840485215,0.8849471797078278,39.499686433962005,34.574595972180354,0.7455331354285644,Cotton
46.36186780819671,32.854523041705335,50.34632332069581,6.730991648315886,1.5206279066781003,48.53449621013402,27.863841562489363,0.6412265064628688,Cotton
51.89210517027801,40.79737306790905,57.75919783898111,6.136814559974332,1.5841877031317675,41.46449885577828,27.858422514337043,0.8630042220152194,Cotton
59.65402827311587,35.22836032401767,51.186488793715675,6.655657309289412,1.1560465562946394,51.45291721819672,25.380493604042208,0.5907964007770334,Cotton
67.21019260379937,26.79928356401236,51.30496077549038,6.895519603575052,1.0870038038019043,27.410895232783687,25.651649718645935,0.7345552028709582,Cotton
57.23237936174829,38.105951368057106,71.55452999975324,7.423495365066033,1.2829304768147871,38.81012327386234,25.4423273251078,0.7026817648762602,Cotton
60.85578769772898,35.75356458771967,60.60777160164265,6.966070868014706,1.2573724479684525,50.086980040668024,29.200400960168853,0.6951980417254902,Cotton
46.66151307493993,23.997027994283247,48.869041387670364,7.071981055628981,1.2039607507111267,28.683741456447763,25.74001222909112,0.736492819795809,Cotton
46.00320089902397,33.03732907141723,52.23314538175091,6.797442323932608,1.1106410864897795,43.1382426366328,24.878677714325182,0.6636081430278928,Cotton
59.67678377307108,24.665368716782627,40.08018843618488,6.569759323206869,1.0163898271886063,29.452653789558894,26.130695262059387,0.9497414276759018,Cotton
41.21401612311318,28.021766039656093,74.19074098844246,7.114276423233199,1.0264553425048801,38.74493892384609,28.073406270983195,0.954365789594116,Cotton
49.69146392522757,24.69672801978202,42.590721404977955,7.028866889102745,0.8188625260364175,36.289739001425644,24.72829139722412,0.8611185265351158,Cotton
49.916036126331946,32.77851229603931,40.563171984802935,7.036821947246796,0.8593679388278503,36.59481200056113,32.52800643564056,0.8398261565861325,Cotton
53.715874171686934,52.39259336848237,46.76342778664014,7.3262605869811015,0.7934651086305772,38.04861793881642,23.6305256245486,0.7385913872636312,Cotton
55.559702535787565,27.84634640571493,64.82851322613676,6.841212287559219,1.165370349561465,46.56443952217071,23.291946977759544,0.5877378487488424,Cotton
55.53860967315834,34.41107393599823,67.7911398932938,6.939553656356182,1.0367057914700233,33.01923175829069,27.824960230442585,0.6554323639452863,Cotton
52.25967737174282,29.342780458780442,59.96465255881305,6.842155445109807,0.945568382218219,43.45379348907282,19.43568774529354,0.6094482739507472,Cotton
43.48690500592636,38.42280756111752,51.03160513711393,6.842999487725176,1.0902755029493454,35.23702057228069,25.993379604616162,0.7145665615634744,Cotton
50.77959565493732,26.99547783409574,45.90858093659822,6.676940552654251,1.1121273795180562,42.45280407828658,23.429608390540125,0.8139912123071271,Cotton
62.64047639824747,36.82282396795036,57.699001762665375,7.1783829880809185,1.5370051689156645,37.587827192981656,24.38577124777611,0.46989101751678075,Cotton
72.55673930232317,42.3815108108906,46.67860232259193,6.796350172450004,1.0352017924937658,49.79405497716787,23.781744503799224,0.4050070712666687,Cotton
76.67514476562161,32.18661300844053,59.08971975326705,6.942570318544002,1.1931569847436048,27.886352933272114,24.897698582849426,0.7157736826783907,Cotton
32.29109107099758,27.882376703300395,51.722520666990334,6.915246735053898,0.9897836384358039,32.03286459300402,22.4449203743227,0.7217120570751118,Cotton
51.99876013203757,20.373029174019255,55.56280071550393,6.917413945379642,1.007795209667577,22.744840905540396,28.706918780769733,0.5150423439836305,Cotton
55.63270254841242,24.34212089597115,51.50146134206813,7.322641897689975,1.206323640160675,49.04031957031576,27.825963736553934,0.7594215376511171,Cotton
37.188609997738226,27.77732504293412,52.975819613362525,7.342626149698553,0.9987541344186144,42.11887607244898,27.564393357711882,0.8736512740421091,Cotton
53.662559176938665,35.79450864085203,39.65621379276228,6.5480745587756966,0.6433311310750947,46.287879801066666,28.684167344471838,0.8345241360848923,Cotton
48.22638164293807,26.055166397257338,53.9105712160392,7.404235804825344,1.4387656255244103,46.3504679187309,27.827549312008752,0.9003074046550188,Cotton
52.441575428504414,27.263409286623936,53.8388009144757,6.725959976562518,1.0649981271256777,31.06073564972848,29.562519547248947,0.7815531086549526,Cotton
69.29562397547825,18.595020379600676,72.11527252229865,6.559706884137837,0.8603383849833589,35.03342762509528,30.269301729924663,0.733836024584286,Cotton
52.56170749478428,24.451607957483876,42.616583644053705,7.317135650634043,1.259727852209728,50.8196030167388,27.99204531745281,0.3036846312166697,Cotton
42.55417067318548,33.25409914092696,51.67254677287582,6.843524249260124,0.8793546470220943,47.58071653931632,28.14048159353577,0.7751786834362183,Cotton
48.66397751214943,31.234014312298665,42.96011566423167,6.9636481653630655,0.5944140842813783,27.455070886923558,26.19422038936997,1.0562677219412397,Cotton
36.99256926575136,21.29493585222096,56.950973170235294,7.495438413684089,1.1404344993976148,45.61713481843325,26.155990623308806,0.6234067616590935,Cotton
55.82184352067756,25.39197426561727,61.51842404845971,6.550243868295237,1.2779974065133668,40.31450409842202,26.46319782849784,0.4535523159720367,Cotton
45.2021132800213,38.39056031193225,53.12260901769971,7.07795157044439,0.9240935973369307,39.767562910196396,23.569619879700053,0.714982338143183,Cotton
58.70640897270205,32.244303090295126,46.86773652558854,6.90422572445186,1.2074388291963263,38.308499237775216,26.281736544149723,0.9855201412938335,Cotton
45.49010881133876,37.56292927662288,44.607874028455626,7.183338704015996,1.2416305116247948,35.917078759543635,23.956307867844735,0.40443501942948734,Cotton
48.84886491074664,33.683530535666264,45.30134658610379,7.027145602658644,0.804714040417831,38.12889446316829,24.132390239503174,0.6883029247158359,Cotton
49.98920530392468,21.6674370463368,49.070138698999536,6.738436078572242,0.8372150599525174,48.66196660231534,26.09956283887269,0.3696661826389502,Cotton
48.767191924053144,36.40298199672785,48.14777230068361,7.419368285877416,0.9286675890076823,44.02726444653164,29.59159646147753,0.7675290958467149,Cotton
41.2550602535897,23.402719961549046,65.53063891347924,6.774708792227046,1.295135302780441,36.55772222548045,27.353593298047876,0.49208390844685723,Cotton
48.91732425287502,23.872855336921948,57.03039685502356,7.026095322320447,1.192529979249127,36.07581997525862,24.674424821763555,0.7274093628316461,Cotton
44.70411096992966,37.54895768495812,53.96929852069799,6.908682169282613,1.1924351245500424,39.38908400454627,22.85487070791201,0.5407855150915849,Cotton
65.57708703864614,30.587190434912078,39.86588977872903,7.098591378680246,0.9881482360260503,33.00400037992974,24.137818185915386,0.849989420697803,Cotton
35.3450162799465,24.13727547892357,56.08114089320118,7.441941659292979,1.2107716392700638,33.23180307573758,30.823383635267035,0.4967314900442541,Cotton
57.65336165355154,33.414492520265505,47.06995975119603,7.195326054528711,0.9972219742118081,45.56113942014372,22.40101126853448,0.7502464135343312,Cotton
50.87893327306395,38.04792648077475,54.604173432061444,7.349784269441633,1.2015225530066105,38.97993232761474,28.96917327403574,0.8191087696790682,Cotton
59.71910004491214,13.953890377623715,46.15695558312042,7.3875496370216585,0.8488108289129469,47.059689200526456,28.766131641949173,0.5911371457626955,Cotton
35.04768372883275,26.017611814364514,73.7021353926971,6.758282358181381,0.941148531080146,32.01934071752139,30.0369611913738,0.663562643256234,Cotton
48.74093771050861,39.89431812036746,60.21544679141983,6.742598732321127,0.855283217787644,49.265359719039786,27.04197040935429,0.46764039702158305,Cotton
37.168843131064506,22.187728993601688,43.84463870707273,6.427098448147598,0.8800986026703008,32.64735550684917,25.843296779038575,0.9539365067691568,Cotton
52.331567279017264,28.8269761357905,59.58329827419048,6.933550940101363,1.1800305927773418,42.24491901561387,27.306471413998107,1.1149699126628436,Cotton
64.11125844044352,22.427946107052886,58.33199967570248,6.778313694135278,1.1892501528119708,28.99850066313384,24.230551379790054,0.7515861343735191,Cotton
64.97669113598025,33.51851044127109,62.68705601081696,7.104669196453877,1.1344992198064665,35.97045380593251,29.032504521791992,0.8537318849239961,Cotton
54.36884308670225,29.181517707549393,69.32265230550013,6.9942819016514575,1.115137174073194,43.87380726202316,26.755484360114615,0.5769489515885357,Cotton
58.77965575523522,29.72871492984375,71.58024780827047,7.220765594081866,0.9809035427113998,45.832481753523005,27.76966458682745,0.8964139452918268,Cotton
49.75545787170961,31.32073303851667,54.10815715816757,7.016374238456324,0.9229602101992103,44.607293343305415,28.04491068962374,0.8927835425382692,Cotton
54.89974148013219,27.117123442263054,62.103649401496334,6.777622773152088,1.316996907016792,48.66273597930962,30.14319725283602,0.756493447701924,Cotton
50.13503617402234,30.76431408413754,58.42062005571286,6.843160339347395,1.3666232577850432,44.64067334054835,24.769442611694988,0.9824310514698664,Cotton
55.97389275170177,22.341278700050097,47.52771289527453,7.416579407206297,1.4649969832433645,48.075880427847345,30.29827162146784,0.8824923188197916,Cotton
60.56916152764066,32.30329251467648,59.85876875028947,7.2060843240801224,0.9516803986947204,45.85566983449688,30.646542118242543,0.6690441357506454,Cotton
51.86752214678203,33.33582416467066,49.15308204632677,6.631290787344298,1.3295438080210358,36.39238991981254,27.046121446800523,0.6084812438487901,Cotton
67.76754814913,35.9722331079881,52.8333441296167,6.66962873786643,1.03061403902836,44.56122159959771,27.471589260199412,0.7163647066677981,Cotton
57.11698759469812,35.31157362048712,54.6232671634146,7.126003766128661,0.9026161584509804,60.430806215802605,26.290351701709362,0.7305389511825966,Cotton
60.66465524786211,27.124466413196217,55.07042314824517,6.998789076903897,0.9171923814853247,43.50871540431711,22.876945404353172,0.9629062663624921,Cotton
62.92970884978393,34.473856503573636,39.370220988100826,6.778091971477954,1.377869024161011,73.20993117631681,29.986731162642577,0.8555415115376426,Cotton
60.249742281141884,24.067519630028805,63.95656674880297,6.69166194561286,0.8578829669720294,29.81176539649208,29.439306616253983,0.6913878917608747,Cotton
56.00858099904381,29.892172440645208,44.86855112921597,6.812195346315127,0.9759147587493096,28.757828422197115,25.739474761749122,0.5378040315405641,Cotton
60.77675628866992,34.62679744776777,43.35724789624099,6.91694310601056,1.4712119762633409,32.153896818573656,28.066594544487664,0.7158282901004326,Cotton
65.92887557840908,32.06826788950185,51.11834069868625,7.018693954012408,1.1162739887907474,39.26643854173741,23.702221361689958,0.8864632911396838,Cotton
65.66433587864324,22.690676811910997,52.29346931034622,6.9369760125808195,0.8686962399000836,25.06562985790186,25.32351837021916,0.6465396489623212,Cotton
40.58766666635981,31.238844348598352,65.46570672984706,7.2357925209262755,1.0746628693682565,25.276706427830426,28.78925585164762,0.7219588253596837,Cotton
59.243511092180206,43.5527196021176,47.57669533422412,6.195051538725828,0.8893090844380487,43.88836054614257,27.067314754370102,0.5176545805601978,Cotton
40.8028261682357,27.517736889278233,43.78514797106375,7.1457773571112675,1.0177146222747462,34.983056925346304,25.104308992692484,0.7394684089870891,Cotton
55.42609223760036,31.413700889038157,56.621164994252304,6.979785249752922,0.893373883308382,34.1569589861499,26.013312737152656,1.0097792857132482,Cotton
41.51163679583188,27.067164476781766,55.8844035409944,6.9150668290837025,1.3147939082875477,37.532016555977066,26.413646502123477,0.8221942770424475,Cotton
73.10711662918376,39.85248861763829,53.77011504301771,6.986136020714927,1.1093438489568408,41.175995267700685,24.88162971413046,0.8404890698283158,Cotton
57.06609127722787,29.686006678292802,43.55969161096834,7.0174401383773715,0.721357539355839,35.34680524774215,25.592255733802002,0.7430492789631428,Cotton
73.79850024945296,34.00335225965806,68.03561865372052,7.180659408469001,1.3250106979375231,54.85701882354485,25.17040791924436,0.5804343348802745,Cotton
61.68810900477321,29.97425082156428,56.98318449526265,6.930373270209939,0.9807482565950566,52.9661173502002,24.250347215450216,0.8029588388862315,Cotton
60.2422828573045,18.94690691700829,47.52297703005765,6.814446642934037,1.2129168226633182,37.06371915255559,26.786025483472987,0.48135289645229085,Cotton
78.25911716715314,30.49836933117648,59.4910080756725,6.848624863201738,0.9694745345864298,55.301477239628255,22.208195982483428,0.7417970602646164,Cotton
42.88496108892107,27.164991919220967,49.25714979093381,6.723926248642611,1.1070883459412655,19.455766821551475,26.211278795203256,0.6864565036975037,Cotton
41.40723453593988,40.59253105014569,49.649874626824165,6.933504412109846,0.9815561672170595,39.34747103655531,30.270360233765125,1.070952370588521,Cotton
62.45639203700659,37.6159563688024,70.44784733329374,7.069683901494608,1.4140501747223742,46.33920905912323,27.35996839827893,0.7525511551677202,Cotton
36.78583036632176,32.04483482312305,41.10627231598333,6.54492463754889,1.138575737805045,31.087371238399566,26.982215621741556,0.7207651779024796,Cotton
56.83049600817135,23.67115015070529,63.08814144233079,6.9750141337894975,1.1882151360342326,30.428483088424027,26.55418110801003,0.864594172490518,Cotton
64.70177631808701,24.41895121952924,50.08997628482639,6.7231677155821306,0.9687174163478237,28.80745967434777,26.654560318978817,0.7949707597274266,Cotton
47.149471361989214,29.365756021371762,53.01551433131779,7.295433244847501,0.9776816326391158,35.39827113879319,24.884947179269098,0.5293735719882268,Cotton
60.2918499144697,29.054224425686648,55.49328873840972,7.356899523734711,1.3664161451855743,26.83012553732157,28.61958668273892,0.7338470388566783,Cotton
50.38409000854064,32.2937858091956,39.46255088301293,7.409539855977392,1.2029888194143816,33.07841804133873,25.53647444545119,0.44452802866788393,Cotton
51.86042750163746,26.62087615931592,43.07400651588617,7.217476625438738,1.3553594379388951,39.78111607964418,26.23588279288408,0.765247690319769,Cotton
54.80361037504957,22.424745486381696,49.12589812071465,6.916997918110551,1.1496373188953393,40.07469374301174,27.525923449967788,0.4712758025074117,Cotton
61.65217744084929,30.023911188059586,77.97438148735138,6.891462376350605,1.1646916990218745,62.633753297668015,27.485229073757946,0.6898554191085975,Cotton
45.13078105249349,40.6978645704629,44.56808572441087,7.119593856717474,1.005288935738324,38.48530989937582,23.440169328474855,0.9014690832600842,Cotton
52.22202694081724,21.494372387748765,66.27421537336082,6.858841692349555,1.1669214583461442,46.731331057074925,28.1850858264358,0.37050466742514465,Cotton
61.95356700977787,29.295703661344103,52.038741728770006,6.9694590142869375,0.7779934412117837,41.53736731729442,23.589021565726725,0.6571240435665052,Cotton
56.56264431538211,37.5182596159133,47.62348156126257,7.406444464116877,1.2893706507030296,36.56472206007571,24.228126833993493,0.4834275726654368,Cotton
57.71753851533139,24.839010953214302,65.79421124753544,6.809733327648084,0.9198658039896056,41.86901080995451,25.284882857101444,0.7012824990053205,Cotton
64.85989330058521,30.820605321681068,56.08868014632451,7.057441078494357,0.7613802019429214,43.13470199944392,27.39982894181474,0.8339345990475131,Cotton
61.05810801137119,28.5863595787614,64.29153602359621,6.918063404668438,1.1494314208155412,37.51080455616515,28.15439451230803,0.6435265326043357,Cotton
71.47551608941568,44.121539160579474,62.865444287674045,7.431563061835928,0.7921571038281907,28.628978053800044,26.196098583421968,0.7061846447888316,Cotton
53.017925819003345,18.505053252569326,65.36432535691281,7.603175505339943,1.3561975358345246,48.68418615029177,27.565299012864006,0.5735503943909295,Cotton
55.725280526359676,44.73911625789053,51.8321069874365,6.872611970609296,1.321460731820783,49.38948840596477,24.88024548556299,0.6607773080143866,Cotton
49.98094504098565,30.48782565342763,64.93318003856344,6.774872294084134,1.3179329624473874,40.81320999137047,32.8154803407857,0.747824632655631,Cotton
54.030814303707345,34.023003089811944,51.96568385901511,6.497323525461489,1.0518957651457805,37.9496511274462,23.01920634862547,0.6890447215308261,Cotton
34.32889775390603,27.566192153911647,57.19236392840205,7.027158929598705,1.0177861054226365,39.31575678441543,25.039838906305423,0.7016224779133802,Cotton
55.58086406591771,23.698250154689433,57.40929280458188,7.073206743422527,1.0667580172837858,59.36837629029455,26.648244033289227,0.6581148631940472,Cotton
50.77606890792267,23.203425438465203,61.17307623859063,6.807850848954554,0.9864103706004494,35.69406752369122,24.537641210378723,0.43733750011829153,Cotton
50.370601328408064,36.11334718898604,56.772818249187196,7.436961075652675,1.2501912609978367,44.19171848219236,31.706622556631785,0.6854281607495183,Cotton
55.63075673504952,29.919749048379035,68.89408058065194,7.000704288608546,0.9703445251845793,44.701404303702816,24.95935047235743,0.7800207268920887,Cotton
59.13840934141835,28.674181325354528,60.09230414878144,6.583418819513661,1.1325924242649972,36.29787692266614,34.1556589432113,0.7233737604460311,Cotton
49.03607950216563,20.351887847628426,66.74865577114839,6.901990838533342,0.9417295865849162,42.69039371207248,28.624297078514132,0.7950929399814293,Cotton
55.197504230593616,31.11433095820704,57.08833368112632,7.094190954376084,1.1849770391802965,48.75562201044437,27.141037155064627,0.5774795101254457,Cotton
53.557082968959655,35.27646573114498,38.92124837453639,6.501389385295851,1.283655224278465,52.16098253481062,23.836999912451315,0.7150688906249342,Cotton
51.00454887082985,28.174189214308633,57.74977907880774,6.6379963358769905,0.8785564999015198,37.589990616630196,26.6365610052646,0.5311067341473743,Cotton
62.89647674789184,27.077073188222766,51.20364154539839,7.079144461264372,1.0742183447865001,46.69981450324651,24.666443655498334,0.49039201044047886,Cotton
56.90212436201392,40.42165321054509,38.833196503122316,5.411429002723927,0.9364595564675972,48.93775546148031,14.368720707482701,1.0448011938471093,Potato
53.68205327072908,48.04868122705751,50.256237119984846,5.882532481375485,0.8577000507806294,33.75870204363443,15.158033772365739,0.8811435810421914,Potato
63.64729137292704,27.472281843283156,49.51758462925585,5.485766055580071,0.9469240330179308,54.8447937144014,19.858754006073934,1.0600234395281278,Potato
64.58989899274029,46.022755122794024,46.846917716685454,6.5904728751548,0.6562361807010237,50.77795377672543,20.253396456867232,1.0129081957291488,Potato
64.87389019142348,44.72723060595175,31.247985608545633,6.245003634470593,0.859221808226677,64.96715345816682,12.91618355258011,0.9384852755221786,Potato
54.364977208551515,44.00484106106912,52.85363407221961,5.9024933832997695,0.6882116623537017,54.544247033451114,17.54958238017665,0.9742965062561149,Potato
69.89296995433467,41.0533314540603,38.514449404502614,5.830122066678695,1.4222152456818526,68.1680426159023,10.564001093105752,0.9095014730542267,Potato
69.32119525255345,38.723710912024146,45.859181718705045,5.725250019776623,1.0104378970869305,45.81224020499993,20.971721629023428,0.8916010512452897,Potato
50.649757258884506,47.870451129790865,36.09382185399523,5.644541172839556,0.7856649869429672,72.15153550588904,16.287448078401393,0.5767552169249843,Potato
54.181848847208585,43.188852431833446,57.05676091925244,6.437431114163976,1.1813795141971761,56.50338075132122,15.771461331063056,1.1436041147021039,Potato
56.31436449673769,35.392899346497764,46.24633578061337,5.449359293108893,0.8069959817658049,53.135133360172674,19.826641514530294,0.8417867497348472,Potato
47.32540758161485,28.773594913203098,51.88612772770804,5.820335238971383,0.7891374577573664,51.260348316063435,18.971217331997924,1.108581938053402,Potato
52.19855415856012,40.62231985350803,58.62443363604791,5.5826879987447695,0.896873577087339,54.69603517529867,14.721761912391202,0.9252748192148434,Potato
60.31544678604431,43.8855897471724,39.31802172805359,5.802791707873142,1.1763468127311618,71.61999865529829,21.200323172429023,0.7234392741524637,Potato
64.51052682043627,36.61797397527221,52.55510533816929,5.583779322382461,0.55730531162954,52.243862090401336,19.806506741525038,0.9431999633210717,Potato
64.02947859914353,41.51445226085565,53.640747273611396,5.948263292544277,0.8450637142090763,55.66312449135693,22.35814593717423,0.9213046543501708,Potato
60.42563496453918,40.720191550584794,48.03882333515402,5.678100330158175,0.9417357048730863,50.95427838432679,17.63621267630696,0.781422794021057,Potato
61.08011804534318,44.08936460923219,48.09276626080176,5.237654037670992,1.0180743088110944,55.961470742078085,15.516921374966351,1.015990536348491,Potato
46.015747992841526,47.31785330727128,49.48370042317509,5.164717778894348,0.9356659174526475,51.75046105527251,16.60787677044216,0.7893411357815673,Potato
58.72784209140127,36.60367923183001,33.289787811304535,6.156179008269617,0.851128468807639,49.144519872973895,15.178940793636672,1.0156098101179383,Potato
47.01568030903475,40.93791111300577,44.747158983137766,5.6528824950425465,0.67928809380482,50.037444539826716,18.022030978767145,0.935296833952349,Potato
52.144075187170216,39.3634591829381,57.9960898787338,5.33446400405426,0.8987462052816282,47.39372843678262,15.368289569708672,0.9391517269497152,Potato
54.54748531332441,31.482378116354298,61.91854872862989,6.057625064012912,0.5135388087281662,43.204574975983455,19.483642678296704,0.8572689250443796,Potato
75.00574644354957,44.314354789787075,52.69518971468598,5.513878446288877,0.9982880589728944,44.79388836199627,21.263111333525174,0.9633207883527363,Potato
51.75169423242407,45.6327419969262,70.17372400222702,5.739067212053354,1.0100826379382586,51.54536544247199,18.21338054404586,0.6739148159952829,Potato
59.99470486494135,40.30504130881428,66.19097999160273,5.297399128443062,0.8438233081784442,65.30493774264828,17.39557126050311,0.8742987700522504,Potato
51.667409751178255,33.471762338160694,33.567316107501625,5.623819730659637,0.7021289889775754,55.94431066925659,16.030829493940672,0.828061352242724,Potato
55.477946069423396,39.66284372396739,45.24329969235643,5.502699894817603,0.9171532887895677,63.53986573011689,18.321165489476936,0.8085269342642067,Potato
58.76853594906375,25.64557060750423,48.74537525415022,5.687900776654668,0.7133079283986976,48.983213181344254,16.974413746150883,1.0488687414009736,Potato
70.92060416780093,33.503123869095326,45.33730364080946,5.662074811959198,1.061909103110025,56.164052421052936,18.231974656602603,0.9804393920131784,Potato
54.03586591589068,49.5472060204784,49.984298083218185,5.560344515066264,0.854071951240432,64.85542659366297,16.93714466004057,1.0424336698567247,Potato
53.74654207228478,34.640354122558854,55.93637669534863,5.555287683019192,1.0645080500323392,57.8130079921868,15.81601516383102,0.8892835884008499,Potato
54.512257094404625,42.44283589668342,66.99018420459878,5.696202711191521,1.0067552547717014,55.195525133340126,18.06014425765795,0.8752192318902714,Potato
51.42582553648446,42.345979644977184,47.4013242507255,5.546655976553157,1.1028346524496597,55.79207698161874,17.4297526066419,1.1010084922119447,Potato
41.639184644670024,48.90974562610362,42.07830845777404,5.8592291110363455,0.7823872491758578,47.61599167638061,21.284716314921088,1.1784324851092927,Potato
57.78774349348922,42.348322915360065,50.5129212649625,6.284541914458799,0.47736991050929306,58.016987530161764,16.182184214640166,0.5466053967793232,Potato
56.39469902570759,52.936341536373874,44.0955572863964,6.021414341838091,1.1397344394126734,54.89842557904382,18.30113904602823,0.6425553140188333,Potato
52.83836136827353,46.349053370309974,50.54611187333361,5.902855603604231,0.9266315159366102,72.53603155437145,16.923700422028496,1.1408115064479465,Potato
61.335032222067326,51.85939282206559,38.975197196676646,5.851702618136641,0.8212626432153061,56.11577868680031,21.05594065666532,0.9568214408036918,Potato
72.20382690026938,35.30845234708238,42.59448988228655,5.804509420478435,0.892269564321783,53.51312504940646,15.603420685823286,1.0797977384777833,Potato
56.37162799366512,49.98254685548878,50.11469028683652,5.981560100627933,1.0115419285927365,48.40580207719318,18.91800730388122,1.189249941670066,Potato
62.51612253100357,46.30893717691772,56.23944660132967,5.885973904342197,0.9372957435449494,59.378524472970405,19.90820636618903,0.6971753914423391,Potato
62.47302889096455,38.71145483476878,46.47625840713462,6.162870026128,0.7533707503872293,43.84184751751999,19.989290563464635,0.6869409215169167,Potato
40.72056922041436,46.35787382992976,51.428500255062396,5.932361495663257,0.8115144850440756,43.92475094712785,15.035531965955832,0.8591716650853074,Potato
47.27597142081958,42.149370349319575,45.83787855769023,5.851810093262285,0.9310296256452861,58.09439643539621,19.248706318222496,0.8484149113831132,Potato
61.8396926663383,41.65205689894122,28.139987218159714,5.981027208840657,0.9299884392440503,59.512390921948565,14.782891011381844,0.852634023725641,Potato
49.084705434344194,45.212209633490126,37.35395112138355,5.53997666106175,1.0068628256543963,49.96500374178202,15.679023358027354,1.0360079144310275,Potato
69.47711756591868,45.05449834778699,57.63838706546264,5.735157801897344,0.8590814050726769,49.81534977173118,18.419322919289943,0.8208152509011228,Potato
55.66933794073023,44.1993030378803,60.66085320962942,5.911512871195626,1.2588631730485136,49.35587542373801,13.405063401976854,1.0071941834384333,Potato
52.281664473532686,38.084154307572454,34.07183140890989,5.548221130743168,0.5995545166841527,51.525573892637574,17.013621265292624,0.9134940617322314,Potato
72.39722964355175,44.73834385428473,35.40047327410567,5.9702443219716,0.9223509394882919,54.217388543711216,17.943251175156934,0.9306828642129382,Potato
53.08113208986435,38.72354399732751,60.655452115026506,5.60290638036085,0.6940224047649809,54.506341217009194,15.173583858109131,0.6415825317818493,Potato
56.555328229251835,50.14035319194747,49.65256313710796,5.8500015864455,0.47397032836977493,58.505003939527576,18.23341465327448,0.8002627757940969,Potato
61.80050471402374,41.19085132010572,40.46460864477858,5.892919043498375,1.139427084505431,53.176468196211864,15.83101449390723,0.8733629895297408,Potato
68.54613195064428,31.415768124919097,55.20702432905763,5.610155951614265,0.9484126162759475,50.48534979963549,16.582457612296096,1.1284642374352571,Potato
45.909134094665085,43.39756324281881,65.58191969829159,5.9919461394123905,0.6337805961921636,44.747355928676754,16.120936558383995,0.9236861867279812,Potato
62.25942694089052,31.098124119902153,42.1451828739773,5.572784903645594,0.8638506383770215,70.8775636583286,15.667032335941382,0.7534563250296318,Potato
48.66859704856156,44.448811998695625,49.62792563280408,5.549056566512411,0.8274408832443336,48.66791759233839,18.73972820297311,1.3026564910194502,Potato
65.50864405692236,39.34908039424845,44.015220612608424,5.423847977072242,1.046737946280607,60.43483342693056,16.834747508272983,1.0820000974413928,Potato
60.211069388850845,45.423325147765944,52.6657730182971,5.750401953634261,0.7090230777385026,53.83570726109863,20.10512667223712,0.823779733215086,Potato
64.39741395603178,32.420848825831975,57.02052502517322,5.887623574217189,0.6595778482326998,53.2078838118271,20.328602273295925,0.7111451189020164,Potato
49.29049761375066,39.51352131649455,69.19997657388976,5.6116781364689405,0.9990547999170991,57.08108326081081,16.526200249336142,0.9241700027677313,Potato
55.52165337905045,37.49536646918442,35.0485528750418,5.79315785423743,1.0798187013245102,55.45940619823748,20.726269402056076,0.9870491168917526,Potato
59.404586936697804,35.60452112895227,45.623626561747365,5.388257067297606,0.8465842219803348,56.16799006851323,22.288552744498084,0.9792480484918316,Potato
51.35146019862023,29.924422071368358,48.14103121515885,6.02729404511177,0.8558767326611224,59.33587340004476,17.54718637686953,1.00755006520734,Potato
44.02741977294339,51.2292748410227,39.98764896598661,6.022245052324338,0.845563201066209,54.073376797064796,17.397245235074628,0.9383406877577241,Potato
64.57524543280896,47.40853058276148,62.6715399433764,5.892910033097476,1.2427348478336608,55.743780342579825,20.69360090563231,0.9643079509359221,Potato
54.507953685746344,41.26863908065891,54.528546897582125,5.790984523207269,0.9825713035995113,61.922903674615156,17.941567145010268,0.45841684969762786,Potato
76.7827015149337,37.9168599884577,42.59047801250932,5.485249117217211,0.8327108195332711,50.49801734946414,16.157476340288273,0.797681059523314,Potato
65.29742824059822,54.21254408702171,57.385144382134115,6.114327491731279,0.8245179937106523,55.837322924404624,19.066206010575716,0.8010663159535845,Potato
55.742699294508824,45.98186370833154,59.812634795900976,5.818874875464272,0.6609685638442547,52.63526413425873,14.396672163735321,0.9112803614752091,Potato
62.554031112714185,38.105027052735565,52.17540100144884,5.9167323469434745,0.9513724085814248,45.38775766162456,17.366839186218265,0.9614764467399403,Potato
75.78711771306,38.096519748329115,54.95756180403299,6.04588253533867,0.8606744603254881,64.18726197989872,21.00543457857724,1.1070577101091785,Potato
64.58432168985532,56.52096074760275,44.46245198512093,6.394741724130103,1.0536598977316867,65.72309866421375,17.199905613645722,1.0266712054445644,Potato
74.26974163664363,32.388489493932894,48.53006346366123,5.200449247295267,0.8643334046301687,48.47193445231931,17.455580780083164,1.338546503640699,Potato
77.17803506797199,29.923867243095575,55.001644714394644,6.023700704376586,0.832420582659082,56.42646082526839,18.689955518537495,0.698008294070721,Potato
49.68670645913852,41.206077029086934,50.894622751835904,5.601602439683164,0.7411247720292311,54.28176600263035,20.215377382458183,0.8885271343579695,Potato
76.22730830635649,35.129256166362076,51.73798821309343,5.700797279850878,1.017592189282622,48.74729694219843,22.81849438498439,0.6464081395385991,Potato
77.15480239680247,40.62991928376183,54.97182123572222,6.173666972865748,1.071532299033214,49.15978489765551,19.500223888156505,1.1801210958951924,Potato
51.127082878391775,54.828999578357845,53.47132237371707,5.678696223862328,0.7213421230783492,53.2137034047338,13.111804172323762,0.837713329641182,Potato
57.370727561443886,32.479104456213065,56.73060675413924,5.738745439418971,0.7728410910771144,52.397328519451655,18.887768683289618,0.9109831815700492,Potato
52.99024911912422,40.87957431828311,49.543916381903685,5.4809500175183326,0.8422990612985479,59.634706163367106,19.43034564974127,0.8655053501394909,Potato
66.76772794785977,33.14031152110765,41.459109456260066,5.729648610277769,1.1995132272174271,56.30601301230565,17.31158547583557,1.131620700180997,Potato
57.13061564796462,55.64313266100196,45.39845188741329,5.5167159558096355,0.8667276050296249,53.007325913303866,15.980700059126793,1.2902961117237655,Potato
63.1862656780525,43.24974701570108,45.84308659576771,5.638252572271363,1.10511167114354,41.59326581928191,15.142838818024078,0.8629037241588668,Potato
73.51047305634312,37.378381189213684,53.74536401546777,5.8077640302286655,1.1592516825873618,42.32221585429663,19.839908009306942,0.8701651605386105,Potato
69.24884193919408,34.26502525729779,50.21953762876554,5.771298120944448,0.6995129057359175,44.75669589642429,16.548971595342145,0.9194896693492499,Potato
52.43087775695507,37.689485058805275,33.02782380964786,5.6962180222645555,1.1047173293250014,60.641442607760666,17.78269515743214,0.9365479087521245,Potato
51.717396044058425,51.371070783039805,68.60986255862514,5.846150616597672,1.4181371672122984,49.55854102771726,14.872301899827617,0.7935564368858823,Potato
57.80509734925009,56.184465858420744,47.46956785334636,5.559296372414874,0.7203082280845127,64.12017689634624,20.49325437077259,0.8271782720469585,Potato
41.242158839228445,32.09984518703501,65.49119453749589,5.992866207673852,0.913092275111661,69.95066538520847,22.89581568202879,0.8946090597058052,Potato
59.82428239468333,35.92567322521546,47.43857041263379,5.383829006775966,0.601922724763188,41.21872904875279,20.710842517298612,0.6657896665631156,Potato
79.49962298706154,34.887354761604165,65.63614916104282,5.697784783997667,0.5867626458159045,65.27023118452375,21.504664069083063,0.7640923499599483,Potato
56.6834773340255,33.65942844407314,48.915259749880526,5.830192161283439,0.8297233881769143,40.448868836873174,16.547801712274946,1.0055278145331064,Potato
57.91100457404084,37.70791560706806,41.62301109472312,5.629185616624667,1.181789621316392,45.881781945583135,19.802057741713075,0.9070582831355287,Potato
62.44810663121402,34.87350603289767,46.83400370556875,5.798398349551852,0.7958666070781608,57.651456832292396,19.143597540307677,1.2259059935429881,Potato
62.781900293623714,26.61430141136814,60.46717172754812,5.742916220341866,1.302385072587371,66.76739562004246,16.736831540721084,1.0082854175806764,Potato
54.06044852252112,40.018835784902855,56.08386332918558,6.111640057693022,1.079041165777248,55.599917055302626,24.20855975020304,0.8452469390209366,Potato
43.927993683007024,30.097104933534727,63.266069571101085,5.778537182442895,0.9318114996108184,50.659808960605304,16.868243801752026,0.7819356208576058,Potato
64.71150813330088,39.3183405772403,53.91504840023061,5.895042747888895,0.8148242532734208,43.3301549975777,14.135501010001606,1.3539977387542599,Potato
74.7817344442331,49.3812779682385,43.92853873711795,5.802662725453674,0.7369274415233659,44.503343238672876,16.52806619906075,1.0989277445144368,Potato
68.4074536692397,33.20966398864585,47.166655548582725,6.009754488142242,0.7858057209625325,55.63668995866184,19.00461861766203,0.9586395827766196,Potato
62.54145427690286,35.42411978352243,45.041228712330664,5.482578041574225,0.5877326812995456,54.08201006647817,20.04064903646798,0.692957640876908,Potato
62.729732441242575,45.492418493683765,33.46939608060789,5.724237291961859,1.2292420400916746,59.41552814205899,13.32385712734428,0.9987509193617417,Potato
52.52263205771671,44.839148510649316,43.78926410059304,5.78515091556465,0.7924914462874102,55.02526178190804,16.58179956522247,0.8664692637668283,Potato
48.24394991689323,43.43461716789794,51.57756687779533,5.347370991250838,1.0985833320403855,53.58969632276403,18.404405990589776,1.0146842508043779,Potato
63.28242242359984,48.1564221092263,47.3603403001513,6.089640228143571,0.9245849235614642,59.06106739605353,19.009072931994762,1.086109548796429,Potato
67.21412373559293,36.89938163783108,44.22859660400137,5.7860688386734465,0.7479797117841506,46.58246238938922,12.679868826754896,0.6676105863256935,Potato
79.85406361111524,35.40449825259156,67.1311426983903,5.912883288323562,0.890048395672779,42.99515906543013,18.011672238940122,1.1838275650452346,Potato
75.57636744016739,41.91967056888305,39.66198470685486,5.5319937033302375,0.729481631321508,65.22523941890161,22.079301090271898,0.9293839252451378,Potato
56.96919564476846,50.840973476626885,41.19283813221541,5.814510531728102,0.9925931999092261,48.0975951425888,16.41021444652173,0.7929393631218595,Potato
74.16726855988085,53.400570939399614,51.03313277212905,5.724898795628019,0.7800317850013407,55.013970507602636,16.624445621408025,0.885445463646717,Potato
64.13232823003923,37.162809400467424,48.29370743647312,5.748072744179755,0.8364873130547722,51.46841698387031,19.905491507342013,0.6343895956535337,Potato
75.74279859001264,40.94870624242098,55.490158183878634,6.003021779281685,0.7583881679938858,47.68513155056607,15.419326788365431,0.8629397955257118,Potato
66.99204691551029,35.91366582345423,55.471384761604746,5.136982058718864,0.82288655960495,64.3370989408925,17.57257177741766,0.775628454575075,Potato
53.43156777862403,18.803842058522502,40.89378226629272,6.096027584303523,0.7834794466207537,51.283645103990196,12.17046953240898,0.6553743310331157,Potato
71.90049178599753,44.321058564630924,38.32304871704512,5.6234397303594985,0.8941655314002434,45.43097814274595,12.989640291215999,0.8761184418840847,Potato
65.72608562173241,44.143001238109676,57.87713646987932,5.365003966701649,0.9115803819653878,52.85238908616703,17.78194828625702,0.8682327549548794,Potato
53.39551819392484,18.875466820490765,60.456461185136064,5.892397246333025,0.6031420424926985,58.78505322394204,16.881737982496325,0.8371541525373405,Potato
52.31585398510967,43.75851330856585,42.80158785635421,5.492886287894632,1.126348962121199,53.5689487218662,17.63128402501948,1.0038696180414999,Potato
53.324132991538235,36.722927791471804,52.75143742750552,5.3684142713101455,0.9442198093536429,48.95430832654906,20.138681481137873,0.9819994990274864,Potato
64.1454835697503,28.7512894601181,49.06944144343562,5.470365363084002,0.8926272194045948,36.477762584882086,14.147919329061892,1.078355041326028,Potato
63.6905317600656,37.52328906764233,41.821310095823996,5.496408903075614,0.9400311510177052,52.25094152326123,21.86661795829319,0.8722854419984475,Potato
60.58720492244534,30.2804757236124,46.75370697340574,5.849557593419036,0.8254428577573627,51.11497173140614,18.81727406403831,1.1272234922341484,Potato
61.449693703078275,48.00930398431196,55.59442139766904,6.103618944906998,0.7780560153306725,53.34458004012478,17.49306607308834,0.9819415854845964,Potato
67.92412822211864,40.87539333778324,57.890359196382775,5.642267186445215,1.077075510579825,63.12647553748694,19.69374086481166,0.9201254675221819,Potato
67.13323332404967,33.741968743330574,51.785260379241876,5.8841429335110345,0.6340968673697029,58.79667402351617,14.877953185795462,0.8358122553135854,Potato
60.39760959276298,34.88484530757035,50.742986347582864,5.818635957322141,0.7359636721282319,59.54379567059465,16.08960874173442,1.243196156210204,Potato
58.90521176669395,31.800940985069772,41.14092410407605,6.121322530115524,0.8181696700563093,44.08988953736025,20.134281867819418,0.8376639168332876,Potato
66.53419511119351,46.54896217959289,52.4701718492769,6.470854070791893,0.5550515014133552,48.456399397825535,17.360124988490107,1.2391760292912182,Potato
77.98002470102212,49.020836071757415,42.85288453328681,5.610295872864279,0.7342879929719092,48.732584895673895,21.731761518189934,0.8634349314906234,Potato
58.885018353560575,45.42070750846402,35.02824823369423,5.814740829955359,0.6806256542654159,52.644680635533454,16.53394826510197,0.8043028880953115,Potato
62.25581806706365,41.54849381674758,48.02161469689413,5.903791616037523,0.7262770918292902,60.45268695231542,17.484502444605987,0.8274504656793155,Potato
52.05241188297019,38.310217776733225,66.8357533116133,5.782272144371275,0.6711192927713122,62.35055253428037,16.820178910520614,0.9425638506528706,Potato
53.94339449573422,48.965413213002186,44.68316219018632,6.19140023400171,0.6901478830942427,52.656748914276164,21.499989464766955,0.9252261337172009,Potato
82.71465941805633,38.11601685533388,52.313385676646064,6.333441796173669,0.5972153566515463,41.897999734547696,16.01122955697648,1.022005903420999,Potato
43.90148816668061,44.17934339593414,54.740360250400045,6.364029265296548,1.1090969851024746,57.91240189998221,21.3978323378824,0.9808355911672301,Potato
55.39929945372798,31.98775956065797,44.875709566762275,5.788779315126807,0.9350036810699208,37.918435215305934,17.451099162690014,0.9042872654324168,Potato
65.4753744487984,51.387606177544455,51.67088181900743,5.545322394650639,0.5363841232797055,60.49608766489905,15.827281601306467,1.030025546574202,Potato
73.97420152162569,29.19147663814578,54.985033028830664,6.1619342748950166,1.1038078650560563,38.22896450471636,15.86586988801574,0.7079729241374365,Potato
65.23472755147051,42.893286364398485,25.71897309853437,5.715767146028204,1.0601439660682215,56.18380792979298,18.365667298749653,0.8452509469921934,Potato
49.41059058925322,39.88060923276661,50.468841061116116,5.9722712656932275,1.0392999848590925,55.68689135330593,20.73727091146208,0.8437612997796344,Potato
45.559754301202666,43.339375685927436,51.137415989503296,5.939140824390361,0.6471097303434145,69.32636870888835,19.776256034159104,0.8568004663501311,Potato
50.64546854035355,47.54007387302574,40.084071961425295,6.4331821509417795,0.7773590120201338,68.76404171684489,17.53881553731821,1.1371120063230462,Potato
52.65131493173484,40.1318546498269,57.2427439715351,5.98538159827483,1.1201523667315767,51.10022308158748,18.212020932124528,1.0872582863997107,Potato
52.94744498281049,44.007787427828816,48.02755784200025,5.857644749843129,0.9169100432828897,48.69373479372029,17.348267019693882,0.9217398378115059,Potato
58.97276001287871,51.00915164855967,59.08960001134725,5.881194539578179,0.7473707634560995,48.40781526481637,22.93452758820103,0.7485171845891709,Potato
61.138596181505235,42.526641000440755,47.198087136650244,5.5193829459183394,0.7430206721987026,50.62795998156777,16.22626782725555,1.0991580589771397,Potato
59.90874006527371,36.33339229196672,50.962622394804846,5.987027653482576,0.831076058788484,62.21585036140732,14.822133064108602,1.075695544817462,Potato
59.91047660227779,39.6639135377379,43.76287107981632,5.456201963456244,0.5666656128369219,48.89778664840171,19.46918305150588,0.7558082366543007,Potato
44.51551814275691,33.636542824135496,46.536500142461165,5.703259657654541,0.8742214183514472,63.260850768415025,21.123136095228723,1.2008193758083983,Potato
43.75092683301432,34.008812557645655,56.286366413537785,5.672871259652993,1.0721572939698465,56.656907440918616,21.948010525092,1.056407417089903,Potato
70.61016626558981,37.116898739144126,49.12285238628555,5.71452903188114,0.5988215712700187,66.77415404396426,19.86346827210803,0.8482459313878594,Potato
73.04592507459974,35.58742647276991,33.45678978390252,6.082063530810212,0.6442879533768006,53.433796275008135,18.5153076019594,0.9578198017108143,Potato
68.48401056203797,44.06595998387259,54.94903273905824,5.578589501024182,0.9588487114535315,42.95560023959915,21.905344246132074,0.6896152764272665,Potato
56.53560161243655,30.767880326812517,43.42850342720913,5.803759956320974,0.7942483802967997,64.15397006516497,18.567252539906992,0.830563540615711,Potato
58.664180700259536,48.53790319939155,58.179837949560195,5.481144149675685,0.763869657172079,58.79831854947497,18.883416465067597,0.7424427687901856,Potato
67.49126589306624,33.76388101869523,61.734440964707076,5.9482457637498936,0.6736151098708557,50.76738638829271,16.63384846367844,0.9239815081953496,Potato
57.960231019875096,31.981577606327516,37.45166768399682,5.953726533631401,0.9572473729128327,55.84430045764025,18.676829647401153,0.8071621278712448,Potato
61.839923577751435,57.769538954889875,60.57110408672429,5.719245633731245,0.795325650579752,32.11648482006747,20.671735382461744,1.017990803066222,Potato
54.56172030723508,29.978046219860108,39.60259301129247,5.924431401494238,0.8821318532674972,60.53273614085825,18.216107845920458,1.0450138248174727,Potato
63.69575140392247,45.801567661124764,31.192849301702566,5.454383240260711,0.8271296660224745,63.636550279201934,22.70132431516935,0.8753646326419683,Potato
53.8841993611182,26.315220190195376,57.772073876658474,5.645946638945547,1.491666933871631,49.08476863972389,23.26318774215166,1.01225510753812,Potato
49.71735600678633,41.6250065205051,56.942424738954195,5.7369293860953565,1.0675965421104596,61.52765727478928,19.49084625148533,0.8975289947928742,Potato
48.250599106938736,39.46250237167337,51.58458197344259,5.274705756109409,0.9338470631982688,54.22558988151885,14.758434823037614,0.8500490413962365,Potato
56.88153653165701,53.51066173445393,51.9810651155963,6.0900926703680875,0.8764369391018703,40.00866786531933,19.68085462205406,0.8012719905618688,Potato
56.643998700120896,32.629201256191706,50.65491077529224,6.098249941254286,1.0865476216949252,67.68951606228131,22.319898644885278,0.5931188654612665,Potato
48.06379439070868,27.342658951714128,55.68737369350631,5.605937100536237,0.8021639336312141,53.267220544580354,18.95642672022688,0.6772018427990316,Potato
47.41136537365913,40.009073445717746,60.788713425390206,5.7928887270896965,0.7416680587235935,37.81433055729891,20.3816889626507,0.789610252591428,Potato
48.525630842482784,27.992723414788532,37.04809269972231,5.530860018272921,0.8522302527611698,45.330066361914746,18.464270093869093,0.8630328390122847,Potato
82.21992289184527,28.068898185251367,51.45331487281143,5.8487213969314675,0.6938885192153703,55.76201917957969,19.92398591601679,0.9144737223836749,Potato
73.84462884819838,24.75618667333263,42.41989928477552,6.213015693224664,1.0824052666527701,59.324093690130304,21.083038516298647,0.6125163181947345,Potato
67.95610662722821,47.450591136935955,44.07169850441837,6.536186393009543,0.9392697928124115,37.45784765993167,18.953179994834386,0.7920209955015902,Potato
71.64995273929517,43.83560823373909,44.61870134951428,6.220686537113611,1.087890261195862,48.37664009854319,17.61988729859788,0.977537518614612,Potato
56.357367372273785,37.65920417306921,50.330525254380355,5.501576396469531,0.4534469322846064,56.9130788986563,13.027750126762037,0.751044194528292,Potato
42.28417641051428,28.460888865670878,53.837196567073626,5.737753713783179,0.8483199089063753,44.472785731007924,16.3603772779036,0.9564682738815281,Potato
59.479127346934995,45.7587184272939,58.68582810913323,5.729378439687701,0.5295501428159015,48.94684080747027,17.75577679781827,0.7835269421993829,Potato
49.45375788666247,40.488265989564404,71.87272792459953,5.663307342629815,0.8994388295016451,44.503712982152095,21.108502637603785,1.0312114565027135,Potato
68.05734139465918,49.51857067913322,46.15392780774673,5.7153230104432255,1.24197570637733,60.06182482355647,12.451945446639597,0.9682231463455515,Potato
54.18301939230403,46.2872027725966,53.67371422478156,5.312648026073616,0.9537660340990955,56.68502181801286,18.908656216161965,0.9863293277869963,Potato
74.95965959821731,42.89722292730009,50.20608614427018,6.121430915172703,1.3485481447179537,62.32056603334471,18.515515317020224,0.9648795824653378,Potato
62.56043759398258,40.12962890691329,69.48653748355743,5.590265055191399,1.13098116564854,53.99314445839541,14.29895207465319,0.871752338462024,Potato
54.532241662460855,44.04304122892361,50.821702003927136,5.513832478178569,1.194201582697943,63.7210720358058,21.965138830241003,0.9355446996102175,Potato
59.642669317193096,44.92492337833035,44.80272481171188,5.836416675321554,0.864864420135727,43.31172546248064,18.31863876209768,0.8338549662385047,Potato
57.574478359816965,42.546494619549684,61.45279820587963,5.562344374646566,0.8326883569741286,48.87933842912152,15.924548530502522,0.8108146584525342,Potato
58.03549717184806,44.10110159814253,52.88401188306354,5.50408004025669,1.1588320647834307,62.555298451816306,15.747035873475742,1.083616633787934,Potato
63.26938412596276,38.90481287952328,53.22272040031381,5.792784177224854,1.0090157308962813,56.49852418504934,17.156434869319494,0.5961259861257926,Potato
65.27182540631927,37.38441305129287,57.00151948680722,5.934869017437202,0.8304671577687982,63.18390552861868,18.512104154591427,0.9245464271067131,Potato
58.61889313236858,51.78488998567858,43.580599438139075,5.709651129511465,0.6525329709840006,60.81384861859605,16.544627484105817,0.8294946627410518,Potato
54.83063367842819,40.439053412436714,38.743163738067686,5.171891325491367,0.9915408074785544,38.091538350370314,20.135344459943447,1.1337791624302722,Potato
58.35776196064967,49.096450627043424,49.781692224111026,6.2477875245418035,0.8087564295773578,36.080945524551026,17.800220639733745,1.1561944790116108,Potato
65.34968305940419,36.39273740023509,52.960110523562584,6.071914954766715,0.8828767122171058,76.01112068273903,16.70645510870128,1.0503766083067123,Potato
67.61937236481799,35.1012080271136,46.18003759387094,6.085067621294222,0.9289575775208483,57.70457381381818,13.910081615739106,0.9983997982743152,Potato
62.87296844082568,39.55262984151192,53.248026767531684,5.6854190420052095,0.7816194992233052,53.064915746887124,16.839492054204257,1.2270794341564801,Potato
69.1187072884359,33.220717532198094,68.32666402034758,5.678800148797833,0.9058910734928569,62.17933755945056,13.075028640255962,0.8644461229588547,Potato
54.266661490328325,41.435560556808944,53.33044714938898,5.7783673777069415,0.8752705403642025,63.52105098108356,18.753714825835097,0.9062137515077915,Potato
61.47870591460139,52.851222982711526,51.55406579285695,5.6559544186096025,0.5182001822777882,43.52850100772037,16.8324352623006,0.8837434734068779,Potato
54.443785403897614,42.458007839320665,44.883427599425225,5.543943004362079,1.0225287670714827,65.9551559750241,15.232081005633631,0.9365573795561718,Potato
40.94995341846182,29.678233084909884,44.70110754820544,6.117774921065614,0.744258794058905,48.47119620187561,18.090218204736125,0.9055625416724776,Potato
52.1486852724533,53.90355097084267,47.611729641961645,5.831803795077062,0.8196440924579116,58.51977249720944,21.08739389926029,1.149549554543186,Potato
52.377343247361196,47.70556623410849,54.94712737595916,6.072870250648822,0.8816241454614405,53.50367381374256,20.339286614284983,1.043203875908443,Potato
75.65720563861886,41.38983288815343,49.037768351287184,5.111240997601623,0.5777478924009332,51.84598715853286,15.247352671884462,1.0221195848149869,Potato
46.89979038421046,36.490869701547986,45.8417615617536,6.137328063351845,0.7783522501960711,58.619296944383905,18.48926531880679,1.035493272817092,Potato
68.50215052116481,39.76591920991319,34.73334938653538,5.735112551739223,0.8960088710935694,57.28807386522222,16.156112136947975,1.071135167761292,Potato
60.136194183149925,33.55651856531512,45.87594945132488,6.339991943110713,1.0328755785892998,63.38765244451523,15.396032575716465,0.7966755461724299,Potato
53.185776941187555,41.290756163120356,48.433983520229965,5.662941564848034,0.8271860814993092,48.647718506599446,17.550401782746473,1.0669823375750622,Potato
44.868606484502465,42.42535603544661,62.42083425391661,5.748707612401641,0.7942247941708208,62.39385188760471,15.53944530782789,0.8965962705091904,Potato
49.60155899614273,26.90929320983004,48.632141616846845,5.446249382285244,0.8976658973341664,63.92023699504565,22.635638516699057,0.9140293925914813,Potato
70.19215831975599,42.792738550746435,46.55197747512447,5.26106262089935,1.2252984654164238,46.60718248575102,21.456927278544423,0.9805211443893377,Potato
50.23987214752641,42.18398853273267,69.19619955156797,6.229982722641855,0.7974573887731102,49.304153934522546,18.25052009329018,0.8751729406545246,Potato
71.9973738564273,45.177123954952634,34.769825586244195,5.928429071518695,0.8641818078265264,55.296865088224536,18.62235753565165,1.0798093507914903,Potato
69.77792963546021,34.75180081518893,49.47249229079298,5.674414009999981,0.5636308062186804,54.12503593919128,22.61188606889774,0.643193490937538,Potato
59.75938206339933,39.607032982132274,52.58961924587888,5.530437011929699,0.6149778818400093,43.97121874564299,21.327334395828697,0.7525971038457215,Potato
55.00437808346827,54.73242819029082,43.391699089011894,5.895871887426259,1.1127623353251015,63.12576149583394,14.671059107390798,0.7929971328447752,Potato
63.02363976251985,53.50312220168305,43.14640407222924,5.661788364448898,0.9839148842802009,59.957265818787015,19.70063501075684,0.77304662027478,Potato
54.67951863065595,41.50850839861378,61.36080181365453,5.73322445700684,0.8955396199832362,46.792572502884724,22.658067079730607,0.9231394420712565,Potato
70.77754779556741,40.2092804564732,50.76740358719071,5.379913510561423,0.4698476260614866,65.01524169468767,18.19514553565605,0.9309642184479927,Potato
47.509462477995896,33.67855075544463,59.56071801021486,6.287240255835602,0.7757451972454896,60.371866306904444,18.475062331704013,0.8819206589883412,Potato
78.51959020178319,36.827588477840735,61.16641373315737,5.906798528771773,0.8966221355270362,65.97613738426463,18.72533624605757,0.8855358705131579,Potato
73.79442172982033,48.74483577640324,60.81766989038488,4.711414784346494,0.9880353251476821,56.69693754455976,17.912841864786284,0.9914669450959018,Potato
62.60556872504528,44.74465192129027,47.58834373020507,6.2194905764494175,1.0557888383545653,59.34021272411872,19.23426308426716,1.0735921961240347,Potato
70.21687786935489,39.21059562517598,58.91279342740967,5.848734627211773,1.2833853583000656,63.781822488375724,16.435976703595767,1.24960660341754,Potato
38.979601640101706,44.461483184683296,43.73377403499243,6.327010482228445,0.9505612130590574,48.64963627930303,17.333763219451043,0.7929102812001613,Potato
56.942230214299215,37.69946668877347,43.239597181690506,5.875617867243134,0.9782448326813464,47.029548869792265,13.854328092390006,0.9466434678224358,Potato
65.31920551119534,45.111517333728635,54.96056943434715,6.240360697206357,1.0994135773862528,76.43862557132461,25.751617992082362,0.636284611853293,Potato
38.028613687641545,39.94826091507299,54.5380918689229,5.778752197478398,1.0407160892115521,52.838063396813,16.26512309146469,0.8185663710223433,Potato
57.99831630935796,45.904586408421046,45.619333730007526,5.719088763183322,1.0140433688088708,53.409628819638485,20.791776376613473,0.7620740651647409,Potato
48.636362435345134,42.1324032381284,53.638596160383166,5.557811341656644,1.1687190802654852,70.39949447816181,16.43036446789821,1.1230951009096786,Potato
36.17867827999277,47.53278586702618,42.28013505984424,6.073300350952199,0.7077448028086669,54.452099722985636,15.9747110086454,0.8679178953326879,Potato
78.29924028930445,39.244435423846156,68.99271461533252,5.6919724828940055,1.1983529407613605,41.99445914789757,17.283727361554522,0.8195835022011964,Potato
75.37705600797142,41.296741502252516,31.20725147317254,5.433163696677402,0.6974675501241199,62.47240235289735,20.01251870914069,0.8549400850558321,Potato
54.51490206382427,45.01471768595037,39.834292168112356,5.9281473138260985,0.9745035993740466,52.803283255465885,18.99419491261429,0.9153141529612027,Potato
64.97419494756541,30.661283840639342,55.53051782475831,6.087448372260636,0.964190284112889,59.809726807932,17.725201706475595,1.0336998849394565,Potato
60.65247127979855,31.96441102281773,57.381945393949344,5.342439050697823,0.9565559488576767,51.92621719962416,16.87968562573822,0.9257983124889309,Potato
52.90711809182006,43.58544209889482,50.51116969359802,5.627157693604584,1.1676359140092638,56.63826088239598,19.577002333561204,1.1124883094241633,Potato
74.00178535794373,44.05849817699332,47.27607619091176,5.399682939489581,0.9413381400959493,63.756674526539086,18.885787048483213,0.3833123925348154,Potato
68.70062154826468,46.520494083430194,47.289000256463176,6.076741269070986,1.0255930828786752,49.515945661743764,21.17825279054421,0.709878461534083,Potato
59.42755328961064,38.900983810595406,42.57105663030097,5.88506228294171,1.1620737799146115,64.9819349748911,19.80916053685479,0.6456116239679557,Potato
46.64047699122881,41.163183838311376,49.69188463024813,5.660537648300472,1.2810646394909666,55.84688122536913,19.356031852977047,1.048184082142267,Potato
60.5495844967246,58.137435175386585,41.53664927807867,5.6302999548296455,0.7114348563434987,67.50126629141843,20.00521468554662,0.8183772130922111,Potato
51.361236250452194,49.694233504218225,53.25518943804973,6.194917031212574,0.8879701298436887,59.092282579468794,18.750569138110006,0.8063832998438897,Potato
58.55855841190991,31.709876589911588,54.44696141354519,6.01314964897712,1.098032240021064,60.332359145368045,17.67947465874244,1.1327955967615477,Potato
68.92308487729545,49.719824111599735,63.06158034023316,5.764832096514071,0.9775758913786474,61.19652146797982,15.127145531163936,0.7309540241431801,Potato
47.00688354004923,39.243299380360774,47.00014646709562,5.398012224077333,0.9298716455397356,54.23504866626726,20.955600425192483,1.2019468618698688,Potato
64.56450340414233,35.123586350436355,55.82051939612362,5.8026048185297325,0.8519749492437003,48.1071910305615,16.83944990194498,0.8733313483089259,Potato
68.04096392165448,43.577179062855066,66.43018528635646,5.988814660677012,0.9848589849124721,52.550157076219406,15.406342545383223,0.8145159837220285,Potato
53.001613372380724,22.073652274477357,40.922313956832454,6.2486187331824725,0.9737200425917987,51.98780915723923,18.996199555350053,0.6069893211405939,Potato
62.82097716462424,48.942445842032384,48.909956476195575,5.303842932650401,0.8172118930446606,65.23409595986496,18.646574142244173,0.6872534857809651,Potato
83.67629179183871,31.22334038628407,47.81367876548107,5.509531919817383,0.6927995970172798,51.38279107411875,19.590375399615194,1.0935797167829402,Potato
56.1383182796754,32.92899512070553,54.30775384993827,5.942229802100172,0.9480752671106901,57.20591850325386,17.718583884140795,0.9147226281833822,Potato
58.18348871376429,47.49170608925986,70.05613550635289,5.8503028824780134,0.8986855504057278,57.04689092552054,16.35519549754177,1.014746755665723,Potato
64.41176409081129,37.05670854370116,58.118601371382304,5.8053171351367086,0.705988672305125,57.81283556338368,18.592481258498317,1.0440627219165937,Potato
68.31546950074849,39.23541568559867,45.75121757227822,5.800488250016183,0.9726617759337313,58.87003502212039,18.753530520340295,0.8863857084792347,Potato
69.96817020023224,35.27988674134706,72.3146310693934,6.013659706443052,0.6745029193659979,56.481834647491326,19.93170879508033,0.8475946341720435,Potato
45.04855952423293,32.726552408807734,54.878836499109966,5.3087073876808555,0.6101310856307955,59.29467797547141,17.443626957882927,0.7956329415592804,Potato
55.05267852677467,29.704303310089763,54.36008087409451,5.574167804595115,0.7928495630832259,57.77428109269742,17.358431161364457,0.7943020035548496,Potato
40.10561575276071,42.571980921074704,50.710936708475614,5.655131511848655,0.6925201789066306,55.1020998292282,19.20117940131442,0.9146638321986457,Potato
76.38065520492152,44.9334215182352,49.03445219293363,6.006718051707038,0.9097324556782157,55.361542036181234,21.240909493277556,0.7652913182789222,Potato
60.233096480549584,48.327970018547234,52.78091502357402,5.696665164096742,0.5587680469251661,36.83722446245032,23.19045297440187,0.9462767731876217,Potato
54.15926860913738,42.44619822390889,41.47093275526985,5.707263642329045,0.711811921401407,43.69381132348396,12.737537635405195,0.6603513911656749,Potato
70.2128776393746,33.09182627152978,54.814029006225915,6.067861269156659,0.9033159370414916,52.61146230143144,18.33255730131916,0.8375069450213829,Potato
72.03909262056631,53.13573711901145,63.0483064733386,5.197562294263401,0.8125946482279772,55.03327311024925,19.157644901056358,0.6409028193446928,Potato
42.565563396310345,49.14752824737775,44.967926132511984,5.383526225233095,0.6792718384554078,58.12379714649772,15.94363078384126,0.9362438463276075,Potato
50.21272637253496,27.79059910831186,62.81942146899192,5.911493175160913,0.8332498277523768,50.829106226547125,21.662250922688088,0.9887295068293088,Potato
71.46813031635759,35.9141512575756,50.4559988616162,5.912615696479029,0.7899861781372317,54.23574312797088,16.540974150291873,0.9598588796253326,Potato
46.78605836149419,44.00379013472941,52.796418815686195,5.74307361201795,0.9899034291304167,52.08047629013618,16.324673146681782,0.9815589232183017,Potato
65.87014005154373,36.44910832833676,44.662529369812475,5.748767424547072,0.7895988694371965,67.20095287905815,18.791189285485515,0.9021900350320823,Potato
50.67275026310971,45.17292612925648,44.495555900500264,5.617230752897308,1.0545229326153172,58.09858176793518,11.741380977161107,0.8763343854353537,Potato
61.2551962054762,37.62282690953188,51.44327299120825,5.293287359185477,0.333795880131855,47.19625409303784,18.705617804417876,0.4162565657218665,Potato
51.564539327604926,26.540673215604293,47.81638244721787,6.348211792227637,0.8565648010671797,54.13997723735306,20.09807735197058,0.903195983671586,Potato
57.85008229810661,46.48652146901503,54.24698435460625,5.8808152132386065,0.872243969486507,52.23148236218349,20.292927213079157,0.8495306070181241,Potato
72.31252879356013,32.669975435975026,62.904055590552005,5.932171223264757,0.7062930153895988,59.07182907641845,16.3742427542068,0.9050142081521213,Potato
55.13372862854749,39.06961485106845,58.4728771442888,5.945183262601072,0.6749269216461843,46.45522846673249,18.676939025663334,0.9514780690343665,Potato
53.25555020612902,51.139208380874265,57.32145443542636,5.624838617692258,0.7555489368368015,53.17749429029402,17.1703639723146,1.0884236240597667,Potato
69.84522972994887,40.245486594509735,56.101150048002935,6.030433063376473,0.9116521456533069,58.22094943495272,19.485468885230706,0.9731408585473327,Potato
52.21196171524209,35.256031698577566,47.40264804482555,5.602134001866871,0.6053798854728695,60.407615687592326,18.866020317172502,0.6990950135561181,Potato
57.590832882724634,38.70999927923161,51.63749985658946,5.497061714378655,0.6292011528011174,59.15779596827128,14.165094969328443,0.8651004760418005,Potato
56.73922814241773,39.137009772412505,52.274458590600666,6.2475997729871935,0.58010155988182,62.01265266186199,11.719605234671556,1.1090566723225979,Potato
39.57130659462843,57.05476246624354,46.492089534705606,6.16130725701645,1.116831204682173,51.50808726956473,17.100626954531,0.7744261555301586,Potato
67.87370166444289,37.035723270470726,42.62914824754339,5.950437283347722,0.7205647117188502,52.36814166598398,18.267764662180483,0.8036355766108098,Potato
55.08451319080065,50.744882407976206,48.16188319743368,5.699304451260589,0.8649749723862556,58.63563990799254,15.415340793315341,0.964082310068758,Potato
62.55820190059241,27.479412311481177,66.14830043067886,6.209027797013698,0.7398874134510325,46.020587698421735,18.570128742563107,0.6861205068253068,Potato
73.64282953702255,36.72082384973325,64.59626235477936,5.569167056291845,0.8775595828866559,65.13770085261893,17.191901300902924,0.9408137614763611,Potato
70.92658755638013,36.10766784416084,38.64434818507078,5.391561033033878,1.016686549887575,58.110227095980946,20.654157932702727,0.8588932921526115,Potato
45.69262742399457,23.530733856028966,75.81166280916531,5.9475384451905,0.9273583512164588,57.22911808251053,14.421652629418908,0.7807692013555431,Potato
77.43330127991243,44.60843100096553,43.12762108134857,5.456491708136693,0.7968611782110867,52.476554822216976,23.12286508961676,0.8717598936051068,Potato
48.104482158669875,39.58978345472941,52.379046215402006,5.441446958275535,0.9804331068905229,64.67132761817255,18.346678208126907,0.780440227222548,Potato
54.7112956242985,28.388148163366964,48.79548289307718,5.887018387912375,0.7206734830269044,70.51760120822102,19.980698738627872,0.6310833991577337,Potato
42.277374414924424,33.11183338107327,64.15866866083346,6.049458078954661,1.2247424391116575,55.081674292502036,17.476276680094305,0.7128735770909065,Potato
63.496839249167955,38.62682283158085,47.887950285663244,6.253054235494795,0.8747308794270879,65.64785155238148,14.029813347143467,1.3032168349294384,Potato
56.26729538244631,44.950288162918184,57.79645620751861,5.660740115494878,1.0638060180118107,61.96802541264991,16.21713874738558,0.7948049663727161,Potato
60.45306823484743,39.191542366202654,62.53817086264581,5.996747091784622,0.8859152861073818,59.848623669661386,12.883367305508273,0.8077033539552387,Potato
62.878210083188876,47.80755851324715,51.79792401190214,6.208306919993744,1.0735879716050527,51.093364607429244,17.649923385115578,0.9612632529357857,Potato
55.513644471436365,50.719031245416154,40.0214647913694,5.888509806118828,1.0470893627210114,52.49242408431118,16.65300166837688,0.8885878055325002,Potato
68.11998512785175,36.501064017305026,40.37970931781637,6.122163737558047,0.9798592945871175,63.06285944391614,19.8983293281686,1.2269833962422947,Potato
71.14972035606546,34.931443066876255,54.232411705084246,5.643903158107807,0.8091747672324333,43.69999679507761,17.284717045333654,0.981755143280205,Potato
59.339782948662595,32.30442117725916,36.292826007785166,6.391316861934559,0.9650321506082999,48.40744664320091,19.15445864925719,1.228377911670913,Potato
66.20462359645894,20.490524916800272,73.87062519188248,5.282210985518694,0.8587976109246336,45.932765599737195,16.149994725066968,0.9426614527473957,Potato
39.28976491201391,39.368280901572874,60.32608180467225,5.5638927091154855,0.6219429880115689,53.885559182754065,17.15414627487156,0.8107158494498297,Potato
48.11653923882386,43.634292068302855,55.357371602975576,5.501618914352183,0.714549271079248,56.0919359520458,15.587570854780832,0.9267992974045183,Potato
69.68046528616063,29.5812412314018,24.077452693046826,7.50978897925009,0.9644690540960769,38.79874370006949,19.188307182196972,0.9036556104167489,Barley
55.355021654733044,29.575237783035014,53.571873414260516,7.736155119694044,1.1667092236130336,41.049647567041575,15.485641910262565,0.9691079578900992,Barley
56.44294146718021,25.959816903238064,32.81173591771075,7.1294688814533185,1.2114658085971723,45.464296664974285,18.454081153820876,0.7935821639562095,Barley
48.193311227501574,15.089491493690357,22.283657930059398,7.192059304934599,0.8214067235972293,42.31488499692852,20.028734354933302,0.7807341171648448,Barley
69.08916935121435,24.519715962893585,33.780165859265495,7.385723589802273,1.2184372657668838,40.84709665665743,18.33392228639532,0.5517735327488118,Barley
46.00093290789245,37.67166591588308,16.32191962762535,7.776037942680576,1.099932897790846,34.019829373089955,15.919877558981781,1.0843932949772461,Barley
69.11405806479421,29.163914599195518,36.21132556507141,7.219069218945124,1.026956795565221,34.60877049144564,17.803642439564552,1.0715494069647113,Barley
54.04385953449574,22.663846831084612,22.70265156813523,7.435592972062055,0.8478209691014419,41.97282513586029,13.951242267178635,0.9035375201863823,Barley
44.398351282069946,30.32408081494137,31.955271043040256,7.8811489094380835,1.0342978346859055,55.563775584916755,19.401856000156048,1.013810888346872,Barley
52.91201793577079,32.41852134643226,45.967792301170604,7.653388785603534,1.1061986556369139,37.37652133769817,17.603058765483198,0.9706492927405035,Barley
68.4591124873214,25.849960895042287,28.30616923080527,7.146842539284339,1.1659401231460311,32.56419982349985,20.04400851505437,0.881853551468152,Barley
49.549081556342195,40.947015196958866,21.83966982708896,7.864669127932397,1.0637771728490992,23.412269146730466,21.979699089554032,0.9458318756329983,Barley
50.71788316586962,23.246956043310224,20.878399305454533,8.07632492530691,0.8153236251676312,29.891291503992594,18.669797810875373,0.5543159799858328,Barley
45.184516015554436,36.96478435912328,39.17789535337442,7.291816411272974,1.003661334586276,36.46023575839997,17.845005476577402,0.6857282926160522,Barley
49.19760680472572,25.72525303718197,28.467252333298205,7.692295078996615,1.1540234784026107,32.54109385287241,15.014015518643573,0.7764085035304077,Barley
76.55287598289547,22.806063574124167,33.54898049266364,7.424841715840945,0.97827156519097,36.33432100624409,20.887699930496385,0.8681687934415182,Barley
63.458053237450756,34.125659647664314,43.04553489625388,7.843633633232738,1.266208793357667,58.59843167676732,21.04335320351798,0.699582983520874,Barley
63.473120418058286,34.97304625289217,52.282654147089694,7.129195615330639,1.1115902162785873,34.55143724186434,19.28136276025034,0.7677880003100421,Barley
59.794688041908884,20.12763269743003,42.13903833400308,7.457696664252109,1.0304385763543809,55.60182639877864,17.043791504330443,0.8513398137157973,Barley
56.002706990392554,31.38627412168513,54.99623514178501,7.41786598587585,0.8865440401023474,54.96722236357777,17.230778086402594,0.5592232779186418,Barley
47.59156293571149,21.27388754170001,18.80031080316994,7.298355798776923,0.9859568069453135,49.44422332103125,19.573504030155163,0.8875751462193,Barley
46.067899948022806,36.19453283374881,47.52109552758861,7.510479849632925,1.084503507259585,29.88246160240017,20.636089519013318,1.067124582314213,Barley
58.22952399046837,25.839499051427605,33.54204629610942,7.282282199796476,0.9279100693679411,45.18386450955247,18.698660279175854,0.9505904908957054,Barley
58.70902544778221,23.951384182152722,30.493771785355484,7.242404499619401,0.9627059846763096,54.35770953131671,22.88724897911907,0.9254901800669879,Barley
56.18763796833618,20.468434463469237,36.980074751570754,7.1787979569976255,1.326104379313184,27.151154481676087,18.961210833325293,0.6688640933524448,Barley
54.904848145165275,34.662477332177396,44.197718199038874,7.383006743739157,1.1522433100363059,34.70023921110318,18.613845961933052,0.9503311121656798,Barley
58.320994781399875,26.29459412538686,32.488618691929105,7.684383697513423,0.7816310766143686,32.44547892794038,19.50397189952934,0.7341284608187304,Barley
40.46941803650311,39.455730669293374,25.103597409080834,7.344159596270502,0.8760958712625804,37.618532115678235,15.78845135587165,0.9071418856540194,Barley
56.10823524306912,36.885575166476244,29.5174860961245,7.99724609558578,0.6190702428992111,27.31892073662165,22.38271211929107,0.8711062501169577,Barley
58.41386083056075,33.01892715122608,40.140865431354044,7.4839349617215065,0.8068191016749788,46.54552724058233,19.65169552884558,1.0142646720109747,Barley
72.64241076901166,32.31333255750283,23.95205884131035,7.8963064207365985,0.7963700129994118,42.703713549379046,17.35816518394786,0.7354061974722811,Barley
62.64300121531518,31.711217194875758,39.61917342141318,7.171607838754257,0.9651850069250679,33.8437201612744,17.502321030056336,0.7821856662698886,Barley
73.44304173204796,28.184280398718816,15.869615079224186,7.790625630449821,1.0898518748052046,38.95191652357288,16.906961582847263,0.6579611515914672,Barley
74.38048097086492,30.362914220620258,19.360239708666725,7.491767209319868,1.2412343404069681,41.251477346827976,15.746016319511716,0.6513388570963015,Barley
45.82681072280765,40.65160597932866,34.355023502868576,6.929957163889984,1.0768267851688929,41.12829428458842,16.87776133279167,0.6469389865866784,Barley
44.361051002271246,37.60643670826437,37.22761570224588,7.5340202261053,1.048951761916024,42.62150963929457,16.8290133414294,0.7691255968278836,Barley
66.64911805425044,39.90213117473379,24.001172110162244,7.341687526729821,1.1678570717987329,55.056637857725846,22.454898953326875,0.6806363277580251,Barley
67.75046118205826,30.410454114749115,44.39974974988164,7.620718030629961,0.7472071914870473,44.3997916530174,20.51424147792322,0.7969767117458252,Barley
52.53683572693379,18.99835261758838,41.15255764895841,7.458449542987895,0.8155632170579828,37.3932800249888,18.38625812281943,0.7162046316420995,Barley
55.02677127509891,17.750471469575857,47.1447952716676,7.40445459979056,0.7801292987019379,20.322329212898538,20.57283735258348,0.8837137329085464,Barley
57.106857134690514,36.04553600885223,42.748085566670404,7.4544426596149895,0.9491571565484366,36.66286721107794,19.052355059763,1.0095547062319024,Barley
53.97096828684029,40.335341841417055,38.35837226107171,7.506593471184666,1.4810218934647945,53.22142572974746,22.19652311097054,0.6803579512449713,Barley
76.92182502156291,29.424482441160304,32.952579382218445,6.795410444244293,1.0652581649107646,31.333168335178883,19.020634571367477,0.6257652300143463,Barley
72.97699837794804,33.8610177401371,55.51884418174619,7.113553271182097,1.309835848941595,25.578300663737387,18.520188691185734,0.7052565320087074,Barley
50.52043464749643,26.384525074638198,26.76755433183804,7.0472872741378065,0.9115146386137061,40.92822717829497,20.909235891565046,0.8443025594931581,Barley
66.66540201294386,19.652761896300298,31.103275348621324,7.599081377358199,1.0686381511582717,33.11059908272658,20.335172230414756,0.7203090227071278,Barley
47.22636438606279,33.408634323477656,35.05552428800812,7.2535845461919894,0.888626294950579,31.441625601546413,17.010629384852837,0.9650014153231155,Barley
57.44550462988164,36.71015856544142,39.64461683907231,7.228571062047891,0.6701717450431514,32.585165082369635,16.3219104722562,0.6877125694562511,Barley
64.8101992685972,36.79411926794791,54.90691676248981,7.186158072066132,1.319489661212883,52.73013764531304,17.41934060490284,0.8710333095410352,Barley
67.4073324914121,29.587527641364172,33.77247400506822,7.224345522087114,0.527992296267394,40.563772931907835,16.225326681366433,0.6386977064574759,Barley
59.22191650144315,19.840814314252313,42.25471902152556,7.5354078082729465,0.9199613576605497,39.49351797724432,15.024447264614395,0.9125507905048065,Barley
56.87364241051265,31.83294968212681,39.51701341705817,7.220123684110318,0.6961883450158132,47.658546999301045,19.72179603403102,0.7196961795093599,Barley
59.0911019913004,38.80581407102565,45.24830722775546,7.2419235257990415,0.7022477909131497,29.46227888322597,17.220684967612222,1.0193475699930739,Barley
47.71554587858632,25.82570502893451,29.447800116935134,7.251115377039174,0.9977546311826746,29.759598603585957,20.710899890817377,0.778276838298553,Barley
79.79134574725336,21.785003010149897,49.30879554642418,7.789576711436217,0.9176631982308702,36.83951509190506,15.69675545967526,0.6635267862140668,Barley
54.99394050225142,30.144871889724527,20.578802597529517,8.042181490531242,0.9480966285673875,40.52489821773751,16.434406416466395,0.7599485691362249,Barley
51.42121888755791,29.97948701922318,34.86869080614697,7.6253625775915,1.0454439874197552,45.63426416319603,17.975472945486413,0.8346878832658837,Barley
52.586943173167285,37.02178214036354,37.903601865643324,7.355739040736388,0.9624179730897359,39.12608527002402,18.07610980919258,0.791545834817162,Barley
49.4115834478864,35.35430388687783,42.45268393293353,7.899479914612209,0.8792740578710477,45.331509801216846,13.227156709293293,0.9243564597532832,Barley
40.43417884992815,23.109682274994,37.99002796114237,7.225980270081753,0.8483292979994179,36.121471820013234,19.824064979796315,0.6600664405373385,Barley
54.45845135777464,27.349406008224644,42.379016941961126,7.637418091143196,0.6329436405127775,48.36087535011452,16.47311023385297,0.8354438297895012,Barley
45.61091259616703,32.597942218968484,57.96214058258992,7.435606357159809,0.9080304564707287,38.14271012259567,14.32742510690495,1.0173444929246687,Barley
58.128831075966104,22.657714655915072,25.853135388841224,7.4042790661616715,1.1863990786676974,30.79208073010423,20.783523354667928,0.7862549672064645,Barley
45.69756614992903,26.726167013989155,50.73698489416739,7.011300265767306,0.8536214088107706,47.620668677079365,18.541142608634086,0.6813138772612922,Barley
64.64793236364824,37.08607013218427,37.98251601666273,7.228528955476617,0.9083390760331284,42.27740852238719,14.720177346966551,0.9991677321699669,Barley
72.00209088675838,28.348316051118104,38.20494043187726,7.732024571997812,1.3911121677135379,52.45585068392559,13.661156216603018,0.7526669467508722,Barley
60.00688251483219,26.54047892168648,51.04490070536328,7.856225048384737,0.836813971748254,38.70079984075421,16.126114659525907,0.7707307333840746,Barley
52.745676506666165,36.67980540322801,27.00381802639549,6.667310110612386,0.679091383553036,31.773587098346162,16.360771027507322,0.828076160092282,Barley
44.202060944711405,21.52229586818048,26.634973241131007,7.087616879675261,0.8891012511408709,35.221700832839474,19.722642042434526,0.6515705922395567,Barley
51.42403371670229,26.184841240582617,42.279964784338105,7.356801802715043,1.210139344679839,30.78103859196153,17.87658347891295,0.7136163474455102,Barley
42.73953902114396,29.527422713104595,50.59634982411701,7.1611855351806835,0.9745090036324467,29.50214704325959,14.351930570239977,0.6819121505985649,Barley
50.500169883708196,27.16091871348195,32.96577486428696,6.938466860603057,0.8748107576986055,44.0140677872294,14.604387317763656,0.7467281457732394,Barley
57.92843759938068,24.52413154583431,38.073719565447625,6.974084641772191,1.177689914586441,42.92640586474957,18.139163508773667,0.9687227039458761,Barley
51.70650940763385,25.675007212766616,47.35289855687522,7.915414424625743,0.8613124587764475,39.090054103137476,20.612606358153634,0.7882782497283842,Barley
60.945885087379835,35.462825182418676,29.939258819991103,7.517396905752073,0.9987614610980126,30.2650512528499,15.525868383929,0.7021374613405448,Barley
64.28519850802604,36.72950713619329,41.74921626489456,7.523230996914373,1.082565261431288,42.22048359643864,19.018992638554085,0.8713043875496305,Barley
40.95577834272619,24.46826997839033,25.739705379661615,7.710000602143123,1.3308200207167227,22.6476166367026,21.912036529679153,0.8130082060297295,Barley
65.12719819158701,33.54527008209428,47.963555482399286,7.458727881340099,0.7273091082374166,39.15460092981432,19.289140115267013,0.7676058347698462,Barley
61.577317221526705,29.540118279516893,29.64041612796617,7.095926052672769,0.921636923493331,41.636573197602615,13.101520489360123,0.6829885383927465,Barley
35.03307955225601,25.680476022153723,45.77583260858501,7.067887413115926,1.1406319491722658,62.79060101849856,21.633845328143373,0.8200270070586818,Barley
63.584344557964826,20.412220382942458,20.83926811930501,7.408035470542231,1.0797221126936822,48.75523427399392,16.578094646496712,0.8290093226542469,Barley
56.59111556552975,29.08024126096473,34.347726114793986,7.160682739260923,1.0559414816769925,41.560399841560624,16.899970585109912,0.8998661399035351,Barley
65.27831588432296,34.74163407182824,25.61801011945348,7.427900814721358,0.8177136874273095,40.77243797039866,15.731158257450215,0.991574500603218,Barley
62.83331469019842,38.07092513739673,44.46549881175947,7.324232080759375,0.9148780512945149,53.933790629601226,17.587200874568964,0.5968129036292003,Barley
65.07466733665825,31.006429677846043,48.55349711581084,7.468031509834638,0.9959997025306574,52.20896647019752,14.153834137407532,0.7121956543095489,Barley
46.12637028144792,14.63444154998701,42.85858785214943,7.243922844084778,1.181073608329315,43.11269192987683,19.51785616656921,0.7316900778739029,Barley
47.357518560149515,30.628326126538045,43.27251364977352,7.385893038464553,0.8596127354735414,30.40785526881313,18.51040753830957,0.7168898697607194,Barley
54.2825941261026,28.328548524259382,31.00012122783909,7.482264997012663,1.1109008168288215,55.72223155720627,19.89491928671128,1.039052349421121,Barley
46.81399628598263,18.793386604910836,34.87012769851858,7.640247628361748,1.140232343631886,49.6910525786126,11.658636602536983,0.9879465342326312,Barley
58.35462626429641,19.191906584124908,41.51175962055925,7.44745512151323,1.0762458597156102,47.992873202522894,19.07568842107679,0.5790762352295472,Barley
53.56973730217091,18.676483804043755,40.841556925030034,7.791431667643532,0.7517096074895349,34.628289915740716,15.79407669719458,0.7319142092092495,Barley
59.12423158198868,26.898516145291886,40.872771554291226,7.6983063356212735,1.2203518522658554,31.05455123704282,21.464822361181806,1.0199108427314358,Barley
70.52679931237168,28.895296261976128,28.2334177402075,7.124412466385577,0.7796440226850362,40.09352325331895,20.119629641226062,0.9959837661481017,Barley
50.14442883637649,29.729182130437977,34.06231201938699,7.222121530037762,1.1471499059521237,42.902785972985804,18.354557937799015,0.8537458158793888,Barley
61.154512479574834,34.238059133912714,27.453590394903284,7.650971993648025,1.0510732235361118,36.52307044015788,18.585574228615425,0.8516716215087581,Barley
65.81783667164123,22.676910600603737,46.92485918288774,7.406486579766752,0.8987693498502802,35.70593520114292,15.496580604143551,0.5388627674364885,Barley
61.773998803592036,43.86620480295375,20.441461860477663,7.1338801835395,1.1503166378290666,39.63490473062862,20.086048105687873,0.7847419215276745,Barley
49.19372500733622,28.41910522528808,13.561195199696332,7.07982438321843,1.1896558748437402,49.535198753430755,21.51541513773079,0.8661304019672049,Barley
32.4393112571373,25.55495429569001,46.92190108893769,7.854455186831395,1.2725295486014487,38.1099802818416,14.733560333563586,0.7939052615062278,Barley
55.148070182302625,40.95895374064017,37.050121701099904,7.404670730086616,1.0146990296286917,43.19887063810149,19.56610021515392,0.6913193848973007,Barley
44.42379605374431,39.59390964983289,20.230628350078845,7.858569288577336,0.61786426054926,35.323670937351835,20.42963492645862,0.800051283361741,Barley
41.83523196238159,32.984997078881975,35.60303907620433,7.339506479236246,0.8752155418434184,39.723152003755196,16.54519597011911,1.1651799003273737,Barley
52.59982848183227,27.383701323266227,30.1252746906099,7.897546235994694,0.6721866244208867,42.87545937519534,17.40177507030899,0.5864899843036983,Barley
46.80923672136884,32.21867795734083,27.22046102309521,7.472677899901613,1.3458306457372704,41.36480541773869,14.36621880368876,0.6729805607229666,Barley
52.14594261254738,27.534354167037385,36.36812460604327,7.487484023781859,1.3461055910237718,39.97024267929685,15.119513882810224,0.9730709195372851,Barley
67.63024576781024,31.627101658041784,32.782450443119345,7.574312992713738,0.957784037264094,23.554328569780125,19.408685707431168,0.9338377215461867,Barley
69.4108723037933,24.884690899332046,37.03548784275146,7.469383876198836,1.017076511940763,40.918848306289725,18.092840038442414,0.8317624102374225,Barley
62.40681033995353,38.54201267209021,28.193008213757256,7.3517556206593095,0.9154783760224685,35.474621142399535,13.959921461734934,0.8036333683779444,Barley
59.79320369545288,28.914301736707895,34.919378932426234,7.517162339814557,1.2822239390327264,36.64188376381571,15.070969714165276,0.7864339779509579,Barley
73.83561263369945,21.873696091001285,40.85122126022256,7.724215704199832,0.5268931561211478,43.281780188867884,19.50852659268274,0.759899719793022,Barley
48.535614389102825,25.86536353233214,32.04288353711941,7.315413111127423,0.9018445914486465,37.244197978540434,20.97697955961657,0.6178356831627299,Barley
37.509415767284096,38.44749575064021,33.27184016593476,7.29129495810489,0.9777565752534662,41.67421360623302,16.689871932204085,0.8758896691470954,Barley
45.37737426191104,27.887216755055697,15.067733702437227,7.7282263977618575,0.964782460688074,45.36083273389727,19.191436460665624,0.8824720670556984,Barley
54.922244714256536,32.717591749174225,26.3484402864925,7.072070004255675,0.979778813298949,34.56178895683387,21.563660433123566,0.8562716643960665,Barley
47.83518609879461,28.09921693046094,36.197059237892894,7.3809591722783034,1.054349206586853,40.54923635569846,14.5233581288248,0.47736431487441344,Barley
51.26390955108009,33.9234489356885,31.73867868892779,7.746237951753463,0.9906226601402203,50.85756851401583,20.879758598160763,0.9576930297761701,Barley
42.964883657929995,30.11998467581241,46.00496138734083,7.4762565229322515,1.1108719809997936,28.896901559075026,22.796974826520167,0.6812938396151876,Barley
35.05574858249803,27.542119835224533,12.9726453363104,7.0961649594584735,1.5117023666208893,36.95967377997424,14.430532080050522,0.8037946829849176,Barley
46.02196254968025,36.05163439771751,26.994096985525637,7.4758054388378445,0.7705881926255082,60.79222515832443,19.259059300068287,0.77817413037763,Barley
52.070417493687145,26.124800117254452,28.151778681732342,7.179248916669268,1.3356657700923904,35.57908833823009,12.676452733403949,0.6251048418680158,Barley
64.27724619999138,28.23373160386064,33.79326559877266,7.727548046397346,0.8445666821655393,45.05934177704723,16.33029212553102,0.8863814955128501,Barley
51.088647492303416,28.30915577601017,42.3812029176015,7.6094469461511,0.966914402919083,36.22701064004172,21.997868961204134,0.8883996217246953,Barley
51.08858191342115,25.428409456971714,44.22407756247925,7.432312024094885,0.9672894009747828,40.91980140450075,18.84449218659248,0.7914966278853843,Barley
67.03686866842995,38.81536933348391,39.786993072816195,7.784921317338776,1.0016993536276444,45.52264804003692,20.511140797179856,0.9528557420024916,Barley
64.15999147738344,34.418324358571795,52.61415304074278,7.248885180125662,0.9689558424879579,38.283916186798926,17.079832138090477,0.5016841934877596,Barley
68.74864805708248,22.81771678667606,36.52833417871487,7.001878870251032,1.1241431461439477,33.71683171247842,15.160095189727356,0.829151519672256,Barley
47.992654195173714,25.98088632739539,36.546106536796586,7.623997047017637,0.8363199024256577,32.070460208068,18.058709166705686,0.8808878870387123,Barley
69.62755191860624,22.50069281194409,32.13829608856658,7.729220087021072,1.3946189072277437,32.055272005529964,16.152970200483374,0.8571650141914791,Barley
49.22256857806913,24.68537771843033,37.20023545732016,7.833837587047138,0.7381035409801228,51.986672862236105,16.56307695354278,0.8518687881887298,Barley
70.9085072110186,32.277265146114786,32.32258056620731,7.601089174354527,0.9653667595335119,44.17080839675691,17.488297504055453,0.9291729345483558,Barley
41.05768307449784,22.905348631344268,22.319644176188483,7.384199759825025,0.6940923562380459,34.46534739946544,15.23122848857798,1.0219514344308236,Barley
45.09319647824161,20.994180079536605,37.235046803891926,7.872309923277265,0.976786584150863,39.69024554818348,21.22689365269619,0.9317344007324669,Barley
59.25414984611893,25.923614901198647,39.103621156579514,7.018980453301248,0.8752648901214803,51.451701207641996,21.254981711852803,0.8656227049003065,Barley
35.706462786233416,21.54244930411795,28.88474814247338,7.351924271225159,0.7499177698988073,38.02949021134214,22.41823809538839,0.8601253815288009,Barley
57.18826628961037,22.877112066870584,20.249136919587436,7.05610500084795,0.6641221703917979,40.60028209793207,18.959714511018397,0.655206507077098,Barley
56.47919339909147,40.282956713625985,52.619276081125136,7.615714898209782,0.9650318992083313,45.90483395101005,21.379524959194903,0.49891577933141623,Barley
69.82069037796416,26.187892255848563,30.185333405562588,7.300620167675944,1.0640168277551512,31.109965970409867,17.28796491327262,0.8787915809746837,Barley
57.185712492739924,32.665701600530284,32.084281588568935,7.594238786689544,1.2112832244005711,47.97151449730169,19.06902558210784,0.9408338913085519,Barley
63.710605841147306,48.73555534678903,45.96260363043837,7.3751516417421215,0.8176641425306261,37.91087796192711,17.170537861000053,0.8767133851588802,Barley
47.99743754810701,38.34524020064283,22.493932946942337,6.9428929618314035,0.9729767984149302,33.25952760643591,14.854415365039259,0.7044395067492737,Barley
47.38514170921077,30.070940318639533,29.415762905171647,7.24904237968998,0.9990268563557414,48.113932565883395,21.676863663721978,0.8221651343726097,Barley
57.2554311877052,28.717690878929112,39.331237580531706,7.5092614209635595,1.2651695366176825,24.89036296675657,17.41375564071948,0.8508784803691466,Barley
54.73716042457889,23.425788775327216,23.305699886835704,7.625770279288082,0.848614829920717,25.960796067955183,20.141432150024745,0.8688474350669099,Barley
53.84125902541765,23.5981388506728,33.97902700966556,7.740364528145378,0.67706014279424,27.488179066083248,16.430586692718975,0.7960034469810193,Barley
50.037081021162194,34.49971602616914,44.799505500035124,7.478055256890092,1.1120864687512209,42.176796416189376,18.023770227288296,0.6059661950277958,Barley
44.72008292397372,20.54357066119651,33.66345684535025,7.465037848751225,0.7101475230437246,40.58076037681606,15.81195917934948,0.6396200984694712,Barley
48.74650583439291,22.156664511584676,40.45993206163358,7.352958762946301,1.1630428113975175,36.45202918314984,16.985784845290787,1.0810073961220183,Barley
38.76939528319661,38.991368703937894,49.89071633881244,7.6144288989532205,0.9339059061257952,51.41521657391793,17.195596600275003,0.6941321621433919,Barley
51.11731655808336,26.008643826170236,26.48039187572376,7.710802193550511,0.8453103294756432,39.76282408862902,14.39057027650299,0.8046216022623788,Barley
43.44073955777261,21.73659923952337,34.01640880913526,7.6959522342506625,1.0880827375479591,44.07296308906207,17.67520705005248,0.7496539602274224,Barley
62.91140638494235,26.057759863754384,42.50990739002926,7.7460651429015375,0.8317226434048446,34.44443603493434,16.63576123396349,0.579955606136988,Barley
50.30597268366142,39.11014816053654,25.58982011898187,7.771054910423106,0.9133111084093846,56.912285096822025,16.295467336711432,0.7784027075266761,Barley
45.898169348076,25.186094584899216,47.04361250172552,7.532870271838915,1.2057635558354898,29.47528559207974,19.63707113289479,0.6542835024919293,Barley
41.62681486967148,31.67136297197489,37.05684500070272,7.414936820163763,1.1435116825255331,46.988530541069416,21.674323347984252,0.6214485502541247,Barley
70.02016245450224,43.176180427869035,31.70392985193169,6.932822328739511,0.7233002173861764,36.30518895253031,23.035353975768555,0.8025620000304768,Barley
48.82815883248187,25.202184191498922,23.095499074947877,7.6448812883105095,0.9815862510561831,56.79863607809946,19.570523491066126,0.9244904474085905,Barley
52.57895169257322,22.362787632785583,27.13777117703738,7.016610855711058,1.1820789439636181,36.92067850203291,20.381251348980165,0.8203871603461346,Barley
52.07181644229554,21.812780155220153,37.7146945966641,7.338782755394898,1.1804367855910842,34.27671459299521,19.54026943374259,1.0461272624333806,Barley
57.7255591465972,35.49704016919317,40.14701221559822,7.931465615664907,1.0743120843387657,45.59967081388408,17.90930992871011,0.6838417196475862,Barley
42.918243143188306,38.86846845945672,25.924765657917142,7.608842059939361,1.0832033260767524,47.342282759165855,16.713219943541954,0.6813905128275185,Barley
58.78371838099758,27.953608287547407,23.920744970543495,7.942787151855297,0.8417183668074909,32.05093830411988,17.394660579551555,0.9879287853736871,Barley
33.33264956876384,38.18918530202814,26.796738486893275,7.474067067230312,0.8647986076552399,55.935334832016046,18.31155021660588,0.6937862674488147,Barley
51.989086781623094,30.627459524311814,36.599089469859805,7.52285349538597,0.999719078463537,28.982700667130274,17.14933082274585,0.8909987562261288,Barley
48.30117193620999,34.709468957888646,35.28546319662029,7.339032756105383,1.2388287785079184,26.09494844492575,16.311697754338375,0.9848643064518164,Barley
73.30049163153535,46.0019473927019,35.45319977304474,7.528211266292352,1.1634855654471334,50.200602177266276,18.782729836686904,0.9389223385169101,Barley
59.59773800444522,33.65556759335863,26.73467686789928,7.307820158574658,0.8954461603844361,30.488836371371825,13.870986939472711,0.7364558752111778,Barley
52.3611767356374,30.735259532194895,40.00164056756127,7.452674228209631,0.9486177644938847,32.678989473785,20.192672743753043,0.7847266674065898,Barley
50.66210204993091,28.694820023107116,28.40530087380763,7.25141130144489,0.8875083373419623,37.70130065599625,19.639387392045226,0.8610668102810912,Barley
70.46737407280784,38.48210364478406,52.60779595911118,7.556564374307833,1.108621044474706,36.100673778902916,20.065037243738747,0.7015824604935367,Barley
40.29544475618422,40.684263745734285,23.757365648305957,7.522878501086768,0.8239337254333275,49.01334098233467,21.15737496442674,0.879376671113478,Barley
67.463647094762,30.051359530817862,55.10757212743445,7.608926265378014,0.8198896880752613,40.556853669953114,17.61874493446233,0.7624363912343509,Barley
38.42860772100793,32.70805181110422,22.528223189535026,6.692885961453733,0.9311972717753392,33.9528507728621,15.846157468411118,0.3345356074451719,Barley
46.49157124046951,28.784506943791083,29.29261453913516,7.508456229350934,1.2785321296951127,44.1309395220414,20.565985735254962,0.9663690034472673,Barley
44.811392329332875,33.07380284880337,43.956416180289196,7.277931066146426,0.8418746699939418,44.24325167373154,14.295927820530803,0.6367993125400561,Barley
48.332436524165665,33.15359949191496,36.97021269400098,7.689063846274597,0.8156259891273163,32.196216229859935,19.30977992187416,0.6801999643839447,Barley
48.96496084505579,17.00264612523776,37.617614012722285,7.831561332108527,0.794142216739924,48.173628893760906,17.851503547525123,0.5351878042384954,Barley
46.05273144371872,23.304728670373596,32.15124993373436,7.517464000765077,1.3697845674482862,28.550833640652108,16.78805650770003,0.6656028720633933,Barley
42.32020538510703,30.668133806266958,35.013319920681624,6.892135342816797,1.003630105589093,30.356832056710886,18.02956929783744,0.9904244739809136,Barley
59.63067961075939,31.24261966084963,30.24110818336952,7.4187229422365375,1.1126508444494965,43.71333074246728,17.75195309046614,0.8326064485908374,Barley
41.8343817995792,24.859642576555835,41.36803777291387,7.635769226384778,1.0187197181678724,51.83172587492121,19.270048541153418,0.7650308723205403,Barley
42.80247246959443,40.0711327502024,41.9328571143912,7.903527198420545,1.433369491100783,29.704477545737916,14.789165639682036,0.37052001311463995,Barley
64.18362137029756,34.595378812413195,35.880011001132615,7.056682695307848,0.9821932621750457,41.47764396006165,19.956814167197923,0.8409480371697929,Barley
61.63801294991166,29.13108391060166,45.633337045327266,7.576884421684164,0.7626133858598352,51.11376294124993,21.063928806787843,0.8698212105579413,Barley
57.80717704987465,41.61028098214828,20.300184203551332,7.747542866736703,0.9047586602851299,48.761419571283085,18.30093961792261,0.6135610964887643,Barley
50.034801899643085,37.15210351216176,33.10812906812114,7.225984083878931,0.8743655884409959,45.13797937787032,22.37658757534991,0.4788674944045578,Barley
83.00684447343286,31.42622360283292,40.22201721768945,7.277846710798727,0.9992969750286346,41.54010409704886,15.377260019157411,0.6791477842613707,Barley
66.84567540891254,19.13357208248545,38.96935192982186,7.296255265376629,0.8078585701048849,55.775454815755204,15.613743596846405,0.6304847000398294,Barley
53.130272964794635,24.62008956128529,35.05742591295094,7.44351180306239,1.0469316131269852,39.00887322205149,16.244595742269436,0.8965104564018996,Barley
53.88307233495856,26.53067881561515,48.3199432918777,7.366032651090394,1.2183973202993181,49.81470757687512,21.219182088564484,0.9036736712166651,Barley
54.99366503124235,29.55170816544282,32.8029189336504,6.793269212396325,1.1437613611495725,41.955724531080634,20.06381066552157,0.7824497672792055,Barley
61.64825161953525,20.35745055996989,24.47660951664587,6.7066607520780135,0.9731301608336748,33.8197952977712,15.74154531207395,0.8501978566947962,Barley
50.74492805802372,19.968362952374363,57.90290095476888,7.3896370262633395,0.7833673894128608,34.6413163125356,17.56714257747699,0.7737131056614199,Barley
68.02164273045877,29.443990296574547,51.696873546814274,7.278921575676611,1.0852872080519784,48.17584155462264,20.987880761779195,0.996780832614322,Barley
52.27988259119866,29.961575178075567,12.685196900926918,7.345117189191844,1.2182508355859964,47.17469183884706,17.783782197474796,1.0548709164394936,Barley
51.15994715655193,24.9870212318607,30.786544382962678,7.085709793045888,1.1244790063407073,42.30785449286887,19.52494861593263,0.7378443272103183,Barley
54.419270206607465,14.751068936137646,38.38602996179942,7.4276756074167025,0.7798944677013071,39.16273974330722,17.355376744824582,1.0646467902511239,Barley
44.388730318721954,32.31998325206692,25.183084825894753,7.243795435660324,1.055363790738446,38.309096073095105,17.98502285946611,0.8499083162347955,Barley
50.06310428801442,36.18902574370808,32.250682310861556,7.3726844707652806,1.072262254917571,41.816001609318675,19.61056981135713,0.8475446602227058,Barley
59.690306615561745,27.722392400844008,25.381060117230316,7.0002611072292,0.66585797047154,54.101813741834206,12.468066472764686,0.9790585248465653,Barley
46.79130988702527,38.30508680483863,15.17713974876095,7.334173707472681,1.2908048806050536,45.705676507804654,17.15683634827302,0.5085534047707279,Barley
41.77511477849068,39.72402967591565,31.865829188716468,7.379889251044237,1.0567070209405263,29.57728869529955,19.018225449600447,0.7370576778996492,Barley
57.93702785575541,25.953643556240763,20.841955459449586,7.280335691092636,1.1281555234216003,43.15248071261629,18.07732716833682,0.9347197779515515,Barley
52.964059874557734,30.39393419810652,30.682098082756468,7.667853033490968,1.0583057095443529,35.54433511861302,14.277425633680489,0.9657441912347491,Barley
47.5593494881536,30.504450467426828,56.17339714830114,7.624422671685327,1.3222299177653982,35.69500149967081,20.677440992050517,0.8040003489427837,Barley
58.66016920768582,44.145891991276926,32.49218758265265,7.4053912470294305,0.8193570696984075,47.10774844726461,16.59843275428341,0.9534065623728318,Barley
38.50086758255149,33.84046650283525,29.2067602454325,7.6045449390124595,0.9972881654291543,35.71728868105367,17.033600957810012,0.6724417549912041,Barley
63.37787755320859,22.6595385540221,32.596292251404826,7.496667082316693,1.3226989050897038,39.92561119286549,17.393723533653898,0.8410452297674043,Barley
34.26535784325571,21.60948009516496,31.621701510093942,7.200368637794858,0.6798333421513175,46.86222920934068,18.649391823893307,0.8210397870923762,Barley
48.060088488456266,30.555750752645658,39.630045134969535,7.325829104907082,1.088914447848073,33.631516145399075,18.243713282474282,0.971374742438915,Barley
67.32019703576039,39.29312163464763,37.570115738896256,7.4088519073601695,0.9102422167681171,25.54012194786067,14.63775075899877,0.7747917542052112,Barley
53.917115508715696,39.885561201645444,46.833192164380634,7.207783880383756,1.1636651430178038,36.18344908340872,19.706540857509502,0.9209026592160118,Barley
67.42092812147737,26.55149651652112,44.12873318462832,6.875612069886044,1.2592431363077723,39.79986621745187,17.990680005035756,0.49438452414643214,Barley
51.11334112752619,39.48835579729486,31.159682974674674,7.599769573073059,1.0069110255428217,48.50135311679759,18.478752413010312,0.6602282703352846,Barley
55.56450679848943,41.208518325908486,39.478805702325815,7.3673950339577745,1.4511487638266614,49.27372562048977,20.04183478849615,0.8476013697866562,Barley
62.302738347511074,35.33912451227988,15.354661890030762,7.510582139592246,0.9678388281328684,36.0017898149074,17.511406799889407,0.5666226969766699,Barley
36.95389899962821,38.72551692213948,39.159420377380336,6.724356604380562,0.8847230917196518,47.044413867172246,17.299964065698422,0.9867507430697542,Barley
65.49751799276635,20.503021534825002,33.710083110360515,7.274534961053563,0.7221523411295798,28.36580540115783,15.984946134395681,0.7038611885731043,Barley
57.83229777243363,37.309494312500945,39.62280460231133,7.610104227278631,0.9466764357059265,44.82400157290312,17.629062546024347,0.7337791425120826,Barley
73.97100948895626,13.686668304167512,18.14026132423375,7.50715593115741,0.94700353029351,28.50412519866462,15.36347262209058,0.6613391304707328,Barley
63.92336537130914,38.486873017451074,49.75606308707556,6.9550768577813855,0.7265752934976937,28.51498820399582,21.222142514425023,0.8625836681629295,Barley
55.80199216469722,31.60740085693213,34.488995505751305,7.086080226726179,1.102634557956981,38.51089195477051,14.999196216301767,0.8861428168037088,Barley
50.74212363727412,31.59238440788964,33.875187548317776,7.6495860562229465,1.0440325948457883,32.930398601145555,18.80500805884633,0.8532033086709594,Barley
60.11332974038873,37.25111978312339,29.456154933405443,7.58702198681055,0.655036552431839,39.040121477693546,17.313350287980896,1.017176783027042,Barley
53.43664571023515,34.25592144720127,19.143992394146988,7.3015077698871975,0.8307280265132841,59.8040889863642,16.333008107196605,0.8109918608992178,Barley
56.2657580227517,18.87365196344343,30.265681305111976,7.513334623541792,1.0171444550482571,21.596712223936507,16.5825213887385,0.953123249217034,Barley
60.88222927312935,38.52623346277643,26.129173963190382,7.758660269878137,0.9911187903421637,52.73778000751152,18.008261085209433,0.4928786760928531,Barley
63.492545713071436,26.895404254177503,31.613933497683647,6.993132999300465,1.3244398998012086,35.83119060957722,21.9375894372813,0.7353135257610721,Barley
45.72254797850722,39.23670421820869,34.33998725899794,7.382199837940557,0.743674811943376,36.33901316242995,19.071739559077496,0.6051230009361722,Barley
49.60912305828183,27.056874938147796,35.59796724242598,7.814276700778715,0.9400093734034032,34.4759947006995,24.86592658006168,0.7350221969714856,Barley
53.09341838830804,27.49507541566277,32.509078090013354,7.42177136164447,1.1841592955186548,43.231901786187244,20.692738908416054,0.9566043011911151,Barley
57.08552105615876,32.63418379044643,44.97863008641761,7.0888612201593055,1.4996422404476601,35.899318955779144,17.12258769607756,0.6182148537989351,Barley
43.17849192045602,36.81823848222815,55.43173949878027,7.241172768973663,1.0694633056255036,41.761332765697304,20.500611406041898,1.1328071696776099,Barley
70.20973417981585,28.32938503313477,39.75890872138672,7.575856195967824,0.9959818737664761,31.232510932026152,16.003059453592446,0.9722228976393823,Barley
67.5130799582205,28.547028446125694,37.349498546540794,7.7352338699723004,0.6591462255933402,36.42918055328915,23.04467845370661,0.8448961574304976,Barley
43.70783915296566,30.820976055016,44.19292033041449,6.686970777547997,1.0352571634382186,37.0206835632601,13.895004683907631,0.8122890882695464,Barley
53.63519768239552,29.831368234616527,31.865654417797135,7.114025485452841,0.7090394332803507,34.474480477803006,20.148130285190163,0.8349605440590119,Barley
54.308266705534095,22.721622956499573,31.6347656043121,7.60640411634002,1.1009567524970982,36.182409041818275,11.471494621330496,0.6987728554757628,Barley
50.17305482389362,23.65025843608067,31.281417951742654,7.628634035894661,0.9925407094086971,47.917568383239534,14.22906978588649,0.7542403913067585,Barley
35.60977889154999,27.013957291142063,25.58908290232094,7.7587507933599476,1.081942401168701,48.11863596474411,16.926630436817675,0.6470422854325035,Barley
44.48437005461561,31.858074965396003,51.29145344774082,7.515467041765737,0.9250464541424834,38.48983315898733,17.921749170620505,1.103996384026724,Barley
67.33608565834882,31.819713029052558,35.98758771025496,7.483818949303566,1.0988551338566153,36.694416376195235,15.889802631558409,0.9548330390832298,Barley
55.21982730571984,36.641095550704776,49.81542873898799,7.545772125547877,1.071709695914014,65.60194384413651,18.517550320699545,0.6364179788230478,Barley
52.187747678280125,40.86179298221879,23.35249384747958,7.189311310837166,1.2212853611937036,37.827034859895726,17.724385532558763,0.9610059230195944,Barley
47.831788243460394,19.71978283934557,22.500026262237178,7.562898524154694,1.051826418766159,34.459467893765364,15.103020947982165,0.7594140312276699,Barley
66.16517286250472,24.149274323195208,29.03584380242694,7.066653961143015,0.9265174221795658,42.70463192573264,23.287922892607725,0.8326672269229907,Barley
54.463218947629805,36.04055624189592,41.265939966472196,7.238254971977329,1.4604120146860153,39.80493318164838,18.590938300889487,0.8827022880929198,Barley
58.45872367612953,40.677783682122126,29.690821347830276,7.6193470296787575,1.0329136890769959,47.861785560876186,17.462536375079306,0.747437696577032,Barley
62.32073487426012,32.50595279962987,27.617351279072587,7.776771440195993,1.146501875021692,39.40636647603157,16.82942222067221,0.8546196345310378,Barley
61.60485224026783,18.84147448220419,38.381128302705484,7.58271531667579,0.5295102800064457,41.56951726996232,19.73652283598895,0.8871317471396819,Barley
63.02448354780825,27.70703385587226,25.6408420879209,6.8960715871056895,1.2184446481136115,45.62452395035474,20.92122232707117,0.6912287961733784,Barley
63.038364226253634,19.48123333630241,27.174557971611698,7.435273620622195,1.1326415259652842,53.432099583176196,17.399839836503986,0.6701375417316404,Barley
45.82851122168571,25.18507838482995,54.989241168276074,7.611924602717648,1.2225063700724919,38.088115302560844,17.995878294003134,0.9048896758937786,Barley
49.9420124421906,27.960844794173266,28.927661153625436,7.274702044068008,1.0097957225006646,33.42631899068832,18.714947447823466,0.8426872618326676,Barley
53.20751357143817,24.207781011056053,35.944667440566754,7.258626722373498,1.0093188334212069,48.78501973922748,14.867649707239918,1.1260229505340063,Barley
54.274764082122594,32.88287491734145,28.225249187823486,7.719819233871662,0.974874706109866,36.84705352160661,16.561212446811066,0.7597261961316208,Barley
59.183473229529085,31.209674834414027,34.64126240200755,7.200802002974051,0.8461653052150049,36.313005739362154,19.150689280401785,0.8993389813655606,Barley
62.97044196898019,29.98973174522834,38.45205746826042,7.3528338026327855,0.6515404018143263,38.27258568368482,17.06168343660562,0.6441432193356423,Barley
49.32605824247196,30.94563990003684,24.80077892883432,7.200980068003574,1.3095804031105436,27.17834939295755,17.542044600982237,0.6250535951353873,Barley
47.483632021738906,28.6158393926732,26.11181489634108,7.560700572302601,1.2702301239544826,46.73342508882185,20.56153279430217,0.5930396481456779,Barley
52.56928978180866,33.27194747147402,42.84071822703083,7.890938837930752,1.213807918325789,47.17190898939107,24.583988951348402,0.8144463622410945,Barley
52.10941561758431,31.24150532562314,26.76452519881879,7.418937460014987,0.6546295612445037,35.76384770745756,17.71166529483602,0.9424452936279566,Barley
66.11090544386362,23.254680546742428,53.68430090567233,7.441544573963061,1.048008993206154,27.058452120093385,16.449856524699857,0.9574735717298717,Barley
56.697784627130986,30.754703083770117,37.04454953517933,6.9959027945759065,0.9806782893197024,51.266642842380975,20.716769055163734,0.7812200836826603,Barley
70.63668674361556,21.186310452621242,26.254721016293658,7.921814265604047,1.1155946236617047,37.688901263181485,17.861703584911883,0.6790053330309225,Barley
57.76592601807445,31.381719124180297,35.17896238876421,7.075268259740893,1.0529512222137822,35.763908540623746,15.53505684877703,0.9900113737306042,Barley
76.69721357835259,43.59834090173745,40.851104873860564,7.325636177857827,0.9859288834790758,43.244818107698194,16.949380618847027,0.9978215090183594,Barley
34.64272505671461,27.92992112208797,42.20964342860588,7.16335529876165,0.9519702217644334,44.74914732994562,21.79567276759449,0.6059092576750634,Barley
41.319255122451395,23.377788685121114,21.162177345426556,6.989414032484788,0.8054677604610598,49.867948385967935,17.219807954828106,0.804706265923491,Barley
45.445357432458216,34.43475952545207,51.881876250494955,7.151463632468962,1.344949674214947,42.915395065342764,18.042158748221777,0.8600185748487862,Barley
58.90526498967016,42.999730933442706,39.681986586395524,7.551510007919473,0.9157000360074912,46.71261709171523,15.607882565942536,0.8163505984369391,Barley
83.83283555780828,12.47067056247596,37.098322967019065,7.4760544178460915,0.9543821915025594,38.36384591146055,18.228524432903708,0.7621995086803204,Barley
57.21979728821004,26.586725059281708,53.20153536872371,7.329436151876742,1.1139222815249432,34.64771120125427,20.332857576002866,0.9100201681027003,Barley
59.192602365321704,22.80865250647036,28.228372634928313,7.872128436008931,0.8473052584578641,45.12721736170003,15.638321674546745,0.9512574853402653,Barley
48.13602642502615,23.25768478722,28.588917709727887,7.244935272934914,1.080934670984844,40.555069649102265,15.262109800217923,0.7958079479301771,Barley
43.56498592708904,34.50490155500685,42.44212608985166,7.3932947452061795,1.0543306805985524,54.01699288531528,17.605992519019704,0.6583613074923667,Barley
60.7919523593779,22.071423639642585,33.10487933054352,7.232282787096615,0.8596360333582259,37.99929923484392,20.249728315535208,0.965850318248628,Barley
64.26205863090671,32.3544786238989,32.680550947511094,6.7398090012880125,1.073532198655455,21.765346201928903,13.191581808817467,0.775749851631958,Barley
57.645772446304974,26.842405673195177,48.81978033734571,7.529388464105182,0.9501184186409485,51.090479561454366,21.912783368910226,0.8768838040212004,Barley
47.247423402425035,26.148106982847874,21.979351583059966,7.388123273655856,0.7899917117110935,37.36740184642785,18.6515007576379,0.5024437036994092,Barley
42.36258731478763,26.45206361615272,34.527253681491445,7.26171057607333,0.9458964137227246,34.35050243099554,14.376500395478434,0.7197873833912453,Barley
52.86831475069695,27.82726927475626,36.00616326916808,7.517290479733056,1.136345245379334,34.93159331590888,14.060507990200538,0.990739454859291,Barley
58.854459156110885,23.31736354178243,37.499345508431794,7.699038525315075,1.3458353050478782,42.00488220926185,20.64917659337465,0.6185596891527914,Barley
54.640972484033234,27.654911455205763,38.08312866533789,7.8511343019221425,1.0499778788558516,32.498474085864984,14.841403550290297,1.0468670094130907,Barley
60.137934123852325,33.136569428825396,31.906417502976467,7.475001299706997,0.8026080187746379,43.097586845629216,15.062824658564931,0.7461067332458362,Barley
48.57106851340594,7.1984265013339765,31.879082361199337,7.14831740115038,0.9579220232218433,40.01378240385483,22.419829857453962,0.8457063495736263,Barley
58.341126329835376,33.46929684653471,42.846276610170136,7.527198247079266,1.056342604884824,45.68997534850515,11.93341394792224,1.113357737491824,Barley
70.89729844713398,31.51995026301503,22.282941946321102,7.738898121098025,0.8612247001870578,44.27072813259949,14.792735995536335,1.1339610348459683,Barley
40.5778323789138,30.48290249221551,15.900315069396566,7.38845771338503,0.9149429589723448,49.09746715124773,16.936551421020337,0.9707935374269495,Barley
44.75879432411329,28.02626877868679,32.642791118715444,7.538764711577217,1.0736748852814113,45.77780123938689,18.667076508224348,0.8991972239919673,Barley
46.02136071306862,32.72159066816864,49.47385334701113,6.929602025131473,1.0978015909937855,45.41423822350494,21.652965943679206,0.9089070399935315,Barley
56.003159421587085,33.01051236857027,28.38465948894794,7.291368939739831,0.732859432059601,51.89623611475378,19.125393297377116,0.6625831309513079,Barley
57.71356962662584,38.11543396996033,43.93513092908945,7.140261188313408,0.37323223682409035,43.16308867917104,15.782825920404417,0.8933491258970752,Barley
64.50270388336241,37.79543177814368,50.70266437380678,7.746179937061646,1.3499097657568044,51.032482745882646,21.665543935055418,0.7938697791053342,Barley
42.10673568767623,47.375891781376886,35.56657641694418,7.744038257912786,0.8899450337951555,47.711379540365115,11.887591687400086,0.7384334913498569,Barley
54.015889166077116,33.2382613781363,44.64822208940997,7.093639981943512,1.1319936377840407,49.81333581309393,23.864778956885644,0.9059941975756302,Barley
50.40494018518778,21.097647400242174,51.462820680787075,7.606455741966024,0.9956048736839521,27.041453646225456,15.672040122754868,0.8946980433160905,Barley
58.538330241259004,16.375679087234822,40.693513008516454,6.960837794498412,1.270801813720452,41.668447319239654,16.84144637812675,0.948523150866601,Barley
58.53499288445785,39.274493259535134,35.724280520506106,7.4388694225936005,0.9429499134804182,42.103737142137305,22.244877199473134,0.7245853744908435,Barley
61.47955149330636,23.836894918944342,16.399410940893958,7.458088447303631,1.0740810846938846,39.11958984446013,14.26003757306941,0.8456451611962432,Barley
57.663136341394456,23.778535582351985,22.818575856742818,7.32933138024233,1.1305858493555536,43.33323785433593,15.797907505414805,0.8205387627533012,Barley
43.87126405475567,36.79134003513229,35.568398312388744,7.175099474447844,0.5450135689412203,44.24421032839607,24.04796863080596,0.666669171224367,Chickpea
31.569913809837193,52.231660933136915,33.32482662473433,6.141124523805374,0.7802410810620841,38.7632317455565,21.85020963395617,0.5679056252872116,Chickpea
32.301988805273915,51.838350849066096,34.46001240727996,6.371953361690944,1.0475276019240751,33.28711182098204,22.72804694295345,0.49068149562001756,Chickpea
33.790132524109154,48.56815216574064,34.215696246491106,6.4687582633501215,0.3226393386312971,47.186121036026876,20.620095504753312,0.8750201579186707,Chickpea
44.286690993604495,49.17792778283705,32.10796380367639,6.937134739178956,1.086507389274145,35.66408742619006,24.754252610997973,0.4750867170299715,Chickpea
18.93091388737553,51.91652650163576,27.631313571312095,7.372134337720058,1.0674682742465889,47.70057205406433,22.211090763878126,0.5617624564494558,Chickpea
18.40658399864808,55.46706268432315,21.503886145891485,7.243767992563706,0.9339229520458712,34.38997876943919,21.10511921083828,0.7697936403173649,Chickpea
32.9758961141292,54.9798106444352,47.5226077453958,6.843584604509863,0.6800011226599392,45.44763235523433,14.943599049652951,0.7665838910516983,Chickpea
42.39575108208922,39.20153715655391,43.76406938693882,6.792611958831344,0.6908599756101764,42.70578671730938,17.285788928255627,0.8303790004845819,Chickpea
15.176537861807443,46.99993112711837,35.394595605921445,6.648885185277587,0.8779249735778023,34.363438965057696,22.636739068263868,0.7840226483205153,Chickpea
39.52694232874353,47.04302842492143,30.750501891076624,6.715495006006805,0.8496431680441778,33.61312410314291,22.778632076082488,0.7140175284315629,Chickpea
38.759666078251314,35.181212462731075,43.489072448543396,6.637271393771184,0.5914692835406573,48.16948807290057,21.744053806081478,0.8465643578337663,Chickpea
39.54496182907317,44.347944428674026,32.48356392749363,7.018150851927867,1.0265038084476585,34.45453001659323,25.181357161752004,0.6704022175433786,Chickpea
21.059915551100275,32.94934081304216,19.810021689086057,6.684132698079702,0.7535963957774434,40.460797101439134,19.928479911865573,0.8265056551951276,Chickpea
35.44892832622827,45.094649982888065,29.802366133923975,7.198324768911387,0.4937031406844011,37.41048232571106,19.545873845626915,0.817263189625675,Chickpea
34.79170598844151,45.06050593931129,32.6002433992126,7.190111793156959,0.800481177012058,50.75720969290778,20.68061770406884,0.703263976119599,Chickpea
33.54673040145562,48.94972829779625,29.704459643835143,6.84080787173093,0.8016274028215638,37.60198159412152,20.875075815654387,0.7602992320275869,Chickpea
35.94904746173292,55.98260444644562,38.80311934564236,7.529676160740612,0.8099702817131745,42.6713063396414,18.184876979063297,0.9101183882966954,Chickpea
27.957160632255302,48.19114612569267,32.62015518592286,6.926562183192727,0.753040752625702,28.685976848630272,19.321019275505538,0.9312370186212469,Chickpea
39.672762685051474,35.978049790846086,44.85844431116054,6.550376029508362,0.9486718576116304,39.42532118076725,21.540776165628387,0.9779783749252269,Chickpea
26.713590750979847,49.2755634312078,46.33629751189147,6.619864323545036,0.6508492838970011,32.70249968982053,20.81183258955517,0.48842855890585724,Chickpea
40.51401990858316,35.14129280777991,46.63997743226702,6.943854711865234,1.1826279744271209,40.35027008487438,19.23809887219752,0.5801984297173504,Chickpea
37.38891058077862,44.78824588065488,45.67525131389549,6.539986731420642,1.2041804000921958,45.19821553371995,19.491190924357138,0.9696731346456429,Chickpea
27.168719049427274,46.439128529406595,23.511760535873115,7.3170393917643946,0.47052263738380445,23.476466429902736,18.41321723234699,0.8983485512014242,Chickpea
44.54844886078885,45.85435439760375,44.170335900505656,6.767684157080878,0.8844857558535992,48.21380860524893,19.383452816989468,0.585044106884244,Chickpea
39.703717143269905,50.18192015244085,35.99402963430751,7.080946767837689,0.7597481727532976,36.020368076667935,20.936437206409025,0.7431041557056166,Chickpea
51.13271629288849,47.586893750002325,32.26488078570784,6.947834876417483,1.0017701680540254,41.193883532150366,21.797018927907448,0.47529247847289474,Chickpea
10.074873831596726,53.92685177034437,38.949717015855185,6.7939583233477245,0.938862605556031,50.41847948532731,23.533827914616026,0.8443330859202935,Chickpea
26.132743671673566,39.702464379210866,13.522357867690637,6.977383772687777,1.0217254394922333,44.5214243695321,21.68857617819194,0.6768899712659029,Chickpea
29.357225380898562,39.222446427364645,33.52917635751321,6.5262086489089945,1.1511908130017174,24.581027575475193,19.507366807776943,0.40956723798536887,Chickpea
37.96554861298065,44.98331403170009,31.788886817244144,6.538820685511585,0.8004923671175234,30.644312879886098,19.657830276583326,0.9936145002876988,Chickpea
36.72177215892569,48.73007045581823,30.819817018875547,6.5803580572910665,0.7954084573102704,55.031408038817794,19.281430762765098,0.7542156705047234,Chickpea
26.7160148490946,25.713095731187746,27.891518012615094,7.466598667659053,0.9190780589449532,48.12739360842761,19.13069441267006,0.3464753344365008,Chickpea
23.912909965375547,47.77917332730918,37.138524748428054,6.797081336958096,0.6939501975127362,42.51772549442595,18.746633314997595,0.7461725305244049,Chickpea
36.95328165032603,42.42048289646451,27.06833554064393,6.680347575717571,1.1747243565395495,43.899582906129424,22.550971828204947,0.5820304439837777,Chickpea
20.623107270331104,52.67545951031035,43.142905344049495,6.838429713471115,0.7258920224833079,23.288442766119747,22.168501110946256,0.8779202672448864,Chickpea
28.209075715088055,39.66180279482264,46.169557325079225,6.620277950389825,1.1558120415712765,34.12758593707432,19.033595732833376,0.7067662001820094,Chickpea
31.133682656359802,52.88348670443377,42.97229125617848,7.104669761970233,0.8369039481388126,31.349164013533095,19.977339981430667,0.6361454812644588,Chickpea
49.665965131829594,52.01591606659021,34.17629239828511,6.540587012104044,1.1081679376407636,36.09347308435441,19.674581349508163,0.9324479079578436,Chickpea
29.900511866219322,42.767511690693254,32.92316946461812,6.431360631940285,0.8631470730851897,28.90124204257239,18.573195669222194,0.5943346780897504,Chickpea
29.129297966960564,39.127598751889295,37.22492759857975,6.756433934104,0.8096016276416232,53.83030461169851,19.611097047252006,0.7907421433354549,Chickpea
42.18749599335979,44.56000362945008,37.46419218390535,6.805795493273479,0.8405116791422957,30.307865685214903,18.76447172605044,0.7025383379924613,Chickpea
15.280963561490065,55.47250952835727,54.44772216199216,6.84769807277892,0.933093835450201,43.64846136040397,16.688325651054328,0.8392416917926635,Chickpea
30.73560205565775,61.035069608717905,33.30566387001175,7.054291022488065,0.7643174139279734,52.573542050643574,18.719124457402735,0.8747633180991083,Chickpea
41.26677882451946,47.83016973164912,37.06106660940296,6.6132364950448785,0.2827887379131846,43.595136867692915,18.77790222413929,0.8754400215523044,Chickpea
38.51697767915665,53.401797467140845,42.21703268098526,6.109885349465824,0.9229791232495994,32.25059611508413,22.91252796817044,0.78868112427052,Chickpea
41.029690379656074,43.094300430042246,26.786544271029875,6.678791651488253,0.4400215476938103,30.277250123626835,16.33960225115142,0.48433887943632836,Chickpea
36.164788472262096,48.73834257652773,34.71385867842306,6.660338660745247,0.6105183675522149,32.462456061082314,17.944442396930636,0.6905753886818032,Chickpea
19.784682259210946,49.90922304744009,29.89671990131877,6.905351932079054,0.9774443991262385,37.622967055448,21.997816973995207,0.3900041105718893,Chickpea
30.071433362961137,52.72153666752359,39.58306584484599,7.317569714354409,1.1408760959934034,37.396737075605095,19.37005345278798,0.5562341930399515,Chickpea
30.241914344647526,42.142271640574435,29.660757268564566,6.5428654306325065,0.8803153175044091,48.57311742513787,22.333141920575645,0.6516369912594515,Chickpea
45.14028847600709,47.42655606787218,34.633660841568414,6.771125636818726,0.7600119724023473,40.20852898189816,20.349175205691054,0.5907365803634514,Chickpea
27.231478908996483,47.14132786897168,38.857860941149475,6.7123228595913,0.5735988754507512,45.007720936681054,22.596511523817753,0.4018935248539753,Chickpea
48.3958292331353,43.5371694186689,36.709883720244285,7.118702456814735,1.1305077573258107,43.02292228036424,20.602576247376398,0.4936538970545502,Chickpea
14.737681760152618,51.147112573171526,47.07827311170029,6.571899438965346,0.746044007052254,30.54187289291636,18.54024981627749,0.8612441775837947,Chickpea
37.18373132753642,43.395751820230316,58.91768018459335,6.398362148277883,0.9095822162991571,26.60817371862244,19.606407820014397,0.7222957576694009,Chickpea
43.44595719635092,43.171726733872845,31.697467119828424,6.721856172612218,0.584009462739765,40.05847841673349,20.70333592695477,0.7652753006972575,Chickpea
34.30456997466919,43.64985428076935,45.58040304407766,7.086100211643965,1.0829601172368777,37.98075481196697,23.38166023663855,0.6375876040419378,Chickpea
32.99148213858669,53.36570527577373,42.59079384434215,6.718673886063828,0.5907483527960579,33.368286344060216,18.28782889680741,0.9586755223733012,Chickpea
42.600406435197506,39.63854195829264,25.595081354014887,6.582072283340325,0.6882349523067333,33.666396849622444,22.78636622720222,0.5550224662970494,Chickpea
57.895372448465494,38.39689834219942,22.31857042014861,7.272725351090572,1.0642511199673912,33.54120961794972,20.953330787811318,0.760985367865302,Chickpea
36.36712428743559,35.92464323070669,12.662295356003728,6.563476668949443,1.1632308822741897,49.84330802181325,19.345407588769227,0.5563053666214492,Chickpea
37.781212197293804,48.07286836826918,40.40647567364652,6.092431968805473,1.4315512367650325,44.05979734434906,19.505340740650833,0.5922283554758719,Chickpea
44.87305694079605,48.46776230524179,35.8293273923106,6.928333697419427,0.7774560791550772,38.214898125738415,21.81590712738376,0.751497531112304,Chickpea
37.90921898321919,54.750020932478265,20.626035925233893,6.576592962003639,0.8053121371962045,29.161059336566073,19.009918654390148,0.8931612674335065,Chickpea
33.51029026042275,32.19552280600218,31.18992443599149,6.816271688757484,0.8079379064912654,39.448299530771315,21.185971436888686,0.6791760852211021,Chickpea
23.069602417545667,41.91202523853706,29.395010990403815,6.7201709352478485,0.9382337070515774,38.23282199651002,22.060014284354214,0.6423875194595808,Chickpea
50.08360768284733,49.70986958817704,36.01011213657762,6.968937043625831,0.6648479170737938,18.12996627231663,18.483259077325556,0.8121185435863252,Chickpea
35.80216039688963,44.04215869125488,27.36943936300045,6.25236876874337,1.0849691241629582,33.33684206550714,18.926155045257023,0.5992530599362191,Chickpea
47.545224776266295,51.16945568665569,26.294844822101417,7.12607203021219,0.7709859162157466,30.115662496102182,19.265969033006122,0.5825054124227654,Chickpea
21.791228972512098,50.432916758560125,33.01365626871679,6.9728186694206755,0.8574426662259094,39.38832889082592,14.885032986482283,0.5699859625964474,Chickpea
40.69364755401848,36.07618514104823,38.35758575431008,6.410602717594799,0.8032887966989389,47.879923151488455,21.93650028832906,0.4223888578838898,Chickpea
43.48371404316185,57.755667587107084,60.173144091455654,6.933021206491233,0.5271160152229291,38.477423824195434,23.990083995853663,0.6719367730374545,Chickpea
45.431089228825584,39.12277900785618,38.35117927814166,6.102917735752364,0.6099329236326564,34.951034821745154,19.09160817355891,0.504907375858638,Chickpea
30.00343801915044,47.307585339275974,34.22395171600803,6.8170625195638435,0.9463937606171478,32.254698394134024,23.397944707629787,0.5516093400847881,Chickpea
54.28002553059519,52.79127041345984,31.796019975390003,6.718990762815297,0.8413471183223472,39.789367438975816,22.736370688083642,0.4989113127977375,Chickpea
39.37442622061247,30.184400232760993,33.40429562748065,7.207095501060488,0.5164781935563003,22.2060977117467,20.55198774886994,0.9081143746258902,Chickpea
38.25395451085322,31.66767472182914,19.851844282583535,6.827369001220237,0.5641515161408466,36.09349035124525,20.489987783167347,0.6265363734013434,Chickpea
53.14754293948813,49.133270434540044,45.904317909147586,7.057762892316054,0.7699852876100265,33.44442198928522,19.255949907928073,0.8021653378750365,Chickpea
28.496348226281363,57.07523059424197,28.287176266948464,6.860053020243168,0.7541838375908103,31.393653484907787,25.430867131159033,0.6341418487881305,Chickpea
31.952788190075736,40.35106481080877,35.3693655412003,6.771634217144046,0.5761493738591391,31.60504108521875,21.524216356959904,0.8540480274132931,Chickpea
35.2400061296548,45.41296353457246,31.751044354112512,6.659316323451793,0.6160853940235396,22.546804366088388,18.243883314733658,0.835607930101077,Chickpea
30.755830573028227,42.57786921414171,31.710633202568175,7.148518146433165,0.6143234858937325,37.21642670711995,19.82883466607459,0.7101890237642152,Chickpea
37.443504071164504,45.40015458187649,42.137196979858274,6.79180794817038,1.1488752786851395,35.35583951173477,15.741332793499325,0.7957465537215597,Chickpea
38.92096805259782,45.22781522233347,32.6638581594097,6.2079066613912595,0.41063118754686495,48.180153763979845,18.536243492251533,0.8448430641328313,Chickpea
18.969667267595383,37.67199193242214,41.10776852193544,6.771299710004382,0.9075334343978758,34.89093947256154,19.480820089983478,0.5979934257737665,Chickpea
23.05997344069999,54.81890902812749,49.10578195516893,6.509163172671628,0.5791841795986103,32.217814860623264,20.85108753715788,0.6727272688064996,Chickpea
39.995200652477216,44.65525736672044,33.9683197269569,7.475662046295563,0.6949593496809386,48.119575142596375,23.61715766920216,0.7756140259876972,Chickpea
15.738681635504747,45.21740243254073,30.367747183440077,6.805625393603332,0.5874066415224236,41.05006359240042,22.462462567777663,0.8755036453100411,Chickpea
31.17821283615466,37.584024285672584,38.16513274823706,7.291700810201648,0.8138779269227068,38.6183766888968,19.412691385295005,0.6244794691156355,Chickpea
41.582759386044984,44.25753262862794,38.63170620376397,6.942101920037568,0.8695033678277817,39.46284255510192,17.86748566809977,0.5628955965479753,Chickpea
34.57378393392744,44.870070758171266,30.299094559523343,6.867480082996109,0.981643486166808,44.50009499322789,23.53065468161789,0.5027797505414222,Chickpea
23.370014262915745,42.97248224590847,35.72257886906639,6.733242958920043,0.6894721339634902,32.56465407842102,21.208284556081257,0.5005566329811951,Chickpea
58.433571725871026,45.14695480369009,44.45762654805853,6.637598629409938,0.9148699185049538,35.80072858262861,22.142020984720734,0.6702029623264372,Chickpea
50.515635670896785,34.555609067590694,43.54436447178221,6.833241531549254,0.5963346603254114,50.61652696037688,24.621744316418948,0.3889193882764817,Chickpea
36.76784387345825,49.939637883115154,38.975343274860336,7.224348290317961,1.061526541502923,37.121498850537456,25.69275903102909,0.8405269784061364,Chickpea
31.485855048220778,41.13356683620154,46.190073526762475,6.577972816571476,0.7180523441083047,33.08342486836121,20.889133483190378,0.6709812455557627,Chickpea
21.830291035198613,53.134558165935346,31.360412160933965,7.3655818752638575,0.8607980014519679,45.137659875217274,21.57715378545198,0.8972584407184939,Chickpea
40.70338996264432,46.64618183794264,44.83910682670865,7.496072192085775,0.746040612279025,41.35941590180011,19.98688769372463,0.7759088530739551,Chickpea
35.42158557576534,29.895799800027177,33.19831954035641,7.079875420386389,0.6469586753462859,42.36757154457234,20.45902291097586,0.6712764203718686,Chickpea
44.05815385283368,49.76722080494983,38.78492364078232,7.084452056778516,0.8406196639177161,21.84267173608781,19.054697817169203,0.4293396365830201,Chickpea
41.57364826208634,51.27339887505077,43.475320179197375,6.936946515784345,0.9935850258778598,22.387173293860315,19.73108269551428,0.4877626016787677,Chickpea
31.41670387194111,56.3137621515293,44.839134641192246,6.985439913812838,0.7636759542798714,27.051241724435346,20.46756920946107,0.866601374773346,Chickpea
39.09871489259234,33.90016447570807,35.94149807404252,6.264268106221422,0.9608367666212015,29.45593801546628,16.942196500367668,0.8226895994098304,Chickpea
40.59377837183986,46.626792736899475,54.72537152435946,6.977799954151667,0.6710086140145266,39.153630939879534,19.284806641508894,0.8900138232845503,Chickpea
37.809772068304284,47.65946300760314,22.018684308242353,6.817178453460826,0.7887468291469482,26.80629235831559,19.446246284027886,0.7653628665376117,Chickpea
34.95650400655987,35.11530215891177,32.54104850122751,6.668953059068835,0.8387027046062366,35.68426049515538,18.970967344720382,0.6324004834864972,Chickpea
35.672225879845,51.740837284905936,37.50776470437367,7.1984594110814,1.0266381957683781,46.973459969673215,23.42156912950764,0.9344424275111083,Chickpea
23.46857189528766,49.53198394537328,45.96488497577507,7.191727650119853,0.6458562373972095,40.2590441994515,20.188007662376048,0.9770590349511417,Chickpea
21.127083756055494,39.61497293003994,18.704295575338893,6.840492560369263,1.2527680538539303,34.64526705173366,20.252583306310637,0.7825358155934806,Chickpea
33.837095149927094,47.562182134008566,38.52990502395033,6.563244137413812,0.7811906576900663,40.93546341192197,22.32144029140774,0.8947752484291412,Chickpea
38.35436066782794,47.490499978711085,41.75166378693162,6.6334643402000335,0.6728441896021676,34.001617138764814,16.81245575111474,0.7610351157549863,Chickpea
45.49082036168264,40.02969448613152,38.91634270896744,6.623843305736242,0.5966848996010148,51.444488350077336,17.494417159956896,0.5081021022868232,Chickpea
37.14715397055313,46.879650349225365,41.00508927070947,7.360343854982774,0.644574036961074,30.372505296208796,24.02201374326714,0.8408685648258676,Chickpea
43.00081337761732,40.870919131448765,45.132993983710264,7.02489118965069,0.8379074536238732,30.320577518132062,20.26673888597111,0.9472730332724907,Chickpea
24.060322473963197,39.40140652355571,29.34977808436401,6.6849700763172715,0.7968526626957947,42.668568225615246,21.153535286043656,0.7091261575755142,Chickpea
37.76993475080345,49.367936722542254,19.864646483933647,7.100043573691288,0.6347174114227195,31.451917030580095,20.851088304258965,0.6886891257994123,Chickpea
39.869304410933395,45.99279542919484,32.39600941644541,7.228052287425359,0.941613106402027,37.41693860108496,21.731299602148418,0.5942005760938756,Chickpea
56.74771741816684,37.38653959241803,36.01851792464061,6.719800641987033,0.7351171249145904,31.365945949481926,18.070724997503746,0.8782513307212179,Chickpea
22.95297205417116,51.88494729078674,40.83683961248884,6.693350483129783,0.9065214567587707,33.736807858427404,17.24748415372662,0.5364349517993641,Chickpea
41.554415164696906,49.22499226579516,37.17810272887298,6.690375368984658,0.7619136932737958,32.395574742687785,15.632639662057832,0.7091879875384418,Chickpea
40.224548612095006,45.47326159144744,50.92234254817282,6.518722599447606,0.6677792566212559,36.064151965469364,20.60941702548108,0.4148187062460591,Chickpea
41.026979998756026,46.73821787688919,15.92546350550218,6.767321404712222,0.6382916956122665,31.37341388548968,16.654748038305343,0.7624283018010358,Chickpea
52.61776380570226,46.85516501919198,15.565543084127182,6.879966890453184,0.761072241560193,26.191899721967175,20.88405957847757,0.8319647092191034,Chickpea
28.315065181068626,33.49387032431676,16.894949844114176,6.613608173796109,0.7688993061480381,30.871955490900167,18.291794768344044,0.7851849290692232,Chickpea
39.62826046145924,46.397153819321346,42.34839005909696,6.616233941217311,0.5810881529882864,30.821330606181025,18.521743070795573,0.392306581592946,Chickpea
29.54431360453029,52.73395388627558,42.20768087556076,6.947051479947702,0.8263236086473958,46.59118820913625,17.3495802628301,0.55527593170557,Chickpea
46.24295273688533,45.193234277870964,28.959395236602393,6.954538895491812,0.7123066076624031,28.299796036218122,17.836620467832276,0.7482324041539024,Chickpea
37.058154966306624,55.617227366591656,32.389196780586474,6.7139981543365845,1.0879267061053832,42.88517434622072,20.362245759406846,0.4658480916128034,Chickpea
26.881452177167674,37.62133641828584,35.328065992094324,6.6576644879283675,1.12058097856846,22.42850228980793,17.09665070771822,0.7366943177319777,Chickpea
40.2143604976417,26.890046383729107,19.381308567512807,6.726190965920628,1.0712087262969936,50.10208708173576,18.963756274592434,0.6744029533869376,Chickpea
26.63134242715357,49.432444799202855,48.756766260445374,7.151685806466414,0.7941998774689167,28.291746358918203,20.020492510774552,0.9071180056650365,Chickpea
30.994829016533817,32.291996794565726,31.75991672014279,6.721872789023265,0.4357403677461005,36.85629865598655,21.265011658138494,0.9789838922227465,Chickpea
21.676230431568875,50.11365001902135,43.70152536058289,6.945493860661887,0.5986396734311752,26.480586554059904,20.242991880709535,0.7135266489769437,Chickpea
29.405661753712934,54.04145909473279,31.393235757571457,6.269763791646669,0.7551886970990326,38.842186785965644,20.854902880152615,0.750133388070992,Chickpea
49.93989014356678,37.19646599808513,31.186624864843928,7.2326151306429125,0.4065300226071432,34.57044442237785,23.072302788092586,0.8821024376401089,Chickpea
41.60116372846353,49.79807511233186,25.63079189250378,7.184489583500172,0.5599876577428412,25.876695845013,20.969685327909364,0.62604782564242,Chickpea
37.06696699039759,48.01536955496159,51.002987654379936,6.921442883958594,0.6762931391683082,40.411903665489085,17.92061449979472,0.8369733286564061,Chickpea
35.64627919569255,47.80380671309864,18.974114205967876,6.169791233349184,0.4997151535173135,48.966166845587736,17.129612942882275,0.8098464702983397,Chickpea
28.580922010892948,43.31978930546532,34.59751770437666,7.260257959787219,0.916901106158285,38.08026512256281,23.24174608027799,0.6050204704357627,Chickpea
45.68342976951433,51.30911816611112,43.00909426919179,6.7565953231847775,0.7125370208445143,28.041410838644676,17.982044087583656,0.5624480273412262,Chickpea
38.66847761826076,43.401645807109496,38.88260177912017,6.936606965502785,0.5880487891423334,26.281851743126165,19.428349042066717,0.5837318914579328,Chickpea
26.195878604737143,56.869809063524094,21.199807053103285,7.366458039637843,0.8577752766718177,42.889906264143406,22.17083204332558,0.7925438765899053,Chickpea
51.61831799143185,37.42308318066253,33.59259459999432,6.561202864499791,0.4607840937935235,29.71007105153421,24.681369445559554,0.6739799953873428,Chickpea
54.8351571333356,59.600790144102426,61.95617327326474,7.333538045347526,1.2716263730667614,37.601340328445794,20.570820584216683,0.7442259041823025,Chickpea
35.00062204610364,46.0476419461728,41.76964308638076,6.669571000516969,0.5244751524382578,37.90895038058021,18.26798791418796,0.6116089753792991,Chickpea
33.57246769685828,42.394997463262875,44.990382432650236,6.7533123689334635,1.0320899275753435,36.648129991537225,19.778677495160824,0.723733072943019,Chickpea
22.083701359792663,47.36654032629487,42.64270366683465,7.077438119516943,0.5295651829244264,22.84815838205619,18.65795368729791,0.9076993536989316,Chickpea
37.20975393580246,39.57713332176258,21.92354479762658,6.608482994752987,0.6496897742973845,42.48494174916205,22.53136062346761,0.5425147191713595,Chickpea
42.531660615815994,49.555298290728,24.38287266713361,6.776530764328188,0.8681639976314834,36.30588334973887,15.72364730797861,0.7196773681774927,Chickpea
41.362648914316765,56.05715918207267,28.980879198675666,6.64727311617191,0.758226646825478,37.32972737053512,20.24254441905714,0.7906461981950635,Chickpea
23.748134577848578,47.77797582507584,28.320061577969113,6.759866507424438,1.1416027254512413,23.81405752987193,19.301331328901572,0.5088031341534063,Chickpea
36.53067974551772,52.337630407730124,36.52689606959843,6.767319561066014,1.0656804658104104,37.64401947817716,22.048915140779528,0.8072886080267702,Chickpea
6.23759595843239,44.46331836065336,25.297329780067827,6.5677912696360785,1.0949172214650587,32.001555637419266,24.731420489515017,0.48884673695937164,Chickpea
24.16329219722632,50.336454626663794,31.927656322173423,6.886051654248294,0.77753863472605,33.85939009627194,19.23940982816981,0.7269240040611604,Chickpea
41.41638287527903,56.30095505680733,33.17738718191464,6.689781277221955,0.6955076887081736,46.75827084025999,21.725812242784546,0.4151449860342744,Chickpea
15.568792972036182,39.189594843513404,37.07130899648937,6.790628361018767,0.9029557103687362,33.59645246253376,23.49354692844736,0.8158167068161023,Chickpea
35.77576607115686,53.01737601373874,20.159843981163014,6.776179080453737,0.8275024612255971,39.81629199962008,15.71208499292845,0.6609389639688277,Chickpea
39.00460796351074,48.34013488478135,45.67516857308781,7.013221493073888,0.7878307901255919,40.39978999159004,19.49659091111342,0.7220160929144279,Chickpea
42.94802350147363,44.6828944476837,38.25790711578654,7.069166455408763,0.9424329721478106,44.86777484705095,25.821120744882275,0.8054391660035415,Chickpea
30.387074485952454,48.582761334738606,39.21936574841376,6.971782994182907,1.0990032494474744,21.527107928127947,23.784594978324336,0.9775625302087169,Chickpea
40.68070663270215,49.14494556856193,32.82519673466451,6.801770717148678,0.9395904318296304,40.0684191421626,21.80177432500847,0.7940002857404925,Chickpea
43.9838997414237,50.50654068989953,25.780862012658815,7.033035052182206,1.1717173232832456,34.78698598435678,23.748699869956194,0.5624057050132613,Chickpea
34.70237380389565,40.51189293733099,47.41299127181419,7.2593334352344785,0.7801607759824876,44.368492181294805,24.126566569758335,0.6950621713057495,Chickpea
36.297516117969835,50.13530758738889,27.417158166317442,6.830827326660077,1.2285574212403878,30.999891837997627,22.134565601766283,0.7785706669205518,Chickpea
33.36234091297048,46.551585650365745,50.773579320854864,6.955007201042204,0.9419637246522526,47.80689837001405,19.276473907504577,0.5429627635243232,Chickpea
52.683473915902795,45.955652478329014,43.04240765134112,6.586547828026579,0.8777052610492331,26.224537721105143,20.159349599320233,0.602811522223258,Chickpea
26.223456650874486,42.87814131443854,14.359484213286144,6.4752273174222905,0.9564828312520657,37.781331116381814,17.314532632593483,0.7821810354197599,Chickpea
26.217869278481146,50.05374709289393,33.959248338843565,6.708965517890149,0.7817872752545091,55.476227653325665,18.102996201194124,0.7339837999399568,Chickpea
42.81368709492371,38.26311005637746,20.65167946334661,6.631692519970591,0.9518926402217737,32.263972386173734,19.42223517159744,0.8366154476938119,Chickpea
26.936569205051406,44.37871282197719,21.375430628148628,6.889801337003223,0.8459014149136821,41.36429038533774,17.136859670821536,0.6712168628841374,Chickpea
22.215296395418132,43.277253196909406,48.33609267897102,6.710189228327285,0.5268160351510194,29.560965880201472,15.972620416456973,0.5056340681789171,Chickpea
41.709869474954,34.876017338465275,37.8109573131939,6.80720794924712,0.6936943501813332,36.81879984046221,17.655846226631862,0.8261266601240569,Chickpea
28.016597014276687,42.295431779751794,30.451840951426036,6.993052598034175,0.90888878270178,14.026390672609597,20.635607340695447,0.4383110752261628,Chickpea
31.58678287810837,44.2427818477731,31.831475934213465,6.940229382187696,0.9440153132159065,28.812273657445676,17.975507493756698,0.6946045669521224,Chickpea
19.56267919433844,41.66115417368625,47.132700500486216,6.378235841741,0.7319765281373184,30.261593496559065,25.013169703469394,0.6193208189995519,Chickpea
30.20189114641504,37.784645505387886,35.08389623210526,6.875646775406632,0.6228360304760812,42.90978240577572,20.67765896072127,0.8277848903147772,Chickpea
31.718644721600807,46.702290316239335,33.08213154613326,7.2081508338575215,0.8232528274742125,35.07003158651999,18.854395002447713,0.6226054554291753,Chickpea
37.37722074823827,50.737112215609,28.838977118809208,6.835442197609316,0.836833898203823,37.866908131004884,15.731258995348202,0.5612900950433517,Chickpea
21.341554798780994,45.23019098656222,26.8912396709872,6.661052486840511,0.5611438952178308,31.77410770265758,17.189740996953077,0.8136862663049426,Chickpea
39.79227969795578,46.05160497032047,32.28252263287489,6.229447705435237,0.7083586749010309,28.908347650501007,20.618185543163804,0.7929560753206557,Chickpea
38.246326624930866,53.84126816388611,29.885171890534192,6.629262753230219,1.0075756457805154,36.32973115630507,19.38250314864446,0.9769781717342173,Chickpea
40.77730547382683,43.66619078246141,28.826496677174298,7.171423548043483,0.8413994041779339,35.196135356307416,21.690691068637726,0.8320131785280961,Chickpea
40.49869984490897,51.18782902942361,39.06236923012414,6.955369363360464,0.6536724290313131,49.48283105294047,16.915808352523243,0.746406642174621,Chickpea
21.63232941821392,44.31309882814831,29.858357259187237,6.838011643976316,0.8683515362715291,27.349330376043262,19.92646386262106,0.9090511333684422,Chickpea
21.877349024985392,39.021623615865536,42.74679183123801,6.821715347708998,0.830230985964913,43.17841878953862,18.01482824550427,0.6220997154853606,Chickpea
28.573581335331614,42.562578668651064,47.055698764529104,6.323697573253137,0.5611562378179854,24.074535461654566,23.50423487671492,0.6078400097950355,Chickpea
31.733263539150013,33.69756075455345,32.63852567450673,7.042626081835751,0.8505914096545927,34.13708758961099,16.087786186370646,0.6508071869038041,Chickpea
36.46914763925882,38.05722600076687,40.89402042180093,7.0478191930606195,0.694270258269181,40.80665755017363,19.72565100628992,0.872070697236822,Chickpea
55.34150660058081,37.34434162646727,41.925359631919996,7.165390078525563,0.6058639319296335,30.39903465425072,18.53405725442699,0.6800828142195816,Chickpea
31.436344937793784,43.612007883614424,42.54189495450352,6.269172717871876,0.6052213156717249,40.35942460967893,21.381940371552187,0.5412186708949913,Chickpea
40.59701950303669,54.28806869773843,34.55876136981041,6.517770913822112,0.9749908512628496,48.784363447766985,17.784649241401087,0.705887811092505,Chickpea
45.9015563488702,45.8075110047423,19.274333002927232,6.924156961260024,0.6042382727354202,24.83421920804789,15.680630022535512,0.878561093974852,Chickpea
26.652886809825738,47.333353261735105,40.21058987521462,6.8453093171482555,0.8593141559947943,38.04838469919597,20.345244216613484,0.5859760728525963,Chickpea
26.50662837848411,44.26512919076852,33.86452356755885,6.920209525079441,1.020330013433032,37.75124288455592,17.9727907022071,0.37282662779040754,Chickpea
27.31062794120676,35.58856746931432,28.42665017875281,6.867837556882259,0.8168781015677352,49.86542093550568,21.207703880205464,0.9863750924972052,Chickpea
42.151394039899266,52.599947203135244,31.769879555411375,6.499137400667798,0.7102080218398241,34.905043754576006,18.42960278998745,0.5498286363293723,Chickpea
39.16837692420759,37.962219836619234,21.198572466933225,6.485815888108673,0.7531289023473504,27.072647137883813,19.429775241703727,0.7900666457918815,Chickpea
40.74443046863351,40.37421863637482,23.264525716649455,6.638825429758222,0.9311289619567101,42.113569832356546,20.882224802583384,0.8802154076493129,Chickpea
52.29202119619373,41.617404503093304,48.379069285878415,6.727046134178312,1.0039697394520128,40.6685797493821,15.05735395186844,0.5550659297609815,Chickpea
22.78712083689642,32.52567077861879,42.9138348505609,7.379256119433618,0.7484654990601894,41.833253322931036,23.71156329422686,0.731249755027414,Chickpea
34.7468693508496,43.28018450580535,39.838029939844766,7.044914334009122,0.8923609812078361,38.419704606534935,19.871992746980112,0.4610568212390835,Chickpea
43.977163887565965,36.00762416269606,40.574470778772394,7.011606261998027,0.5719135791018548,30.13759367515876,25.30368637847436,0.6880776643195927,Chickpea
22.797863245654813,50.606154677991285,28.04592314984137,6.262253273712853,0.9039539096092934,27.66705747373497,20.802970855556097,0.5780964942846454,Chickpea
42.07204194269685,46.284488272241546,11.69712269936917,6.906963511397285,0.742053734313922,46.333741137526445,20.98801962253963,0.8134236765629522,Chickpea
27.89459198979075,39.46952574427426,34.769156020454915,6.699027484497722,1.0676018104420164,33.77344753021338,16.93794562504068,0.5758628629467009,Chickpea
44.650510846140044,43.829198590159514,33.01359408845215,7.096852519380983,0.6170473622268917,17.118589612581356,17.867833384108394,0.7363133632819512,Chickpea
32.5048847966191,34.07699265940897,44.144535782163956,6.845779144903646,0.8778029389426985,38.35688207826696,16.75368938537526,0.7454318374644235,Chickpea
44.07453783202006,52.98217161259458,41.49136992511657,6.943676304405767,0.4525157470459172,34.880522777780236,17.608564126408883,0.8923251822919537,Chickpea
46.303794923770496,38.346298324958646,34.58619634664586,6.86958264418199,0.9801582514978068,21.595054001060376,14.475944215405919,0.7057222766261232,Chickpea
9.685831776245696,46.11000686868445,40.32986996224468,7.146102374331776,0.6754863497488015,36.28945316908125,21.62877459915081,0.5236419987378463,Chickpea
44.15347797751598,46.92039627659355,29.55098302364771,6.839586560223167,0.7721331029640521,41.24059160198292,19.09884977463267,0.7340635740068289,Chickpea
28.790683818466874,38.435100129157874,36.54379512718864,6.5489050532348,0.9601160582897647,39.73786025741699,18.08721385914028,0.7320670647809773,Chickpea
27.303000996659833,33.769810359388266,29.624973492976668,6.785911287803641,0.9042817449827067,36.195839443762715,22.269186537570572,0.5528250742875138,Chickpea
31.233016120878403,56.510566912364276,17.620279523442576,6.673452794340721,0.5857012104474704,33.43681276596737,18.913881281409708,0.7903233157135124,Chickpea
37.55520659409505,35.86067699662804,29.706541341388213,6.799967226244807,0.9478761768078029,54.46365027743941,21.756989472388543,0.5481250119175771,Chickpea
34.061547446008035,46.266833365236664,30.32548216690831,6.931672185661672,0.34572458231990266,39.42519697062399,18.809031443923818,0.6835442152456712,Chickpea
49.657229390265,36.16937977073755,37.45447350743447,7.022298042121805,0.8340672916572602,22.08646155583859,23.37599156825332,0.6682968924390466,Chickpea
29.724591499219716,42.82661982464956,31.560682480949747,6.466749691630063,0.8329901172154637,30.222135936687994,21.677220680374575,0.777639324042277,Chickpea
51.2566941176381,43.51856799639123,27.77075224059665,6.388472146157239,1.2386686772149627,40.29686397212907,18.268950197050522,0.9539732633900704,Chickpea
48.56162383886032,35.54105748281404,28.218726124244252,6.762949043355096,0.5859829807996076,34.22736429671317,21.77990486609947,0.494010871251656,Chickpea
37.93000547973937,53.17948582802894,38.6019821534347,6.778827420661575,0.6663796480847488,41.64673497679481,17.05769971987991,0.7364187716642684,Chickpea
35.25515733053315,52.87927718346796,29.755261150379987,6.660633972669927,0.5516270258737154,38.49827419680327,18.94046039241938,0.5706889034095223,Chickpea
27.33183733322718,48.75973847524036,25.073355502492426,6.516033529805688,0.9792722851034766,33.67103539336422,22.388612714960768,0.6460966277036251,Chickpea
34.98874100603368,46.09409490355352,47.485576404321414,7.165644391338875,1.030647407638467,29.969449040516864,17.532926076541955,0.8141187194591359,Chickpea
48.767597023008165,53.13973112483116,35.11744331600078,7.003786392564762,0.9490775306170258,36.19154233103524,20.4809340618425,0.7147293005204206,Chickpea
27.119034667210975,40.19763293710833,28.686586746413255,6.352213702500899,0.828571985469682,34.675413017299526,21.904910339209255,0.8891075924468668,Chickpea
48.24294364846529,54.929258208168264,28.18627075439893,6.399051402163594,0.9861487156130866,46.05706750560721,23.889981118026064,0.7727494314538563,Chickpea
15.03296052396373,47.55926624403515,39.99896781118469,7.150581005952405,1.0859257387966468,42.277067227082675,18.53180275426036,0.5456324028171012,Chickpea
40.33961151816307,39.45309422702104,48.27623396158134,6.322723497541462,0.9133773224789336,37.55627979793991,19.483083331172093,0.5612325588542888,Chickpea
14.382236975569374,41.279999197491215,30.37505136889412,7.111286264477568,0.6434288723439748,38.622164908510335,16.769400491395512,0.7720372291125381,Chickpea
12.622996478153322,59.667073245514864,33.73039225881933,6.017539797168277,0.6564501048880248,27.99470213531307,18.360454670334246,0.6453037906301735,Chickpea
28.37382846674408,39.28511546052251,24.571853432010407,7.030101038701265,1.0402271230472493,32.9634094141097,19.95590837491931,0.5310503709711133,Chickpea
35.71020698336425,46.609746335076736,33.025412512575585,6.910900993775446,0.861741756410205,26.566884887275364,22.98261878432239,0.6688530610255636,Chickpea
51.75571601916985,47.94294412593458,52.738398173346496,7.129075367405805,0.8454379256281724,29.21514506704301,18.24608131307626,0.7799551427473781,Chickpea
36.43126083790918,40.8768163480624,42.49753952849037,6.810855972499689,0.9678019630601453,27.19623946638754,22.49867917002042,0.775149335402092,Chickpea
46.975696644619035,51.842013505014364,34.23541939362878,6.753695128619872,1.1566061985181886,32.67545224494433,21.87108424709461,0.6427919511715386,Chickpea
16.38116919862351,36.408626315358326,38.653287963757855,6.996316875889429,0.8818426818440321,44.16759601114802,20.97815038808532,0.5837147940498872,Chickpea
40.94302181473764,46.18725572650974,29.81997795545415,6.932305404410721,0.8158740332034893,30.15999559290122,19.55533556609255,0.9120350703313211,Chickpea
48.80887816069647,46.31700897489379,35.51540442098557,6.398747123566125,1.1438730226732567,43.290735098943735,21.879878926760817,0.3587903924364041,Chickpea
35.409226506557964,44.11009904176639,41.14533894470539,6.673711372207177,0.7536579567092963,39.955303511637624,18.066054082278303,0.613893597488602,Chickpea
36.933266397609614,54.36939992344702,42.27622763501012,7.101113139301099,0.8126633612430582,46.9606241902638,15.647043938746727,1.0033358827602021,Chickpea
56.51758975180036,48.19631444675823,42.49036373691961,6.789360038078522,0.7580863273853328,30.113036997085302,19.877469959338942,0.7833900213408554,Chickpea
39.19883847163422,58.906221501838665,35.90247091222297,6.383128002823391,1.1288621242446832,25.23236577392185,18.60152268623644,0.7407614712026354,Chickpea
39.17175082263225,34.88193176748614,28.28174987263742,6.38538091084369,0.9243426126645121,44.467039077623085,16.945404889383717,0.8493489929571798,Chickpea
44.307787443246625,40.38650447061948,17.15678867718956,6.5000483146254755,0.6809484826182416,47.33336677447355,19.704243562459446,0.5489758036014544,Chickpea
36.478485549519405,35.93256630394092,39.62906045185714,6.526254063403906,0.6334952519618848,38.00393638745514,24.37558420700555,1.0296681340353844,Chickpea
24.601344942204577,40.823755712992764,39.63979056533623,7.127261017526437,0.3671832620824554,35.69869455125039,18.782142558590262,0.4113968201454533,Chickpea
21.628322200076298,41.02557878251337,35.5293351798421,7.08226880087396,0.870869623016413,42.580315497341225,20.066810839618157,0.5942581079594502,Chickpea
33.16250046129426,49.86862143228448,44.293059523941054,6.758595088355722,0.6141769475233924,37.68526527589789,21.194952409605552,0.8849078629079676,Chickpea
28.212371270403953,40.32541922014019,41.80544177785618,6.685918600117449,0.7100631634641792,45.03311896112195,16.572485984297067,1.0084304709663265,Chickpea
28.87364586892173,51.067098819604986,34.02080304267163,6.875981439764198,0.7474427000476476,41.85261321626379,19.131690314951083,0.6140580292232347,Chickpea
53.13341825869992,45.20567887909584,28.918739950824136,6.382719754824668,1.1731156062071961,30.584596988357987,25.154595596252868,0.7598281527119323,Chickpea
36.42885200302451,46.18890668629599,54.943558453490255,6.186178800562159,0.842868303901501,32.878371139759544,19.467266537292343,0.7223967778212855,Chickpea
32.33745850503873,46.31691467031814,34.78780284060451,6.432203710108298,0.8762732075621759,40.728435613596645,18.64483595622979,0.9801844117336105,Chickpea
48.35571745664094,50.9076660941982,42.486386696252126,6.808427146730768,1.0282744209468841,47.56603689649681,22.02006003202987,0.6144574987281451,Chickpea
34.603185617133995,49.01569023083263,42.539704136415295,6.778306379927805,0.6866382905785857,47.673655899022656,17.319200713702607,0.5588002366550622,Chickpea
21.72872190498586,38.39514426262973,46.22610389407103,7.158633171823697,0.7851908931069661,38.97051516445424,19.97373855594021,0.5212034761070568,Chickpea
57.181070076744334,54.623179755489836,38.189774647967376,6.5603508217301645,0.7550131245660441,29.46059558864025,20.243955602321172,0.7464884761899022,Chickpea
31.588745061896375,34.81911072965099,54.18853087144295,6.866507489112778,0.8913184000388855,31.620724911400114,16.094972211676968,0.6875049203653245,Chickpea
31.767779910130997,49.96674066503704,43.15469816038553,7.014208254318624,0.9976544671834299,49.429326459812785,20.97462934883889,0.8648823731214751,Chickpea
39.93860573835728,31.699752200154578,33.60931745581062,6.55704077806694,0.8462866661408722,28.671918725490904,21.51420222507584,0.8471542147209392,Chickpea
47.03570046020159,56.334830930669874,19.915783243361965,6.464279990214891,1.3855630372466237,43.07618975887635,20.56111992761753,0.7048056265467842,Chickpea
34.43139852905081,31.46377409725206,28.049038058388568,6.768682673538695,0.6568280249079227,30.31891207560468,26.396828554951547,0.6622520437650399,Chickpea
37.78120008266731,46.697753995026055,40.30513548760775,6.666360825556371,1.0493962496077365,38.54849754885389,16.782089065688336,0.6838744001155557,Chickpea
33.278516793282094,43.472841812685644,39.58367122000776,6.977723052970181,0.9033306165627972,37.711322864620506,20.21409426914044,0.37731894938315386,Chickpea
42.77892628938173,48.41847866574534,26.137148509958834,6.87856303795106,0.9295876962160448,44.36997652180049,21.275753607934718,0.748240271022455,Chickpea
44.46772317500743,42.85421985864119,38.70802897635547,6.62608830562293,1.0220593415242607,22.12231108594662,22.04184293537581,0.702656344277201,Chickpea
44.65387330726293,39.53618940726091,35.809852209346666,6.816976425124758,0.8867767120100912,26.619504394816154,21.590537720210882,0.4231158807891464,Chickpea
28.321579428826364,34.06088995002561,42.453974597170635,6.91203661770253,0.8912077293797473,46.78551516998847,19.210145827095495,0.791437852211899,Chickpea
35.66022347176475,44.39635811731974,46.75963248871007,7.382926221752571,0.7137066674273171,41.669756732159065,20.797792281617028,0.7496668633675663,Chickpea
37.47177729033488,42.668454059771896,5.0,7.2297466108875765,0.6610534824655202,33.067542840395134,19.449267749954778,0.5824294910119933,Chickpea
37.40240141995622,44.68981295204541,28.551176190534157,6.841804564662379,0.7933906614083271,42.42270857030482,16.649043030795667,0.5791916018662325,Chickpea
42.25297610837405,40.52179939586244,26.869379637094248,6.634718536517589,0.7798042566621235,34.22256851146366,19.475103909744167,0.5457152277327025,Chickpea
42.73158927253532,54.28353833580374,17.80614182251942,6.365008627121412,1.0005713949549975,47.558370725005915,14.677052570738159,0.822315475191825,Chickpea
51.37879886448779,38.96311413917032,49.2170104420389,6.750161601353598,0.862927418114624,29.24613348362329,22.502571315053473,0.82516781764232,Chickpea
52.247093557298236,55.084251583771575,34.91764960204488,7.670346012250931,1.0701585296947402,39.32412828036526,17.507114005865972,0.4704950906158547,Chickpea
20.549721429233394,38.46434159152818,47.395723903012055,6.9363848957345065,0.6773253633263084,33.91304791282634,19.355633992680286,0.8200076005785494,Chickpea
26.2120223756417,47.4478047028137,37.7007719835203,6.562316957157185,1.11760120584207,32.635430347814975,17.51812468860941,0.8279319969280289,Chickpea
35.54495577154643,47.858998188613384,24.33788179827614,7.027476550459752,1.234485672904911,24.897330161724295,20.885522014973823,0.5822035456974981,Chickpea
61.89606059597463,53.67742734705175,37.53896608726973,6.456197106756562,0.6027887850447484,40.97019604545431,16.593769505706273,0.5003329232886897,Chickpea
35.08831265167878,45.93391668680502,38.42028266474864,6.676932916611208,0.9840293092262171,28.105482296188587,21.5666108838911,0.7321181018002187,Chickpea
41.006490856285325,53.27398636347877,30.902008894056067,6.61489829109056,0.46232124876968334,18.84798323261731,19.560064604826305,0.6838715678695579,Chickpea
24.139168760561734,38.902302100920906,48.71108471566336,7.045235138484787,0.5476786250556753,31.46121559104876,21.015006729141007,0.6060323463459187,Chickpea
26.913046845945676,42.63227951352228,44.815947967992265,7.130792364705247,0.652910636441546,38.68440875707449,19.983970617805625,0.5487646761270923,Chickpea
32.02925486749957,36.150360684016526,45.467497134377865,7.234692171943484,0.717885383685182,29.807365499645496,22.636486094121437,0.8824223411470027,Chickpea
23.85588598107485,43.963687318731445,34.46955450915889,6.584182643376622,0.8771963388174897,29.40043731932839,18.649348136609063,0.6847985905247438,Chickpea
20.10937717774641,30.6048271101635,43.264451299744934,6.592709535048683,1.226972816605008,50.77470340066928,18.73380344570236,1.050857949337394,Chickpea
44.37574529387577,40.48280337939846,11.76344234168953,6.992683438528092,0.8062591749762291,38.45089268594959,19.427909558738875,0.5284214604101702,Chickpea
30.729733355788262,49.946461001615276,31.8106216936321,6.6990829999440695,0.4961225823884708,35.7296038542262,17.220170146281177,0.8377789299547168,Chickpea
27.658990997698183,42.9300713665297,54.475852091699345,6.714159217643835,0.7118850367733849,39.68497588719145,15.536845494435868,0.8876213982667788,Chickpea
44.93940043455595,48.67116221412308,5.0,6.727364724426782,0.5454267547989334,43.99285427167632,22.63140271814003,0.758201483474616,Chickpea
22.96888802859987,55.46005947367451,32.63964974882461,7.305503898732159,0.8530774133725297,39.054464151333185,18.849239038593673,0.9110433366672712,Chickpea
41.084338842936084,55.10024184760235,36.59787078692336,6.786829175408376,0.9190260325797622,46.54032407272966,22.54183576809793,0.7207335710731408,Chickpea
16.427814923721,50.67270227559926,22.051656822914076,6.809801611722655,0.776846762525885,23.657852135475096,20.931257724684585,1.0231476610310914,Chickpea
31.873944688200805,50.36115763689191,56.20120854867898,7.0415317013224845,0.6710313384684543,36.89611836898199,21.201950457773286,0.9150719699910942,Chickpea
47.14050340638086,25.610814670608026,27.29415903023441,6.780392517668192,0.596942587492461,5.399267527274866,18.185953780623308,0.6994584088768507,Chickpea
29.747153171885607,38.021397214465615,35.37318162306346,6.896064689070596,0.7062805772069056,45.973950579789374,20.14428603969869,0.5692729495547679,Chickpea
23.75462677650166,43.50921137718937,45.02078588183709,6.5693671614399225,0.9191758967993403,35.7564552801145,24.983082423761694,0.7585377195490853,Chickpea
28.017737605741406,50.154586701352805,41.93019791806373,6.688836916557172,0.5672008591339981,39.288281529812565,20.158787941912504,0.47251748623936696,Chickpea
42.54520998990613,25.541049713851557,26.359581623237673,6.7014074238512755,1.0565837468413728,44.664492000704456,27.36688025501842,0.7403849335138184,Pigeonpea
45.957972033550995,30.69051207034601,30.05454256406978,6.546459468321318,0.6785638148884592,46.210872613090636,27.691726827801112,0.5380183655009761,Pigeonpea
40.533911154162,27.181750000730908,38.60409514629385,6.649908010693376,1.0811383245612556,34.848747705010915,25.540392011503183,0.7336387309199984,Pigeonpea
29.722298250389798,30.75987588488369,49.560851396081574,7.212353475934598,0.5704370064561115,22.85119010089017,25.155336450103803,0.8663781363602551,Pigeonpea
43.59596454283688,34.76207253255863,27.7577588118413,6.639843504404402,0.3607775388414196,33.86009560603233,19.58945139789182,0.8998992552760716,Pigeonpea
55.54821467908935,30.98450444443236,26.386842030898627,6.905199543095689,1.1718265116921884,38.80588399749542,27.9624599762273,0.627225203245567,Pigeonpea
31.287899521666162,29.503965935861455,22.659651805533432,7.4339447971679045,0.8279300092960986,41.93418363493606,23.846228679009485,0.4685370445212568,Pigeonpea
54.258148306808756,22.131298031063576,43.13954887212318,6.924063747169447,0.8147902607357768,28.723326110542413,24.625919407434424,0.5574923760936429,Pigeonpea
48.09177692558938,34.0008284924875,39.807378102118925,6.640861587925391,1.2214635799564033,24.58348811077331,21.138467257847893,0.6876991029057965,Pigeonpea
37.41952673429093,37.68307718328067,45.81504809452005,6.808267164354971,0.9000675565638947,38.857325985997264,30.258891800454876,0.7380045085743151,Pigeonpea
33.18922867320506,31.389507698797477,16.431885280567826,6.790858688402299,1.0185964942211978,39.81747295096337,25.746390109114188,0.7973858733355741,Pigeonpea
51.03256544877716,39.976633851087314,44.027103102605125,6.711488798336446,0.33729560188804486,42.82538741606183,26.288006284009757,0.72289892312737,Pigeonpea
33.119485048057626,36.75606402338389,37.684872167546814,6.790361808907124,0.7888022821663514,38.59881374532399,22.128419972424677,0.7843827792861019,Pigeonpea
32.791116431919725,25.19937405170591,47.96716042801974,6.5213920308932405,0.9766884802020932,35.81093379767124,20.87930812782482,0.9046713777469749,Pigeonpea
43.10253727263494,32.75888106122909,49.06518079526283,7.219781808477164,0.8402053792432255,39.938298579968546,25.927964826543565,0.648569843994748,Pigeonpea
24.165636971048556,31.50445441372946,52.410440475801,6.963333229740144,0.5865153618047116,43.78017204515925,24.22632537035915,0.38619611912574925,Pigeonpea
50.17903815182521,23.382335631348212,56.02655535806119,7.121376552167277,0.754440145267368,38.674878766035704,31.059796414137757,0.8500010556755477,Pigeonpea
42.382000247845895,50.22407795944389,41.05822909860839,6.962908149286074,0.6127573621881481,21.602249075240884,24.280494270129115,0.7057612126552777,Pigeonpea
43.292635844098584,20.06160267258027,45.94606889906153,6.56749205326777,0.921746871878883,42.4794118627492,24.01122727486843,0.55542716015986,Pigeonpea
55.43649317383628,36.11038466009437,41.36778700462666,7.211159773830358,0.8166523447951028,30.035942318442792,22.495744839068102,0.6838301296969536,Pigeonpea
47.71720477981593,39.728314505754724,40.21159194431027,7.139674979821989,0.7571461136995938,28.747215850753165,21.73421691549903,0.62406400564872,Pigeonpea
27.31342572550345,44.066581418331396,43.95366783678411,6.773227842233992,1.1444003524691149,24.58186104822796,24.657142910260642,0.9999510688152791,Pigeonpea
38.55959493275333,47.12769644883169,47.07044355497385,7.165659254417025,1.0669789646909742,35.012819681984304,23.77947083851106,0.682683952017938,Pigeonpea
30.13067496686373,29.53825981739144,39.96034555679535,7.272985798689377,0.9186551421454956,53.90094046229498,19.60113975589013,0.5174434449955085,Pigeonpea
36.44654672334634,40.44746124809944,39.01380519744988,6.38900848601765,0.7509751127702075,25.419213937960688,21.515935579625488,0.9998241726480849,Pigeonpea
36.48391133319348,31.212070039617593,39.16339287548722,6.7295812251096345,0.6318677935424732,32.51492316662682,25.843088696310367,0.912795296809593,Pigeonpea
49.47435636554074,21.466531717814416,48.896791764129446,6.933122643227663,0.6750557998773009,36.45677676949255,26.43071795912475,0.7070579421734313,Pigeonpea
44.80243334156721,23.959342881533395,57.93548839821862,6.259800275886096,0.9155702446656284,37.93410770408258,26.607358483629287,0.5937444472527607,Pigeonpea
51.69197028333056,29.244135228251814,29.32406554837059,6.493453091282732,0.8249410137675176,22.22782781230807,29.501264958606054,0.8573381920813954,Pigeonpea
58.26844320850998,42.049964423762304,36.83284181678567,6.55658775045795,0.2644454635671629,31.750127000856278,29.41413213958988,0.5758224013754193,Pigeonpea
37.90079005136244,26.11800825641982,43.37495638246944,7.160103711580007,0.4921578764970967,24.217792146955258,28.716550098185888,0.8099600311677714,Pigeonpea
37.40619438651541,41.94957933348487,27.714740022490858,7.060739777533489,0.7863523782272002,39.852350688103144,19.03211971968682,0.6608944960158476,Pigeonpea
47.36796716036372,29.556688471236196,51.29767995520766,7.14210540199942,0.6082872749558816,41.59194121066945,22.5183433569294,0.7081023161732134,Pigeonpea
46.561282493076206,24.153019481175928,47.082335670079445,6.658500391077467,0.6838604945175304,40.65320786831772,22.910067640791453,0.5669746795955357,Pigeonpea
50.41156040030082,30.759900063474536,26.912924542270346,7.039579585948699,0.7186797535513111,23.775893283508278,18.7317124720959,0.8355121445548612,Pigeonpea
31.40081933888429,21.29308660091049,45.75462547347392,7.025621646966479,0.6425794002810742,42.30112527684783,30.13723230278282,0.9019994906456645,Pigeonpea
51.91057095196956,32.19890385492771,36.0065361502397,6.784351905188908,0.8881483207325525,24.939904330760797,23.07654523098385,0.4858374785526123,Pigeonpea
42.351866222914126,30.58137745676876,34.12562201078248,7.029739777506327,0.5910799268143383,29.48132207858208,26.951316212281263,0.8393223670189206,Pigeonpea
32.04273797291157,31.624298233202683,32.990734832988714,6.744744930598355,0.8287674788303128,39.482929590527476,25.793897533732775,0.7409743510810364,Pigeonpea
29.215016628929945,32.717936475152484,44.95958816076669,6.9929016684243965,0.6560959641058226,42.32468493266886,21.706912845557937,0.6353772768933926,Pigeonpea
37.24480917705836,21.163136562476907,37.38360089645676,6.8620146560165445,0.4348455636333329,31.842492929833234,20.62899766934169,1.0062308176475416,Pigeonpea
42.12491216933984,30.880804986817054,42.088660704932266,6.969265776568233,0.9956309699669057,22.491568569482695,28.275443993566892,0.8868737941025882,Pigeonpea
39.33653389142458,29.168899165217603,12.075152830383345,6.451682474583555,0.9037698552526314,44.60493973047913,26.822092305291992,0.6886427401332565,Pigeonpea
59.25872700568445,37.03622889456997,36.45556223129585,7.410990982546956,0.58076655305868,23.22527823570035,23.947236532190193,0.5862039732969122,Pigeonpea
36.35068385513101,35.58663487480781,39.694183855557895,6.79767690506646,0.8117629632417809,16.501396056201706,21.21184873020483,0.6422033101855867,Pigeonpea
31.570711986522625,28.377487589977175,52.63715541647281,6.779154140729904,0.535566356455403,28.65520170188261,29.276439772480636,0.9298740957188523,Pigeonpea
45.958774356488824,19.06261850513269,42.76124441593735,6.9074351877621964,0.8051080416780481,30.439911555125125,24.09342239032564,0.6040427639219391,Pigeonpea
28.54926041640976,39.56191484827771,47.94082415526726,6.7202197560766725,0.8704356616735539,38.11760712312428,30.857208895190155,0.8308853021373557,Pigeonpea
48.347696187281045,30.26586709148534,36.09018437430842,7.187158870745252,0.9304544235132369,28.363664367564805,26.134666385849595,0.8256079132631218,Pigeonpea
19.041690437071384,23.54329245190733,43.264883434359156,6.261150834927948,0.44677376682294123,32.83630607684591,26.228860647737356,0.7806675560351677,Pigeonpea
55.82399552691461,30.575847215226492,36.64612431885531,6.43393931587653,0.7230744767145929,40.66023446397382,26.881805508717797,0.7396928510092738,Pigeonpea
45.471149352947165,38.93468491352214,40.677446588079626,7.182849274570065,0.6546706321401308,34.413671643676075,23.79791692534895,0.8189057697608512,Pigeonpea
29.85515553408551,27.747641671475563,23.262911582596118,6.966425303959561,1.0493580551450967,42.285663610400775,27.031569033674444,0.8259100593969922,Pigeonpea
46.99693828436505,34.300769357542556,46.110221118657634,6.616409003625884,0.7599613112960307,35.561946085668104,24.160737153251215,0.465053554594774,Pigeonpea
27.649910131060622,31.609832805164316,48.15198317849726,6.802615734564718,1.352964372370839,27.64190055875784,26.112355355164244,0.8936803915974162,Pigeonpea
50.65677121165579,34.58546803242233,49.63228576457899,6.815510417344155,1.13257634896411,45.265272850834094,22.869430998223635,0.748235190645158,Pigeonpea
24.527033704731476,40.65252281264996,42.01808296928561,7.177656396338763,0.7781284990464341,20.149860009877514,31.59341885267498,0.7196632820780859,Pigeonpea
29.997913765982002,38.02033601873622,58.32271553119866,6.743317311152036,0.7801515178546057,36.90436987769263,22.222573421119748,0.5963998825627945,Pigeonpea
57.819258643650215,29.074554934703396,32.46198719777311,6.673428269018283,1.014564737466027,19.192824919000486,25.636624743384623,1.0693328117563692,Pigeonpea
60.310626272890296,34.01241946573071,51.847983490395826,7.165911359742957,0.7748295993021803,42.398350426914455,29.47145754696839,0.5104356635313803,Pigeonpea
45.76650877481597,32.530328136619865,40.9284803647679,6.804097325586306,0.8463339945060858,37.52457758279588,27.796538232157946,0.771477199484077,Pigeonpea
38.22123405323628,24.120549797562795,35.74801733955666,6.873126508806128,0.6587858524235346,42.567016709716974,26.07513785168214,0.8715291130085515,Pigeonpea
33.611807790329735,24.182526347462257,50.22451503640899,6.836387107866915,0.759496574219622,40.589283965219174,26.653623096614318,0.5116354394900061,Pigeonpea
53.84645123086089,27.127151396092383,55.300162429677144,6.426606388202174,0.8634797764960623,33.51503039249219,20.06191330891454,0.7987311967077494,Pigeonpea
20.76062973254994,27.95833197323082,49.93847929944569,6.6515899263573885,0.6192531696968961,41.40285176449608,24.3762048736765,0.6392410457965266,Pigeonpea
52.74992477169323,21.82904885391796,35.8635347007662,7.042605163099536,0.5536105288980965,49.202777277889545,24.45788128733307,0.8311791072118547,Pigeonpea
48.72435178022542,28.933984532263008,35.688890993380966,6.787969922652825,0.942536849498075,27.10860124831314,21.991853528172243,0.9226304082630434,Pigeonpea
32.651449295671036,32.47858717419882,38.180162119908076,6.755797628857445,1.086077944277529,34.31864649793981,24.107934679455305,0.659542654558766,Pigeonpea
34.96541580922494,25.30936515162469,35.50497823375708,7.2656988316088125,0.9422977654120852,32.238427609122624,27.454139086547055,0.4619209297918944,Pigeonpea
53.756783517156705,39.06609038878845,60.12700612621277,7.083234402942024,0.8874469087730344,45.32912307894519,23.43547642156601,0.6406875262446775,Pigeonpea
39.35755181546561,39.58217071630275,32.2970948249599,6.530622724680495,0.8473076156414034,40.740243976606926,23.24229856014981,0.80056269291579,Pigeonpea
53.68399342050404,38.40323185438467,43.179634916754175,6.774632630311086,1.1471247271294829,35.12323195593161,27.350886549038012,0.9937422218778365,Pigeonpea
48.35268079629934,23.02036136965091,28.848794968225413,6.716663762382332,0.9418998246916451,38.558286934752104,30.517705163659183,0.765258443164211,Pigeonpea
36.72558783249366,22.066605278230767,50.6239364010761,6.79830285582169,0.4987720463534537,35.17808482332216,22.510654722182483,0.6361543734475277,Pigeonpea
40.06191976442666,23.663753661655065,35.611382479392795,6.59164644644827,0.656542160735953,26.93583586294752,23.793088588492193,0.5657952337339069,Pigeonpea
45.86584115975845,31.405600374712034,50.75243702491709,7.328276949322529,0.9354650027843538,38.596696197066464,26.850843180737233,0.7699883225503238,Pigeonpea
40.50199345426592,29.79471935556821,30.804970323441715,7.034897475205355,0.793741038028334,46.59615179432514,27.28783975896329,0.6061072566586033,Pigeonpea
52.46691046898755,12.074806304474965,57.37203170462031,6.425235322230094,0.899022435834174,38.41932932918022,27.809292154604375,0.6506954789043382,Pigeonpea
18.544815281379442,27.708984620336107,38.02753927750308,6.226226235347155,0.8090743217921477,26.393188090683637,26.622712757733634,0.6630880396260228,Pigeonpea
59.610948855197336,28.206749402116625,43.87352139707076,6.740339978191339,0.4753463623079184,33.362295958900035,26.883533602928697,0.7902984708497443,Pigeonpea
37.067322621721324,19.802707181588246,45.80012728959957,6.917456243929776,0.9686821707705199,32.80710243812302,20.789063017976105,0.7800640274615043,Pigeonpea
39.90857234926516,39.74178641380079,40.25859729201776,6.78726927102694,0.8834508943731961,30.22455144959095,23.387160697191078,0.6853157100493087,Pigeonpea
30.795936917300278,28.39633174173824,57.4560522170383,7.091937443483383,0.86160758827993,47.41341808763934,22.937759754983386,1.0735659804819992,Pigeonpea
35.39497482440272,44.026641268564255,57.99462743001684,6.309095654096782,1.093418428628363,32.72872687637859,23.580078856704823,0.7786957180247479,Pigeonpea
29.920846752452416,33.51397961541395,31.532849659321904,6.849582198193309,1.0670725158180296,38.09214348345962,24.100521031797133,0.781211666625688,Pigeonpea
25.935197579951,24.12797451062776,36.12756945543686,7.020318068913075,0.8811597507642859,39.281331636010734,24.931543627723915,0.5817850530996153,Pigeonpea
54.88116936569336,25.11544581872638,43.771350547352384,6.76861069711695,0.9125986334069311,30.15610411826451,27.631692902217623,0.9067416873753905,Pigeonpea
49.91323082496371,31.103377281815536,36.083872785066845,7.590191299480677,0.6016750910476063,42.049836413761064,25.83196222019156,0.6906193836731918,Pigeonpea
41.85162939734015,26.428492876470884,43.84349988920723,6.888710856068819,1.3355306445850346,43.56657772067009,26.28970693031602,0.7863338399964439,Pigeonpea
58.39537655495745,23.207014046818095,38.355405306144064,6.266001128249956,0.9117547684323803,41.7853900043544,22.510999869412913,0.9152620027001055,Pigeonpea
32.81120007375214,27.602723236884056,41.07609324058029,7.246374981572748,0.6283604363838203,37.32997700292546,26.93709438698106,0.7852705245519228,Pigeonpea
46.05401033066703,35.33050155521759,35.007495478553906,7.27257834031249,0.7777701203655146,33.04921437614076,28.369063753284387,0.6054149699684545,Pigeonpea
43.20278190699021,24.94015763203334,62.673122339005154,7.4464232646835,0.7779518037126909,39.15885738800426,25.012999512618453,0.6477100767387401,Pigeonpea
41.19631499105866,29.715789953442783,26.31399333311232,6.873646530038365,0.7915414254974712,37.497603653068296,24.806205555588797,0.6459490954782181,Pigeonpea
48.74910060275698,33.731940825958844,52.56442569942119,6.938524334052253,0.7604786896369733,39.93414820947549,20.048467101902574,1.0155519833096178,Pigeonpea
42.74380143777567,45.291191258880275,32.17589446287431,6.487059292868062,0.873166658532863,37.90027794213327,25.84561193609236,0.7278739304875721,Pigeonpea
33.71882839073611,19.60250944145035,42.548355009856174,6.440874239916453,0.5245987404522546,31.954945612254104,26.07664746332096,0.9981638855884438,Pigeonpea
49.79259303253794,40.032523109903565,45.882955187887646,6.902719041304245,1.3011580629712185,24.41715508886086,23.966924209014387,0.6497230345626382,Pigeonpea
48.93557021358322,23.148562696197388,46.870866468189405,6.962301952895433,0.9626694869893594,41.36178437476078,28.84579909158149,0.6926185805593936,Pigeonpea
45.30157909491561,24.844155001059644,31.316844907591893,7.294152059689009,0.6375762425285849,40.13049661562311,26.327606998768708,0.8762471341505907,Pigeonpea
23.41799351400922,36.23844894782327,39.47771194226323,6.632025446830527,0.7498364976479219,43.29416629632803,26.828101293312685,0.6808114812991748,Pigeonpea
28.6089253593072,22.52018782161852,46.77727143932196,6.44223212081677,0.7763691023511383,56.44857701903922,26.14890209592524,0.8113373805992506,Pigeonpea
29.389647281336714,21.40888840679289,47.16239833334246,6.72094144310944,1.0347242963127348,36.14506590099615,33.890906963875324,0.6291520277029977,Pigeonpea
43.891315291894294,24.440980361887714,50.18872009587187,6.9513434702848,0.6277620293171345,33.261720847092576,28.679586933751317,0.9027563658058682,Pigeonpea
26.85604360734354,27.43821249387456,57.29257080667271,6.781190215805477,0.8566845029098518,44.01545533328061,21.919595734253946,0.5740453753855903,Pigeonpea
37.763009167833594,39.13236533898675,50.07788813427068,7.029534582812387,0.7921680102658463,44.83655790143755,24.868386922904225,0.8016952018558611,Pigeonpea
50.12038975394606,42.577740472574526,40.39307873876356,6.726469138135003,1.0790150725576733,46.7748206294601,23.89156376902421,0.5492449402203602,Pigeonpea
53.19034466166112,19.20790838483238,25.66478714312513,6.752877367853561,0.820487943145831,26.520382669782407,25.554660845942948,0.739970513295472,Pigeonpea
35.196121059457205,44.234249254175,43.86785089006574,7.1159769302261,0.5087574022661354,23.281265500395634,26.150156526622315,0.9782286534130409,Pigeonpea
29.900642210276185,31.003636525508973,28.88413379773314,6.598785672219897,0.838622263761642,31.059110293097905,21.73619024207581,0.5008123464078121,Pigeonpea
21.139919005357605,33.33608662250213,45.378229228880244,6.965914962233268,0.6181648404269516,43.04761032459346,26.766946668777145,0.7010941609967497,Pigeonpea
38.43171256740751,25.45619171674821,41.72945650535852,7.252829385489039,1.0275713231233028,32.95031661096738,26.346553654435898,0.5347854925717362,Pigeonpea
47.300671774052006,24.18400000134246,46.212300051499064,7.631340213332832,0.6859975135345742,58.382426473904246,26.226588719457446,0.5875561550107075,Pigeonpea
32.04543833265585,46.55468925493874,44.436898162327886,6.641477200273565,0.7593078777914193,38.44620622167162,24.978198311967418,0.7518848719411254,Pigeonpea
57.736108966542766,22.104205348061267,45.8016729498752,6.779588670689003,0.700190930788257,43.57739334231954,21.346435913288225,0.34503499627775996,Pigeonpea
42.2453301476215,29.032741820889726,27.82437474568038,6.321045301068191,1.1861266755337612,38.70411878367744,25.04911430767945,1.029286736343916,Pigeonpea
50.220624930655674,42.38493739378144,29.38041464695131,6.459130074765088,0.9234150470232033,38.31599374476631,28.12415508914969,0.455381668703101,Pigeonpea
47.035974159716446,36.924880433942064,48.42554860130248,6.686125573261894,0.9037230343192153,28.79474326427718,24.267634795382172,0.5435595491053099,Pigeonpea
32.41334270661248,28.31326370134616,35.581569271259156,6.587538395944421,0.5400805895643559,50.68876630767209,23.748592641939354,0.7494948360296844,Pigeonpea
22.41028043755648,39.503543930365915,41.504445854381615,6.675715127980964,0.7129717858672104,41.95527886212844,17.61726142813803,0.5763709991936385,Pigeonpea
38.809161623988075,29.08572243138114,62.54780767310574,6.705473828274523,0.9980453984123309,49.49325749228761,26.676535214471073,0.5989275893077992,Pigeonpea
27.15512414013054,35.217941978999434,54.80522701290805,6.952869666748153,1.0466896307872302,55.73557638190469,27.093435710976546,0.5349050701309123,Pigeonpea
40.510607655044545,39.591506354648054,37.760981881467885,7.221597566547628,0.7866126204023217,37.67477936757468,24.123147399140375,0.7239304510481612,Pigeonpea
42.124474277695406,18.740206515082978,36.025660366770325,6.454701735681036,0.7185782785223283,28.638689842678403,27.52955294058894,0.8535099905628266,Pigeonpea
45.60294154333477,21.126455381496157,39.116787005078116,6.422786152701565,0.7705413228097807,40.17936933783417,27.480260807287763,0.7709267169788565,Pigeonpea
52.58471564014041,31.81829470856221,37.897957551907325,7.044624942715835,0.9812952200353349,30.80662641341029,25.947455646425173,0.6558529938495058,Pigeonpea
19.914051977995953,33.08074544479324,28.34930036388536,6.891902778613453,0.4929387395677587,29.24266338383407,23.916002995660794,0.8802587155467019,Pigeonpea
34.664849400140724,22.47520332473905,43.279105737942345,6.73924739515452,0.9581121121298679,26.90496040668372,25.527134705349447,1.070435019509078,Pigeonpea
37.60721040965657,31.307112867904397,25.050637677661406,6.561165799362197,0.891944140408554,32.36081805998224,26.536082401501947,0.7637408028694889,Pigeonpea
26.819705641222395,37.10714397837372,28.8158355091984,6.58582186637392,0.8458969831068426,47.536184064052634,22.490309119681275,0.7221526680129328,Pigeonpea
41.56020468830341,34.601519844407065,50.6562749471118,6.686858926079457,1.00236984825259,45.642573750611035,29.459897947178934,0.775288494958243,Pigeonpea
41.57436910352634,26.677908684695915,26.869119410653532,6.72217301085562,0.8224675472453017,34.12406158053675,26.49429498203707,0.481874008839021,Pigeonpea
38.180257297101946,43.96338656391217,48.960388835520014,6.9725332361795616,0.8781364750044981,32.076545140810666,20.61482437060822,0.7685692885617998,Pigeonpea
15.515716837103316,27.721108961710563,39.96706729447902,6.674786678086036,1.2342766120270463,49.59474228080049,27.58202933419191,0.5612009850891434,Pigeonpea
59.214153269654545,34.332783971765906,31.5221830622229,6.809160735162948,0.9917149707076266,30.20896927486153,25.35133138668198,0.7474714565770239,Pigeonpea
28.991457984600007,28.109350065694688,30.7708368246113,7.043227044397881,0.618388914884557,37.334429633051116,21.524610454016006,0.5299844675288035,Pigeonpea
28.181187908293182,27.972973922839437,41.62343457973415,6.902131482653656,0.44555297365794116,33.65088492776266,23.123569725724746,0.7801267739155386,Pigeonpea
37.32363668920738,29.434182960670594,33.29545955347246,7.28290135868534,0.5432841153533596,31.802128076888835,25.26899613318242,0.6622959306677154,Pigeonpea
32.36064017293128,17.31821524512015,33.77641944197418,6.531372244379664,1.1358449185426072,53.117567428784426,24.87302080501099,0.48928651895513153,Pigeonpea
47.380441057123726,23.13246456077471,35.057460517648,6.623922122868679,0.6998988679592082,32.162237988074,21.71624512667684,0.5946979507510359,Pigeonpea
50.19944247863435,29.76510141738091,41.12782457339894,6.174970523501637,0.9895567317047687,29.51584087869505,27.809921385919235,0.7231412206296545,Pigeonpea
34.37946570954675,18.255472831141738,59.57361361685268,7.024909236453268,0.9726148799378009,49.550621643621,25.560217530572153,0.9028600077072628,Pigeonpea
35.21424742253171,35.16304972983245,34.329129633177644,6.658919537264392,0.8194001150908553,24.86080872032221,25.8235605559367,0.6532062685188595,Pigeonpea
20.124393672123194,26.796366799687537,36.894507671619465,7.038794210154708,0.8570395904987556,46.57977893618518,26.300273989062067,0.616905839464857,Pigeonpea
39.4164063952347,27.5636637416192,44.391755705018525,6.816750201289704,0.6742880732082156,35.06880376850012,26.152951663886896,0.5490367692547331,Pigeonpea
43.17008761644705,18.949218326937228,49.950142088274475,6.947610627016153,1.1258566071243599,26.067228481796594,27.833629322041148,0.8403670095352195,Pigeonpea
38.1776795279211,27.363496528615652,30.233685491589675,6.423173284637702,0.6497531361053941,24.95379486077635,28.989306208976544,0.47469221150965873,Pigeonpea
41.48895478106095,33.04993588819573,43.21749308753157,6.924680810911714,0.989280063489935,31.432622700506638,25.21887661422553,0.6559657730551405,Pigeonpea
53.02525591250181,44.69906146432413,29.25459615854762,6.2312917640707886,0.9138263138038043,43.56298307388567,29.89244328312114,0.8106835526824984,Pigeonpea
53.95780958687207,41.62042513013417,53.1829999446778,7.046724942845682,0.5435580874112955,34.93310515329315,25.75009654764792,0.6850285550209568,Pigeonpea
39.61894042151189,40.97059644581533,33.18851484680473,7.023734661602663,0.8632883249758462,28.139740886093367,22.30849625436605,0.4448027389779753,Pigeonpea
44.85577029948773,29.55728630619273,32.56800313020903,6.274690565157904,0.8865421803697783,33.61018165119747,23.2157663203733,0.5553940113023758,Pigeonpea
37.61424836576734,33.28997540017481,37.03015314020786,6.467212628356987,0.7883750089929025,43.364379738020936,25.100668978110527,0.7102635313441432,Pigeonpea
36.74331043221826,23.77235332604777,31.693923252816557,6.334680861309463,1.0362451672774304,38.699633408382795,25.206217098132242,0.7443374150166083,Pigeonpea
43.395293962248914,24.858175968215544,37.07263903636027,6.667221570332868,1.302284803375001,43.16161633164868,25.41970571206348,0.9048976412694527,Pigeonpea
52.39688244508417,20.336329847044976,37.99432047032538,6.7954291688935955,0.9223055897964134,33.208058037660535,24.75367221228031,0.630797675906299,Pigeonpea
50.489351625851086,19.896616900903613,36.15380705589395,6.283770721569091,0.5940721113703491,37.53741973097522,25.84038572490162,0.6530212461939017,Pigeonpea
51.239851461377775,39.478300211095025,39.37695398248024,6.870121199790379,0.7094911115553202,40.01510177161221,22.01484879993838,0.9693752214068911,Pigeonpea
51.39985262728226,21.607515522412278,32.89883372049386,6.917949653932551,0.7323497792632758,39.356796389773194,24.101509132459736,0.9287217637180087,Pigeonpea
40.083069927013035,46.94388591706122,45.42407767401547,6.422166785290522,1.2172993166946495,43.78943163896413,25.95036906270245,0.7969950184297642,Pigeonpea
28.109532353828122,17.36936722764615,39.624252632487796,7.186055694961767,0.8791417686537213,48.673371979273156,28.303051957980475,0.7030913060178179,Pigeonpea
51.83756921327225,40.65816770098311,39.278362260254106,6.740142843047449,0.8280900974666484,15.704737378197475,25.70107975393961,0.808065697462722,Pigeonpea
41.445110914155016,32.41272094252962,39.60871261960447,6.240833870812794,1.132518952180673,32.057369220786256,23.455574681174568,0.903697416767774,Pigeonpea
49.78700468461214,31.91146099183044,46.92432750789635,6.476603266006665,0.7838211251960904,45.358272875657995,23.307145452174577,0.5502500042509373,Pigeonpea
40.7860395283669,30.714399077684558,45.828148898560165,6.4141173175729,0.29012464591987397,42.369855419510955,22.292545066988126,0.6085014458228217,Pigeonpea
18.16764518046044,37.160388774178905,43.15304401665278,6.8868544723342655,0.8606910168379073,18.518702767748117,22.537085028980236,0.6322409334330706,Pigeonpea
32.512572288636655,28.099419152476564,42.215797324109154,7.0818027285514535,0.50395919459186,34.92931690561218,26.778859197309444,0.561387524504227,Pigeonpea
38.071672262321215,33.26586480841144,40.100879735315644,6.988775372958497,0.8189396294099194,32.505099682686044,22.068225612840312,0.7370752834620495,Pigeonpea
40.999727774923706,23.0501758053608,45.23850242360737,7.155018581775206,0.667981386407198,29.178942845776326,23.089628607696703,0.44820076717191104,Pigeonpea
60.04481686875095,26.857802336389618,32.27391240327186,6.484502986842984,0.7224065067212039,29.438325066693466,28.595182966901383,0.5126893275904292,Pigeonpea
24.614657687116626,33.862488576011884,39.03514153321622,6.7375754458418475,0.9119272492608929,36.09369309835627,24.882956032849286,0.4891530847114539,Pigeonpea
23.319048503281707,25.097001330966165,30.240715531909633,6.875377623586492,0.44025701785804744,31.422719256518132,24.56731285417056,0.6940517080702571,Pigeonpea
43.98964262709541,27.714218645563296,33.99257196435605,7.148454442125941,0.7359934622908332,46.353042940434406,24.18718187638913,0.6975595505095303,Pigeonpea
38.61252652498272,31.618530260426276,36.22136624593643,6.82691779264881,1.1061628053191255,43.39081431779649,27.639345859048834,0.4987104142258749,Pigeonpea
28.198800582988873,31.524256459298925,46.93664132910342,6.654642045316393,0.6604830272487594,46.150744021383716,26.7146916668841,0.8586980021094259,Pigeonpea
35.58549941566775,26.35985588878909,48.54001544196842,6.726436759128348,0.6778285941215925,27.69442850891828,23.721762150901046,0.8312625327188015,Pigeonpea
24.903351432720473,34.40336727840749,33.626031171284666,6.741115889459656,0.7707508838765288,33.23404102690151,24.28218092521133,0.6333466099238204,Pigeonpea
34.28574826058597,39.23841482875831,40.225443844629346,6.764734477897014,0.6710694555295827,31.73644943095454,23.39707197909658,0.8148016257871751,Pigeonpea
32.46400913529073,14.2762788984625,40.524772337183975,6.721770568280341,0.6828423566385396,42.29244895958157,18.16620099237971,0.9364366097454835,Pigeonpea
50.54677760447491,25.603627157636275,35.942941554852986,6.941228346409552,0.9062431979681996,29.928945139427515,20.958058115339348,1.0170539081803005,Pigeonpea
49.56124049935551,31.09797119806045,41.5819772431604,6.973968767979025,0.9482126572090019,18.309066580096257,24.122820051586682,0.6317755065693511,Pigeonpea
38.385653414980176,35.395557601992685,23.889278222884197,6.422240132042254,0.6636509926928746,36.23476101173249,27.080314033350934,0.9446985129341735,Pigeonpea
37.13645800115651,35.8133663673749,46.39146230439175,6.951667362299636,0.79514381203236,31.80374449247597,22.33650167349347,0.5302610700817416,Pigeonpea
43.47081823498005,29.619042428026603,36.26043359943833,6.986146415363106,0.7599021665822452,27.694566769718172,24.333754827424542,0.823094477081199,Pigeonpea
29.764867478240816,31.464937722762805,39.50116830045504,6.586973230416553,0.7413295625921018,22.42653592977076,25.274100485393333,0.49529005249039604,Pigeonpea
50.7243721722279,29.35619303876068,34.85367709087653,7.124956611855807,0.5936302311550464,29.018536753317292,20.426883344920885,0.8964259456499165,Pigeonpea
58.72865696593197,18.28484215265559,32.658048034450005,6.819547802822254,0.6968611725982695,34.749479950856816,24.70600514572423,0.7611327790267456,Pigeonpea
30.390345060460533,31.348617551709708,29.954853193817222,6.684679783511159,0.4526497344979958,31.76361446838745,23.568156042730063,0.8415369035107992,Pigeonpea
39.407399276803986,30.85752263172672,39.79793174352536,6.203849523566353,0.4006107479656664,32.45057893295356,25.696399970434513,0.6647702210919831,Pigeonpea
31.359410250665498,28.31780816444008,37.05623019360045,7.018120909687064,0.9446039963731612,30.572683778850905,24.875189365376976,0.7414298929288613,Pigeonpea
44.24644395440681,41.568186635533095,39.746671317925454,7.127248545177825,0.5679833844712795,29.898609403594318,19.660438957471595,0.7226959810014603,Pigeonpea
46.47523954858833,12.112304231774974,41.69457730831756,6.969178897224916,0.909447519267688,25.433111039722824,26.93279993273062,0.7013956746078097,Pigeonpea
45.910376189165156,29.118994764070806,43.429336303499156,7.110586024011417,0.7591955891795169,37.27283847117367,28.124421738141976,0.6800154752785362,Pigeonpea
28.746038345821514,34.73230186909196,52.91389849548436,7.1608593835889165,0.9429975532657747,16.24673932726599,23.410418182509222,0.6123099268511796,Pigeonpea
40.44868391828119,41.8178538410847,30.275125297985234,7.427816584807,0.7235344073451516,28.864789492212438,27.11301178077947,0.8386456400236189,Pigeonpea
46.49946911023734,24.613811732357966,44.518253149651656,6.510603831707815,0.6405508272039584,34.24103868716594,22.950091000247244,0.8579122371817949,Pigeonpea
34.218324680904026,28.456806472032305,32.07821546493385,7.090530747198066,0.6667746051300615,44.136088821958026,27.67135896320563,0.6331088573582127,Pigeonpea
40.29667808261015,26.68403716402434,44.9114979573128,6.745548032827908,0.7165038672454471,35.369433305920374,21.044460591185306,0.6886227632792382,Pigeonpea
46.4961197013938,30.966380661828186,48.56490909152379,6.694356535398983,0.7081418575347492,26.061447968190674,23.985637741128187,0.9948838937446554,Pigeonpea
42.75543365186452,25.901246489412458,30.944722557396403,6.352411396785541,0.6339212861185364,41.07354806830913,23.932420566895093,0.5562742377786143,Pigeonpea
31.518162159657592,34.546365599579524,39.26863232156535,6.624382764021169,0.7383223260890858,52.64706500437942,28.04905768551411,0.9202937994504771,Pigeonpea
22.478960543702854,28.942284055141414,34.19689810764205,6.952275254833476,1.01196137569044,37.611409703360316,22.81882489335135,0.6008479993004147,Pigeonpea
46.20570866132854,35.04051221246599,41.268571351936636,6.8363414574290795,0.8100245071537101,37.15277246197784,26.78990243792953,0.7945248560854794,Pigeonpea
40.235854338834166,29.656654078708648,39.214315218372185,6.5815074196240655,0.6413943701336503,39.351650198424885,23.21782778401359,0.8220900801869535,Pigeonpea
39.48657288964373,35.73716680904614,45.732629231993265,7.036020378936182,0.7047268486996257,38.27119560383234,26.844719973870912,0.46730099509008516,Pigeonpea
57.016934475488604,45.861671322798514,48.525594650480315,7.025646613396398,0.9177517194919037,32.412533266506195,24.724574471828706,0.8446607343040793,Pigeonpea
30.267828051335776,22.574981608096124,36.42403730131752,6.983750888970742,0.6268127683451601,33.19667146466114,24.733310989869977,0.5482196142048315,Pigeonpea
15.602320832142805,22.81441222406837,42.347978655850234,6.936120171117692,0.898872596772281,39.8765791587451,23.434012748656386,0.5739086312519219,Pigeonpea
43.75058004850857,28.517749508341414,48.163707602914926,6.9067845980145135,1.0567641125665774,31.275709565395236,27.668835625269615,1.0052013845707477,Pigeonpea
40.53742561607627,33.495146738585376,31.625245401713613,7.050335827247054,1.0258116339048602,31.044374527467113,26.465398927687094,0.7420709108266907,Pigeonpea
43.90785290275851,35.684138185356915,44.67009558099534,6.761083408671604,0.9666592710860276,43.89484871619691,23.614513914950006,0.6997301309430136,Pigeonpea
22.31307194779099,34.08518633271849,51.008058186378435,6.727957336303007,0.8266872315669389,33.23843412044848,24.04025944031034,0.7348256930269893,Pigeonpea
32.15757460972216,28.353061444895975,31.85904164704708,6.964941444037909,0.8478476240535404,31.550096660920605,25.092696864055988,0.6668912116335477,Pigeonpea
51.43895170572634,26.912913792595997,45.715404688886956,6.602541960113678,0.9628476800759801,43.29844480002886,27.711265731486353,0.9206525336708046,Pigeonpea
42.92445000079025,38.66562691164269,54.61761957088382,6.485825338112338,0.6793523716473595,23.034394323863033,27.652860311811928,0.47372015989174854,Pigeonpea
22.20157659519303,22.318251233733875,24.355191905280122,6.8762042483511205,0.5830914709228063,21.47773670396971,24.895316699737073,0.702566804267057,Pigeonpea
21.30216902513901,25.004091785706333,39.32825123224301,6.700089483428432,0.7341033545894525,44.434295829888896,30.366361980808936,0.6530052271027297,Pigeonpea
26.781184674202457,28.357918309703294,41.7486379307757,6.785082007464444,0.922138223644879,52.695274001569715,20.717197857299197,0.6239380499449293,Pigeonpea
55.411431773615064,26.345681078139155,47.10544155016981,6.976652195257344,1.0473759713627606,50.306717953276234,25.832681767751307,0.43812553218701433,Pigeonpea
32.99592823735881,45.3023700661553,27.272219715535236,6.939105839373361,0.2970981551863625,24.190182544883925,27.217343203499784,0.7053941380494633,Pigeonpea
36.23558174611721,24.299507829515612,22.031117143284167,6.994153648143459,0.7433705260684857,22.825078603890766,25.07547284877571,0.7871872023115192,Pigeonpea
37.99326309874627,30.81194878318695,40.343141339386975,6.60209745358411,0.8108519226599665,40.88173545059154,27.586609183313957,0.8186094007884015,Pigeonpea
33.24901968764087,34.45348786098849,44.189197846028904,6.601281538115345,0.7071374524921127,40.437544821180325,28.442270382016105,0.42824921530292515,Pigeonpea
56.400612383692945,38.1491177313572,41.7920665014943,6.73259934545976,0.8780866898438286,29.875477114728238,24.555762450133326,0.47874595728415303,Pigeonpea
22.584770429316393,46.32614644294119,40.56767696567459,6.857032925880662,0.7938534413778252,28.37780784415287,24.232344725591833,0.7136783040952526,Pigeonpea
38.03361722448035,24.734580906138646,44.31539913901641,6.85274211372308,0.8785815543487387,40.64035849615868,24.57369021925433,0.6746668089577782,Pigeonpea
54.824525622520554,23.39189353763616,23.1373142659807,6.955550836576094,0.6741299810251461,26.38119234165241,27.213095042731048,0.6782847424361262,Pigeonpea
27.364359423681574,43.54462283306688,25.503823620423404,6.775730050145892,0.4221446450305621,37.16526587081782,23.397228249473947,0.8228912222994054,Pigeonpea
39.82613613693291,39.45425445304781,36.13257474336468,6.350727580279143,0.8475032106053733,32.97954015632643,20.451850296556362,0.5416929585871434,Pigeonpea
32.628675545235104,40.88768373280513,46.36701219612981,6.702634154418034,0.8941739459744478,18.684320961119635,23.587734722129998,0.7601493068512544,Pigeonpea
41.65376306395468,26.224506978674743,39.655226810821,6.894670381319365,0.7981286679663026,41.88803165538778,25.796755274719107,0.7766860705644518,Pigeonpea
57.135547882300834,35.79254433075546,55.66862601742875,6.611863977458349,0.4815172254308903,33.87775367431274,24.436009095806547,0.9189121228584033,Pigeonpea
28.69955567343161,29.447847276780408,43.646614294385984,6.82802870111562,0.7656940705522608,37.86854762565076,27.69774407727994,0.9303618206833992,Pigeonpea
40.32807207456084,24.289079724838047,53.81080684684028,6.498262634914062,1.1581157686230266,45.753082919349836,28.723496978572175,0.8028086283959628,Pigeonpea
18.87509959862185,22.72615418247119,42.76199398623753,6.610818840405739,0.7369440243324227,39.9024654466074,24.575064287428408,0.517146909351349,Pigeonpea
48.85658713138565,33.60431942607609,37.75903651318393,6.9991545315493084,0.8190094126195178,45.650889539321966,25.378019713893774,0.8985891499871019,Pigeonpea
21.263472186247874,33.2145331624828,36.41924382987245,6.559465723263819,1.0317001158810253,42.11269945501056,19.98380827726882,0.8073243452974698,Pigeonpea
45.941480464059346,24.93849945339639,32.48226447733151,6.354638937112446,0.7324936205526071,33.58009969354747,26.99249195089628,0.7404070546750836,Pigeonpea
29.400918846956678,31.672120274613913,37.71359122536478,6.538248660173955,0.48209855124552453,39.99842668020406,26.11599287369867,0.783515354242136,Pigeonpea
32.717555665082365,31.19755903471235,27.621722676394768,6.523756812681473,0.806746439949667,37.09882424257743,20.927955260151595,0.5413682928546042,Pigeonpea
36.34607163916764,36.709631130372046,32.68207522420403,6.839361079182622,0.8490785281268162,33.002465394212216,25.670050095398587,0.4982624793154379,Pigeonpea
33.4421280143805,40.04051900228227,53.54288411797848,7.036017808677533,1.0200784379907297,20.392713151681896,22.628260286766075,0.6533347645482832,Pigeonpea
64.1564192641404,27.80841217845489,46.70413869660857,6.905944167911357,0.8712246921462418,34.81175501170232,21.999917924434694,0.29482541297717274,Pigeonpea
52.818424820357265,25.68451549619723,23.195981245260484,6.92262908588082,0.8837578818138073,41.143138491850934,27.78928925449593,0.5621520446080572,Pigeonpea
31.25018293331658,27.76907712121769,47.394761656496456,6.211261081732531,0.8256412672182514,42.45697459584535,27.227141117545347,0.8062842377256,Pigeonpea
50.630005202455415,10.769721054390114,54.521218206150465,6.892513387000545,1.066930254335601,25.602924184693002,20.615432888528375,0.9679566527508459,Pigeonpea
30.73478165380485,27.82405766756837,44.7470917641624,7.016408264880784,1.015683258972857,36.78708933912642,22.364226942352406,0.8059948948756331,Pigeonpea
47.22556056400134,17.294755761696464,52.76816357488017,6.103618828483119,1.00688312731877,29.927120255537407,26.763773703208848,0.7765291307948803,Pigeonpea
39.62877451094266,33.157606475662234,39.221962101273796,6.999906231439634,1.2370543524230762,24.270088074921,17.029634180154552,0.6376488599581128,Pigeonpea
35.15974100085972,27.35702277221418,31.66204941465149,7.044281567376445,0.5237341088236624,38.60620084577327,26.596164044642606,0.7474698860560918,Pigeonpea
44.87143275825924,36.64487079009224,40.48208754031209,6.702980948156817,0.8972740877249729,39.802929900895926,27.224202553046883,0.44314108601642815,Pigeonpea
38.16468479315442,22.542421988031833,45.048683439508224,7.0034785679745735,0.7451174637685836,29.165856144332533,26.49240883731524,0.6800136524510562,Pigeonpea
54.26466662123303,42.41067137904642,49.006399437714,6.865144073693469,1.1651149772365292,36.9257623246384,23.802015273960986,0.5986989345345893,Pigeonpea
32.964984375488825,29.95541176865459,44.16778134546042,6.4037560569439425,0.7102148144864672,36.702808111579174,26.609065672902204,0.6961115871880268,Pigeonpea
42.44508133828341,21.330343151066174,31.793919360902272,6.782958685560459,0.9021102230379989,36.850426337454884,22.87793903359487,0.6645157009677708,Pigeonpea
55.118383428768084,33.80980762817593,38.53720260979235,6.512765706718499,0.6573257765719845,35.052722897872584,25.689867746500017,0.7848345167652339,Pigeonpea
43.879855843888144,27.408345464119208,35.40005590546678,7.373156887041107,0.6887065356144232,24.66637043761682,20.903206304868906,0.6470216669305432,Pigeonpea
49.399838206668306,25.968366174611646,53.29763087748935,6.797961167361204,1.0219116133493484,28.938230939779483,23.14445818020052,0.7136568554994959,Pigeonpea
44.82554666344896,28.747299302038325,42.63218905612707,6.964776066966065,0.5158988640453266,32.27250040648688,23.703293677350608,0.6294816763568697,Pigeonpea
44.06877728518349,26.466473950924154,21.95430127409349,6.7337747774863885,0.5871187937483375,38.970655849460364,27.0142424796343,0.37377567099649495,Pigeonpea
32.257679299596774,32.47361116393445,27.320123783185927,7.0191450456104585,1.0098633069724445,33.70387492885411,23.065221001203938,0.35341485617870305,Pigeonpea
48.140252947611,44.01775885073449,56.16086078501638,6.745407415102658,0.5814648364564204,41.700993810625064,24.682828059619936,0.7717197585465128,Pigeonpea
43.027517032969456,30.65102424925865,49.256624231342784,7.098387059328573,0.6954624630576876,27.615100228908595,18.75221040112453,0.6480757959850308,Pigeonpea
29.06674841488666,32.93437843297962,36.97719758639113,6.736319977916757,0.9623932191503762,38.178037440269954,24.708274850158357,0.9529638513902888,Pigeonpea
47.38148916333034,27.088974023791007,36.65872060643083,7.02074631418113,0.8405691396758974,26.03072231732818,27.236782099445175,0.8885848300295317,Pigeonpea
51.813888680058454,40.799243010601245,58.62278316601292,7.284388529890412,0.8681323563519444,33.332576997672206,20.425995757494654,0.7016301768160067,Pigeonpea
45.19136058911951,30.30487033799148,23.00601101194825,6.71974602235082,0.9290664097713364,26.792679720288707,25.414228113093003,0.7647440501318876,Pigeonpea
51.17967641025744,41.98823774955817,36.599565436504,6.8514520669013965,0.8430138345115042,40.19499887510694,26.343507714103364,0.9137508340449656,Pigeonpea
16.68703269779162,32.92614754756095,44.386699081218104,6.7341358148916095,0.34719805150088306,34.51203111381093,23.223598093275065,0.9516933114885585,Pigeonpea
43.75291369827873,24.43160620754018,21.526194956843682,6.965372951021145,0.9392298387487293,33.27378519077167,26.509188705389022,0.6477594207305027,Pigeonpea
50.672152751681615,36.94879385039371,25.249671657373696,6.409346283696489,1.2062563446087058,42.45757080021672,21.844047487428597,0.464442994236564,Pigeonpea
42.077720656101214,22.00379225688707,37.14963350867636,6.786761826911788,0.781912322227057,44.01230625425994,29.58689059781376,0.6281623220751761,Pigeonpea
28.693408361967595,32.72192308488503,54.68332102998448,6.6870997562248995,0.9700717784028426,28.302915259727047,25.053178420250305,0.5257086576549765,Pigeonpea
40.10832060479247,29.184815148990804,45.47310609245869,7.297857250433067,0.7222209158181313,19.00216682123446,24.494740277051058,0.7448976435232644,Pigeonpea
42.01900088256738,28.89804032800321,53.38943446716716,6.838140071162988,0.7790407469761066,28.778350985352226,20.63322328164701,0.7493847904476906,Pigeonpea
42.45417899867356,22.58468625550279,39.60064876403364,6.759721598612408,0.6750998951181648,28.65351429480613,26.01270417776214,0.6661282447674474,Pigeonpea
34.09006408572241,23.968295819841682,38.83013440813718,7.0588553992835354,0.8413280148426968,33.10302382420291,25.77122606142105,0.90465775220014,Pigeonpea
44.904140351801324,31.82140687101001,45.74676553833896,6.755756153773746,0.8368135641539045,31.088356608965235,21.123616696661173,0.7514253778581016,Pigeonpea
43.46680084435536,27.986009292108214,49.322389617415894,6.597951070158743,0.4457231176270627,29.423073233158426,21.147651743620035,0.7507054533236013,Pigeonpea
32.47922130294379,36.892824347470444,48.67418922303514,6.541007253893324,0.6383786273489372,39.275517221469215,27.449599453619975,0.3981069082565307,Pigeonpea
42.816708700295585,14.616865850097147,35.063355010911145,7.1062239062109445,1.4019540266838724,33.08940932680826,21.88221030407489,0.62297617383774,Pigeonpea
40.660696880403044,25.30831132322787,31.676586916181755,6.6804819981877435,0.8791154532450485,33.64472848754923,22.795992999767417,0.5994906250471309,Pigeonpea
35.86141450329568,23.00401521691048,33.635695032510114,6.980218080169047,0.753935807754902,20.972104327327855,27.562371747662436,0.7625079729677607,Pigeonpea
26.168670362528022,27.442346957202723,32.871110538479904,6.989533598542296,0.7256695547904691,34.41781332891231,24.527013950394355,0.47797982054119104,Pigeonpea
54.05396167957156,34.636310400284636,33.27354759055119,6.853721337878696,0.9948235829694776,35.44592810206073,28.891885466670225,1.1376776262876709,Pigeonpea
38.73878264088617,25.92229179871395,31.095316731813483,6.180199105533319,1.0496290102899288,32.17204951949375,27.188389368675168,0.8614678256333229,Pigeonpea
29.190297700689786,23.484300636783672,55.7021820050539,6.780381758057791,0.6679424925762593,26.638613640766273,24.64636054899722,0.9261841631467415,Pigeonpea
46.85437981763126,31.27233642417556,54.29668849231943,7.190817046191742,0.8668244421445049,57.208957260289075,24.381442111016227,0.8647042745738789,Pigeonpea
36.07003394957873,36.31993905493595,37.76451534791701,6.929183128456766,1.2780271819765103,42.6148144110502,26.19210278172463,0.5837945811732412,Pigeonpea
41.882287045032264,22.94398248897838,47.98278713413329,7.041325739113155,0.764072910817282,48.30825589506967,28.80724017342498,0.7224469897668929,Pigeonpea
45.655111216544725,25.88079947441229,37.5503752543307,6.498157840090199,0.7043326020558004,34.16488908595353,20.849081883362384,0.7865220962494184,Pigeonpea
50.22128270526274,29.944575855634728,15.72482147405345,6.729162025963772,0.521322757526504,30.12304773970599,28.62984075157131,0.3348290375695697,Pigeonpea
31.83637475112642,35.80698728298425,33.68266492406205,6.582039550391861,1.2064812337215056,38.02709914728419,27.33575602757994,0.7742004576811328,Pigeonpea
41.616973915987785,38.848174369804866,57.148119440205576,6.328615261109019,0.7929365287625907,34.654410012812576,23.926806911719382,0.8471590944210157,Pigeonpea
42.56887682519057,43.478310051099456,49.90239768366492,7.182116682580871,0.5601671560027532,28.55131260786358,23.190771362825565,0.8984678203375673,Pigeonpea
30.328237138681914,23.43445955552467,29.907801243395,7.570847621286051,0.7715536180667752,39.23910413247251,22.148456705011995,0.8438887599879967,Pigeonpea
22.263333747575132,23.146980783596895,33.417634904752,6.861284030782317,0.6413835371825615,47.19198480876534,26.258058011066062,0.5965594860873574,Pigeonpea
49.97617077068501,27.247008001088595,34.68607026483899,7.0508283812986825,0.3094350848223605,40.878536533829674,23.217263014465853,0.5928089044521442,Pigeonpea
59.581369349227224,26.281510597611334,48.60323169486152,6.878188524166206,0.8765982050699147,32.995661937383346,24.243211244142756,0.9291982585242838,Pigeonpea
49.30460069788232,26.50223328979266,30.587114733795147,6.636347354653414,0.9962990540101571,44.429534197331265,26.38735900503983,0.4574843603187374,Pigeonpea
52.53779080528714,39.12504742522032,36.56200891110233,7.554344855568467,0.6358058688182218,45.478460163575804,17.4494466038425,0.8587812862695623,Mustard
51.128608557410274,42.6094907173391,39.49737731637401,6.886878314943085,0.8017859575157945,37.998582071897914,18.72318989693537,0.9020663456270929,Mustard
57.756382767617225,19.524027885403545,35.345241287743825,7.017497624704041,0.7437409436398705,43.50599993659075,23.652127094570005,0.8337713475929899,Mustard
58.47068388942004,24.970725067250385,35.32856995490002,6.785618649805479,0.9478860141161133,42.63560727285798,22.399595013502267,0.8970237780770434,Mustard
51.88977163945762,23.978810960113833,22.830445571082038,7.145605608597492,1.2001042217722424,39.80166498345406,16.18151609466745,1.0127133935062023,Mustard
49.89404550161444,31.19799061234389,24.48825964094261,7.0045405424107265,1.0373768324391106,44.024165764428375,18.300282179618918,0.691440207556375,Mustard
38.839932979632344,41.64913108027475,43.05386580772502,6.853186236792101,0.6663060682289927,42.22252065785009,18.767956525706804,0.6372540004446091,Mustard
33.64785866439558,22.920138928347804,36.46403137304472,6.925274034604233,1.3993028772041387,44.7540274613425,17.120762046469967,0.46965456354743296,Mustard
48.981713886581,27.22193033691088,46.9832745455419,7.078921874768783,0.5034959380611334,31.84460561265975,18.31179485998218,0.7663055407552357,Mustard
34.472475701512536,31.069723157710033,22.974651609088276,7.001731917313967,0.9740051968896427,51.69208253886368,20.613938559012915,0.5774897613623825,Mustard
59.930050869581585,28.717753746545412,41.962100912913016,6.82838918407236,0.9181556519784828,33.58985652337644,20.805649888373022,0.8205742142745426,Mustard
40.05200724475447,26.14294456429328,38.21136396617566,6.768995528405659,0.596411262532903,42.82557134720989,19.730757058450166,0.6806710912839131,Mustard
50.21070414581239,34.625252467012885,33.550982975715215,6.685652566518813,0.7722826393657708,44.679711443723114,20.341006658612454,0.617536095136378,Mustard
37.15613514164876,34.32475967179149,33.0051283499415,7.210760698056198,1.0758671594877123,37.497281997718524,22.374118712090247,0.7207614631692899,Mustard
47.677582375840394,14.6787563342163,26.26170831508891,6.743325578114317,0.8362690555192861,40.914808061230225,20.388125812602436,0.7428620420186878,Mustard
38.15055408733829,34.839540746423864,51.28359599196432,6.901069031514244,0.7672663665132703,34.51734540871301,20.213669566326228,0.6211355335580493,Mustard
27.6967158691679,19.802736892838297,44.181711255207,7.358902331234545,1.219977917591595,41.81043551023501,17.52273623011547,0.6342975776264227,Mustard
30.086123650201518,19.290756073206182,37.29736439506454,7.150923233833965,1.2916747111452487,39.335251390512035,16.605412972985995,0.6817119424367452,Mustard
42.175408008865986,26.561378262410873,38.09374610727387,6.659947691850312,0.9261442865651923,45.21250612575583,23.549344425579907,0.7465563773553908,Mustard
55.43120450519277,26.892727717857337,32.26138753328697,7.377397171540379,0.6256831150072368,36.77487758203525,22.821115766814916,0.6683332427871234,Mustard
42.14397968128746,28.142675184034413,36.05436597362521,7.304103475737388,1.0848463036646427,40.09165793199169,22.730971418726988,0.7512689444994604,Mustard
53.591201678208314,22.801413681349015,50.64697460089757,7.06165965516072,0.35033813053643725,53.27621738775485,20.012637328026656,0.640675905827291,Mustard
38.94316934812801,33.07651307974058,27.004499729564397,6.838466190452195,0.7894243792376624,37.6620236503821,18.71197937567035,0.8279221197482293,Mustard
47.710623047976995,32.751257168409985,40.49541992165559,6.973933604353603,0.6959381341752354,54.441379835015056,22.31883663657353,0.9419240520903376,Mustard
55.345384209614494,26.77740017294163,13.868198555040205,6.655853000852231,1.0273044093416472,39.186016645307994,18.950375352710637,0.32566697475229794,Mustard
44.868727357557184,22.42755014823389,28.480556773106702,7.238029147131198,0.694171609183198,32.530485557014465,20.4639508185253,0.8308543137419964,Mustard
40.97294104593204,40.27050783516035,23.49197739867356,6.592864431829645,0.5921428003429486,26.78252988471655,20.84137241290029,0.5533316020916241,Mustard
30.89807636150781,32.658576865949236,42.41554322471646,7.294240351136311,1.0750568929339548,32.65517227165928,20.690227411124262,0.7745307366088636,Mustard
40.25116754910907,31.153264727333006,23.735435930344853,6.824271950693624,0.9743574611176166,52.06034123477755,22.8785990333046,0.7991287716601478,Mustard
45.79700038774776,29.473386409172768,21.97160041501113,6.766058170510939,0.7394290290812617,44.59807452432519,22.362369428714565,0.8104860129289693,Mustard
56.826664380697984,30.505802860685357,26.153628356655027,6.986018789022208,0.7550325819135041,45.262879934048776,19.102281492256516,0.685220257414832,Mustard
51.93622229671084,24.81233997285904,43.67578927240025,6.622673021451308,0.961310193587765,39.27280802141914,22.06835449105995,0.4938439057204022,Mustard
29.69208877208789,35.250310701027956,31.481700726057312,6.974575410944903,0.7680501678181724,47.30248303861789,20.748040526025097,0.7360996132085564,Mustard
33.30379531825139,33.510538872430814,26.070083731182685,6.815605152249243,0.6269304670429698,38.74766820332471,22.661183150168277,0.734004248374477,Mustard
40.58179093503497,30.764024226708322,35.932525749207954,7.018499231499418,0.9354668860519647,31.68004516843979,20.266345900075528,0.4367127446049416,Mustard
50.756236084039784,22.280755656627335,45.59838047143025,6.315333846174695,1.234884988505343,26.886234585776684,17.000163427157172,0.7448585556911501,Mustard
51.1871498442458,28.016302014387644,43.03345447032085,6.7769648092283035,0.8200616106435917,37.58337646014103,18.654010354554373,0.4098732138413165,Mustard
44.75332933491506,29.194949924080877,44.703644873393046,6.63993556360291,0.7721185351860618,49.62792980418836,20.733222153210882,0.7824069529234557,Mustard
49.534336233395315,33.20510153204188,51.38944995362914,7.025631384234488,0.6977313446314523,45.11037988982313,18.58362081443223,0.6835094535372563,Mustard
48.701810017557186,24.250519793468012,30.407347269622086,7.133237599899715,0.7902710057581857,47.787082527922855,17.53460600534342,0.5515713435382648,Mustard
64.06055865755323,19.288414908849333,34.75955123901539,7.518415477317612,0.8942817104201456,50.774165352511986,21.631187161012537,0.6989197173647798,Mustard
43.69354738537126,15.164778101000794,32.12799506103174,7.065021181632734,0.9463325819385151,59.72687005723117,20.702395165373765,0.7945217981190766,Mustard
56.64963167409901,33.783509180694544,34.22555839936979,6.977267541848967,0.8298691035527438,43.55368823309264,19.574198197550302,0.7937404585797406,Mustard
34.90912689670301,31.02793920886051,48.96860589266632,6.937105420743452,1.2686003253933555,41.30937157863143,19.858729519635,0.7174927753455799,Mustard
41.88576755836214,16.1361075022551,42.921573724008354,7.613959685905192,0.9960858540065338,44.33056769085167,19.54351828610501,0.8736683648245963,Mustard
44.60728381540225,31.870540687378277,20.91305179282199,6.851784276331554,0.9734706296362475,47.25769387667193,22.33734935532376,0.4631228627023375,Mustard
30.222202247519185,34.08895970738649,28.278724507956507,7.250485929691697,0.5739663581835963,39.21272045013242,19.91440795689221,0.7720700645504868,Mustard
34.68840003853647,16.23265157072208,36.541454853911134,7.147400476312734,1.1014909925266076,37.131586772926795,21.939204102538618,0.7728660662332643,Mustard
58.22405077714336,29.612284587690475,19.430906274853292,6.98105529138661,0.9176901496925424,44.145553939187955,16.168294084148457,0.6531932777788187,Mustard
53.681035715646146,29.27140183095207,32.24839056081123,7.53377139137938,0.6859991626336897,49.86523767987451,22.553124339685475,0.6662250307574555,Mustard
44.67109446917673,29.744788869334855,36.63752980709183,6.833528419917419,0.8143703547142661,37.158203752817506,19.191755748502793,0.6533865654171895,Mustard
22.59175210963928,30.68354361550616,30.252789978614608,6.477292895747884,0.8299897970178126,36.952340175940876,23.18811131770618,0.6191155062355875,Mustard
51.67790179873496,39.67968402370002,29.347381618805677,6.986700781238708,1.2457383549819403,41.83180924119397,20.93437460517232,0.6389119114047508,Mustard
51.8705083043224,29.72250170420091,18.511073559081247,6.900534890484811,0.6633642419560434,40.89792771418036,17.707902257352803,0.771719269853872,Mustard
45.44763420933796,21.263936974947946,30.56715695947685,7.173757556456704,1.1295986071627933,32.78063014980853,17.256398762647382,0.992647741045158,Mustard
44.902320535049924,30.64028254725381,28.34548050408516,7.060261663991309,1.2430191353080353,42.034922150855465,22.662408122848362,0.7043475784804489,Mustard
34.74196809376057,25.217343314949044,24.93978042225654,7.060980243404272,1.14477775873,41.288087537206586,19.23054545342433,0.581554037156894,Mustard
48.55445862845174,21.333075630444636,24.79309029563251,7.252045714939364,0.8444529875318805,37.62036645586654,19.577334959218128,0.8088806600118905,Mustard
46.65502673024368,24.798429908338605,28.636170047463487,6.9453689729628305,0.9604439485387284,39.71592045201661,19.688774534567287,0.7069425338590212,Mustard
44.637755949058175,24.53731968205243,44.96345821104897,6.864952792546286,0.9258441101368119,23.517318031693044,19.462064279854214,0.5350616254880454,Mustard
35.2097823030071,46.95530162876748,37.245733105677736,7.343286209853683,1.0710607166641575,47.865943055984516,19.502320846017255,0.9409603017867294,Mustard
53.46687298576493,30.28934466261612,37.36960662011848,6.961714923390501,0.9104478369732752,39.65119411930605,20.953834078091226,0.9609960702115695,Mustard
32.94785883041264,37.996483344561646,31.68588964659859,7.3555056815141455,0.8333109273971682,43.30202941232202,19.602889378011593,0.4404111814932611,Mustard
62.389768762939866,23.400724705346228,35.75494575040684,6.705321899870979,0.6325996697025092,38.360481282486944,18.516221844824322,0.5246777468040359,Mustard
44.645673852728144,19.62665293831519,36.12926418573069,6.964348490680706,0.40391879309974443,35.815120775601244,21.171025025566884,0.540468117256522,Mustard
50.117921944358095,33.02875446939505,25.840507157430157,6.996560955074324,1.0649982166695313,32.98862215631588,19.485473606046778,0.8725358676971712,Mustard
36.423679352407895,33.21410800061483,25.28728002536954,6.9549306671053985,0.9893453429147792,20.763785680506345,18.664192297203417,0.7643997890779567,Mustard
47.25844109198397,26.34335130754014,25.05876194976947,7.175970167014389,0.8355186524956367,44.362777613032044,20.95055783879377,0.6328872571647269,Mustard
55.7256174299465,25.84005672974687,45.71408576736712,7.369961908553309,1.110022934898045,38.55551077306962,26.36769786091997,0.7227766688633865,Mustard
47.4105647884646,29.84557058333324,24.832101706492917,7.362620506467734,0.7855193140672124,47.35688820829851,22.898882770796355,0.790498207082393,Mustard
38.08030724101696,27.612452211414723,10.906314373868106,6.967389056217353,1.0605420375399968,38.09995936734461,18.52479926935668,0.655337961383575,Mustard
57.153659703190186,29.61944017774576,51.721245587677515,6.840194618632277,0.9434463570262526,36.53278459498378,25.186216034394974,0.726955796696404,Mustard
66.28076137201181,27.059107115683766,48.74821258269556,7.033040944236578,1.0673311189091195,30.242312176727594,20.871034873023266,0.5396319343013949,Mustard
47.570964007050286,19.37126962873293,34.15325282385715,7.306771370395477,1.009510775798841,30.128399603272925,15.254034042907257,0.7745416870691152,Mustard
60.81198795358412,23.25237774190883,53.87663670358725,6.99818187931268,0.5082612932651268,27.512957146291985,21.92487287342853,0.7194352061252551,Mustard
59.82220965793263,21.6131266331127,36.06645318347402,7.00189309718874,0.8713970953885516,36.93914217082406,19.0932515611538,0.7261968736420561,Mustard
48.02581027838216,31.768009950722703,45.85388758016407,6.663642016559158,0.5376632930990528,48.13572043510291,17.64118739772752,0.6430786272077234,Mustard
38.87900360117223,25.565413745357592,21.87562365597568,6.840532275434279,1.0298662224559063,39.968548483120195,21.261267821267285,0.6255877003832727,Mustard
54.0284599078193,26.441466872595253,16.02298429526695,7.088654662019363,1.053476953805736,35.52608790064618,22.998015668521035,0.5723961718442755,Mustard
51.707268128673334,42.21343159510005,35.33057885934395,6.936584735913553,0.878865664905187,53.02636309561438,21.006956434477942,1.0216304015828006,Mustard
47.79251387944021,25.423423380673793,29.74843758308111,7.0172500343380255,0.4917354768060628,36.20008130623498,18.86800541487558,0.73596846331283,Mustard
64.4181822040145,30.383715418864256,17.696068215862713,6.744105858034451,0.9524575723741827,40.743958077429575,24.06113880578146,0.8440115947557061,Mustard
54.30115473777717,28.480068354932428,44.8920893289579,6.749141524664759,1.0936588618587473,37.74064877474106,16.380016485098686,0.7889855050922311,Mustard
58.97543618614386,27.153786900788262,49.06485575219114,6.536336543989967,0.6606413526447276,38.8261916659829,19.073090285180765,0.5999299920911163,Mustard
46.33677718818223,26.29986679518752,31.769228025775394,7.0779590196981035,0.7664926235057277,39.151854709448216,18.386152384101027,0.5191569374859955,Mustard
52.63702174673704,41.9545610858941,44.581147955665244,7.092880502921169,0.7716943114528066,37.704650206538076,22.642553151168322,0.35777698494648774,Mustard
41.36739775606149,35.13881143820986,24.755476560339467,7.11854871958875,0.975397854153138,28.365340557900062,20.217445275357335,0.607383209799772,Mustard
49.16098675883533,34.688520801238845,38.59045040395836,7.020325850788067,0.9577742544845145,30.591479288671966,19.92312054034194,0.5805275129916991,Mustard
55.315387534870496,34.78266709187008,41.12361215107883,7.479777635613915,0.8340045070399302,35.6079411823132,19.115993209356393,0.4596645388242694,Mustard
29.764168791539923,34.347721062776785,22.44373882168555,6.699024481797183,0.8796560245790079,36.70217917809867,22.214130894490168,0.7090691957502242,Mustard
37.015313208278,36.80143106820155,41.55912246354904,6.604924637479308,0.9504533289320065,34.279385683318814,18.14640551799958,0.9804271991968765,Mustard
46.24271388451788,28.477230580402374,35.764561027660584,7.244787273592202,0.7596791048093112,35.753200244471984,21.64167864536582,0.4725416064264446,Mustard
54.90771840909291,18.76374185623508,32.78809872282132,6.552326795513145,0.6887496676131314,50.38133486883962,22.6111446845868,0.8726983449667156,Mustard
30.51011716461595,22.642606892588358,38.05885311948019,7.200288897250218,0.7400972629802751,35.36862893964862,17.17163088485341,0.9487367935872311,Mustard
40.250442009464834,30.219046125289353,35.75280142000364,7.309573726972666,0.7095066870735182,49.34608667380923,16.803198210945773,0.8748580386666585,Mustard
27.847004148952532,29.268110436923266,49.62893499532605,7.195231710308783,0.9842484577282498,31.612678867006622,18.162996889579105,0.9016593731546738,Mustard
49.72339491256981,36.23174472900395,35.66414431232667,6.921115184476224,1.0533323260950864,42.07482427564776,19.575099997279892,0.48789894151878976,Mustard
54.53908297319576,33.08018418147569,29.54364155766932,7.330190765555854,0.9487624998133249,42.10719071276061,22.209738940612088,0.8003059930457948,Mustard
47.93674479130845,28.67990462518502,52.85297738811076,6.794535770158076,1.049194367798816,39.329126669021385,21.136784068657928,0.8850134977555408,Mustard
41.88421573031208,34.21285439493565,37.39001552458795,6.820435581602071,1.1516197997438415,45.68950236539112,18.91362517122083,0.8655390665857119,Mustard
36.68580349926967,29.79746015980407,31.13698548899496,7.210367356925597,0.8040633288933734,46.06786493568835,21.486150356472585,0.6437126278880241,Mustard
63.29717591456303,24.783357451935743,22.318873225489153,7.239707758267233,0.4701184118425081,51.934534610645116,20.254384691315916,0.48595223877921423,Mustard
35.51535497522629,18.561379271394905,38.445946574331884,6.628464032122167,1.0004178061391897,37.56140678837141,18.811589649469763,0.776401895029239,Mustard
51.235113296280915,38.02062010431818,29.295994973924433,6.991653350454939,0.7729345734937179,41.30389980437435,18.05427578682467,0.6363854904249223,Mustard
40.809994902289375,32.05352660819048,35.02659470511121,7.141764449615241,0.8786006835708163,35.36197866552426,20.478207243143682,0.5624224084913743,Mustard
50.691578157793536,28.001743684246108,36.84067468729582,7.061606721384673,1.220309096877108,43.052669612502235,20.18304738267443,0.5961443770209317,Mustard
53.02385154930504,28.108561357112347,21.270678686661952,6.9453752977668275,0.9382979588736428,33.45195441877851,19.704549237225663,0.6892775745026346,Mustard
44.44092105724181,38.64249308800818,23.195979249337597,7.569464688571958,0.8934329359617584,44.6416898716197,20.319590666344638,0.44109646423522136,Mustard
34.434223450141246,26.330068842535475,43.943478363052684,6.61239008199008,0.7288525145917835,41.31880672222605,21.18214111945734,0.7664081315247251,Mustard
35.159948862762846,18.814060478660608,39.851536788917294,7.401274703631124,0.8309396769248629,30.84250812412774,18.92529919383789,0.7591093860077095,Mustard
42.66856843223367,39.85035549060369,43.32473647463859,7.051614658537191,0.5091354200741276,34.46189096927104,18.629944184135834,0.588007602752801,Mustard
46.90821271864925,31.48009456724661,19.933326186603033,7.225287457377123,0.9032247412652664,42.861131308068884,21.86206583717131,0.5849545420989751,Mustard
57.589056893158194,29.007445100389788,48.61292503910242,6.749698918121271,1.187649321386178,32.768127805059535,26.371953216513976,0.5572249354923852,Mustard
55.565867204553925,27.463240434152485,41.43520145299894,6.9886529812048135,0.6817539249274573,17.62535874150063,26.268958240482235,0.7109536338422519,Mustard
15.564699220669432,32.11826024525435,41.20627990876844,6.799777380616081,0.7583290924192789,39.84126522368013,23.006485576905437,0.714994017973454,Mustard
59.63225304342485,37.91853420771169,32.940937031628415,6.560253347425912,0.8546658322407293,44.21185920316016,20.149733690948672,0.7951637247536941,Mustard
53.6341997614972,33.7160098739112,32.52204301352907,7.145567372997763,1.3470968463057877,28.080963514631904,21.21821866722865,0.9748004927583598,Mustard
33.2541000391556,37.00770064292141,45.212455201099644,6.586483076625518,1.0424723428836382,37.829472790710966,19.848885508725367,0.651256791217045,Mustard
58.12689091434631,29.21515285720401,30.830178188144313,6.8750148562641815,0.8318020088221821,31.363715840555706,18.819664856076308,0.7176504437055129,Mustard
49.04381419982511,38.42827340489964,37.16881009587581,6.8671484757128765,0.6977920012370084,42.355895046452815,19.706573048105405,0.6873524133978738,Mustard
47.62529517148098,33.63572356871311,37.42761701722823,6.952254931091484,0.7397236391913136,35.09772184899172,22.120649562813576,0.6364620642404919,Mustard
31.539572075625387,38.11702277058563,26.51859356992263,7.009869189065967,0.9982326170418903,40.025747004302225,13.804655260721164,0.7585731994910089,Mustard
58.26463250125413,35.505725595998996,15.884054162040787,7.5956284104407565,0.6348296896131382,31.372644322843637,21.954693983843228,0.7679262176338475,Mustard
45.803351052398085,26.0141563046249,46.97771055406835,6.988988761949141,0.5868365980750895,49.858399599827706,20.548212482417938,0.8672510060931954,Mustard
50.72548623455825,46.741359223439815,32.210267553869954,7.0045061075699415,1.0439661287919584,37.56966171354634,22.006594272075727,0.25788804010184874,Mustard
44.272167441743235,29.2790527193348,33.74706307860676,6.754460454417635,1.0812245677092598,35.96444140982451,20.500686000179964,0.6944254540428467,Mustard
50.00364207853797,40.016725592327205,36.755934696920306,7.235591167386818,0.9289740343679175,35.951934448588084,19.646106158600148,0.6574686427865781,Mustard
50.68162131919535,30.746564295884287,27.85161875694198,6.937850566048303,0.5948166601847827,38.523174490796656,20.003264669760622,0.9712672300578908,Mustard
58.484520608444754,22.761477816475313,36.81592477398602,7.061406887954183,0.853912529447042,38.66649180095027,19.11512564176951,0.9809062730324958,Mustard
40.83815746566056,32.38656000519488,12.238728796437492,7.23059914735196,1.1368509614504871,31.583759767195023,18.720283124778952,0.7677255280189569,Mustard
45.19460694412447,33.26458713363456,32.41483041882708,7.521714308374426,0.7660519735721981,61.53259770438572,23.10480979337284,0.8248172931076483,Mustard
34.595223656426995,36.36777668586481,40.435445876125534,6.406509087251581,0.6190799385557553,42.86102341132398,19.666750695835475,0.6225282685673753,Mustard
55.78949194455462,23.813544981064727,30.902831512855467,6.8188316593552525,1.0020338515759457,26.244334401431928,18.75582037037399,0.44158521690059704,Mustard
41.87124524758105,35.06134306830264,41.668068457223995,6.796272466825108,1.0066643905831858,38.51869262204049,23.40271243269602,0.6805055707789076,Mustard
15.269526377167786,36.26276706097681,30.8681072068482,6.923224013398158,0.9671846944481003,28.60233669540211,20.18663393719662,0.7801745492328275,Mustard
48.64064189463069,25.807481242766052,43.92738767169121,6.720701134211136,0.7748956735243332,38.911988515782845,20.73867089817962,0.6513185022466013,Mustard
57.285868990015935,32.06700349520806,35.68092167329881,7.0728381245544885,1.0465811861923402,41.92619914512814,15.476207917127295,0.8634263296043305,Mustard
46.19675208076098,34.79396965055223,31.346508265701566,6.488519367095666,0.44421807602513275,32.44505768513784,21.293235592143876,0.8946836432446416,Mustard
48.01971225275917,22.634408134380852,27.942882707207175,7.38101926762233,0.6378438258916901,56.814183052114906,24.69009381456157,1.0202083104804829,Mustard
48.80701487484444,27.60932627681054,38.207116395363826,7.254403786294544,0.7698448188419362,31.19037409739071,19.29015876492334,0.5841538333701449,Mustard
57.4088647865036,25.684993403894794,35.860773199376084,7.275251345770196,1.155968462069168,41.66847425483777,20.96074059153313,0.5474514058744786,Mustard
55.23056646923904,38.84466269608087,18.166822348227917,7.493624829749974,0.759868106625937,44.75704710508219,20.19390431203972,0.6909436230834135,Mustard
42.93482021723136,23.05205667583511,39.714452095831795,6.9199074927484086,0.6381155357351218,31.719962492407713,16.768884340771542,0.6213114174546972,Mustard
49.85099308432359,25.02217364580784,43.778974010629604,6.966619945763139,0.842119015631726,40.134123442368555,23.487887329390805,0.4942991962086538,Mustard
61.56366971419144,36.721120762472445,34.80509154466341,7.331247191735632,0.8355054295851375,42.285427002615805,18.64646373114567,0.844971274582794,Mustard
37.927443947643326,29.640425476987815,41.11224936492676,7.293493099616691,0.7357689916462236,46.025105880962926,17.545037297184553,0.3774503761586606,Mustard
37.51936352769213,35.842619832534226,34.890048089199375,6.850200567908266,0.9110956646982017,40.17919738413404,21.554746372160814,0.45824351133615276,Mustard
43.97647043165482,30.86994090079067,22.71166852531169,6.613856922054302,0.8270583162035221,40.068194266161,20.030115062638824,0.6165477277985132,Mustard
39.02665407032876,27.233765749645112,37.68669585213869,7.3484938819021295,0.455920622711176,44.98401697041461,19.7221208470163,0.7788583421648253,Mustard
56.85543337260989,24.714117469283977,43.49874210107522,6.64886799798818,0.9255198465534511,38.05986584531213,20.11569867001847,0.551644857272575,Mustard
49.368834560502016,41.104010858603466,26.253288162652595,7.053100746065702,1.0711746242158027,37.6260741746764,23.400982303891645,0.6355467487871926,Mustard
43.83705296801205,23.047920625014,36.1393132136281,7.000846424739712,1.0271802489689732,34.91035167662165,18.295010938623566,0.7693738176849971,Mustard
58.97190490074564,34.40307173341689,51.626710237500305,7.155486091942147,1.0038585711708736,45.434343045359356,23.720426889447907,0.8856355099175779,Mustard
34.1512176689123,35.604073213270496,37.388208552186576,6.9456701955511,0.5454141689085159,27.678712717917772,19.088831949717253,0.4803112737347883,Mustard
41.56243181246086,35.000388769333696,29.77139308889459,7.023369528770346,0.6860096083441866,42.39013827976665,21.270338478673914,0.48655986144787866,Mustard
37.481137034020115,21.12980812814851,39.582933171360665,7.04592183695349,0.890057641152884,38.973747694869445,20.80708858858148,0.7514277238017107,Mustard
40.04422506186457,25.550822372907092,34.469043244668185,6.946874228560075,1.3121364450098638,36.92884262103135,20.724163280285946,0.7698889732424723,Mustard
59.005242906141916,24.321707857777056,47.05683046227504,6.9587292391901645,1.4002690459292806,42.90081775380919,16.92767717662283,0.6704261991035672,Mustard
58.362693573282534,30.57078808087859,34.46337133162606,7.201319205882951,0.8310004618664892,38.314134593736505,17.638313725171127,0.9593231171449584,Mustard
32.77388720752468,31.18626661834442,39.3189609327374,6.996177686422831,0.6492274409020353,32.00988777831093,21.306292295891545,0.5830181037105768,Mustard
24.27982777511535,32.70884825952369,27.14754158039797,7.17674139659967,0.859675740355143,38.001501371889574,20.130595457542686,0.5292260004909428,Mustard
36.745469124023884,28.180531658717356,24.700913677064868,7.19986894464926,0.8385242039023819,28.404507186792745,18.60242755302743,0.715180384738286,Mustard
40.53909546488113,32.79871120476982,40.16632714561374,7.6724760772668725,1.1301288402721452,26.909037245093295,19.099418787503314,0.6600038061328051,Mustard
50.75070922424639,23.464897505088018,30.218730522214955,6.65156467474539,0.7795468553016983,35.48027562198338,19.21748546785902,0.5220230894620363,Mustard
54.82025739400893,33.305497039833696,21.96053204556995,7.00727242296688,0.5869490240514902,50.73804580821306,24.035270932891567,0.6916394059167181,Mustard
36.473548326453326,25.350114706830965,30.91632125951776,6.970088373941112,1.1740939294812656,47.64481448247251,22.42751125933524,0.7255867406009272,Mustard
33.463882760582834,24.6096030325786,35.546491368371875,6.663691972883655,0.9607965901104214,46.44098817128278,21.363363479895813,0.7757784209377498,Mustard
26.337173500435995,39.33349057669767,20.89353202971187,6.9572302201231695,1.0237087087572148,42.86878020787859,16.805409182385098,0.5352511565644456,Mustard
47.87071622406782,33.57591509638644,25.03516539848455,7.109925938910194,0.5969453040611872,44.99511405843032,17.790395445582426,0.7120770186877307,Mustard
44.12602307704494,38.12460129537888,37.17917025830304,6.832251480700656,0.9719185411088348,57.13930591376783,21.850307303217086,0.6911249479399456,Mustard
36.66387028662024,25.68455949574599,41.11993629471707,6.7519752797499315,0.9005377522158271,51.50095129871529,20.375980982559135,0.5381302313053853,Mustard
66.7784785267261,42.33713808562137,39.51058902541183,7.357211515174944,0.8466040637731388,45.7956358213236,18.94115048704812,0.49668774550675676,Mustard
70.91922610840676,20.154233533636873,37.67802317952117,7.080045471849888,1.0032011168379036,39.28252587046522,19.801875391929734,0.720761760008549,Mustard
49.79868481340785,29.98728546998839,34.38474968757594,6.630089215976975,1.3027364939394757,44.28559319441893,20.522266903260387,0.6063299058490584,Mustard
34.963858071501555,36.01990513633275,33.56123853423916,7.1738980836804105,0.62956997325977,52.37483875181306,22.25344358852359,0.6878405960853036,Mustard
49.67625418422907,35.18703051674371,22.96717504626977,7.469791529588617,0.9966521996165933,34.36718169973837,17.258520858338596,0.848064661207607,Mustard
47.11159197227005,33.378206320524654,35.23998099100652,6.719231767030705,1.0017235579856234,38.41971888679635,19.94577218376715,1.0565504058558364,Mustard
53.690691377647084,36.487354368305475,59.48470814693802,7.107680684210433,0.9239415072898627,34.566341204870064,18.868620354431634,0.3929344350177683,Mustard
52.90423338806575,21.131553018827198,43.12462383760179,6.98795271525104,0.9256117429528732,39.661056558844805,23.465186072207416,0.8814163539904643,Mustard
44.711085943453774,23.706971465106925,43.31500194798836,6.727119008003727,0.5890277417763677,43.98679894790182,23.046224804508064,0.6392372248309185,Mustard
49.045176882347604,27.0902833178361,41.49794013817236,7.30660831219542,0.8474269571035955,31.779174738219766,16.357423493471153,0.8388532648690372,Mustard
33.63433508292174,32.60416968841657,41.99666361598264,6.859635474005848,0.8667578299640089,47.99234758005418,17.9795155316631,0.5635432592448855,Mustard
42.65608778790929,38.94538863453461,49.49657985143242,6.972340754276595,0.75757567439104,48.512916927356684,15.826761045848812,0.7371416281222135,Mustard
44.56086407160795,39.05679490467067,47.55516685674539,6.736092003774763,0.9335356070949951,35.43516526206768,19.26668153773315,0.7926081661836961,Mustard
41.65105877908068,31.357478195696174,43.61544948751787,7.424245282662859,0.9577360289618909,40.94212325632111,17.23177460129538,0.9378697681166079,Mustard
49.957010678281485,30.953575871406848,35.765442999770244,7.100982972595471,1.0543580979761467,47.16440424104474,24.027004739516514,0.7364032762768924,Mustard
62.54201219265404,37.40406295637793,34.45881756947473,6.533135356035869,0.9171124528593966,52.46782243912257,18.061842174669472,0.7123693971193827,Mustard
46.65218909321776,36.5948861428184,31.509696069950326,6.7565725504325185,1.014000430244747,34.05290384769918,15.411236619644725,0.9760557886641796,Mustard
54.270306621375525,43.18371449792031,42.86611477713982,7.190502178073887,0.9739071266840715,38.51177374750178,21.280266454762742,0.6170151273438846,Mustard
34.307708275207816,27.67441928155248,46.623430622162545,6.6549261276609295,0.6566966698399801,44.73047330170258,18.962303238908333,0.7728242567739196,Mustard
54.89857431879445,33.230727389805146,29.30978979189397,7.35922146638801,1.048424536520702,40.21462283351662,19.946042965253923,0.7560988809215483,Mustard
41.88016299741696,18.58156713695958,41.75141971635506,7.193408045563929,0.4397868068606551,44.085409141258026,24.391208847224277,0.530854247023969,Mustard
44.26708709109289,28.72612380106159,49.94370740933795,7.31386517236395,0.7243167706975139,42.736948186868204,25.756680330693815,0.6062938151288292,Mustard
44.88846216340668,33.594551124413336,29.509509052526685,7.493696863797969,0.8054663399432958,28.887718967006446,18.687544902709277,0.7979530129279254,Mustard
37.01825874245746,32.11539572206972,40.062953961275,6.6614984682176965,0.7872595564811552,42.791766876304536,21.756030400008786,0.6191823970348542,Mustard
46.51772310248029,28.012446251779668,41.55065153720535,7.14543580216637,0.8253033969608655,43.82755080956926,18.968504070518254,0.7686042931534718,Mustard
49.71294545344588,46.597325699979564,31.973639821063003,6.960444823650222,0.7705536799215751,31.73741041768644,18.85884876601895,0.7997651042831856,Mustard
52.37461531349306,32.06975891281131,32.33811607523081,6.8618550039393735,0.716633897907595,35.54489919229595,16.76217985216931,0.9036787467813493,Mustard
63.37151486322045,16.448960725500513,37.603372740655495,7.076353747499687,0.9417617579180264,35.25804543029594,22.556284896889224,0.761571595236784,Mustard
55.34121753963833,24.837416144110364,22.55135475807863,7.121773548282966,0.7074112548363494,48.43679684667099,14.683446714057917,0.629719015764671,Mustard
38.84078152346933,27.673363507174862,37.34989164766885,7.110946006080391,1.0279475204629391,46.03989091431705,19.57118599832059,1.0163056542559687,Mustard
58.870903339569885,27.816082490370473,33.768136770722194,6.90674661804393,0.9726597227721155,32.2244973588572,18.026156347690122,0.37489506318784355,Mustard
41.013398712268234,37.45331428781802,33.631090818654805,6.973074656385694,0.9556318287711022,31.982100537638985,20.06321553161059,0.8335494243248237,Mustard
48.06563166611981,36.84715311883196,46.377187156417925,7.185525133258586,0.7573265951639883,37.24691709103792,24.828722132416587,0.7471252769992747,Mustard
46.80956589772397,23.980284617382313,34.1768495994621,7.20058460412278,0.9029691420992935,35.84497412119482,19.281534592631452,0.8787737977024146,Mustard
51.67780812664237,33.73828158803565,38.96793925053797,6.668751611414137,0.9544698173498533,48.54405981784099,19.34769614694939,0.8466142093541236,Mustard
50.45226718521228,35.79370989789694,35.45842837901373,7.2482439571408985,0.6070636773158722,40.265165761387024,21.782537152693802,0.744444928936893,Mustard
55.95623656004037,28.900308223626983,30.072902542954477,6.541059000234539,0.8454066999254204,44.13499957455969,21.902521284372774,0.4901221627515968,Mustard
56.75325126326633,23.17905425209201,33.909666728348036,6.840731413135889,0.9834499767664775,40.75259774033476,21.694921388424596,0.9765706921786577,Mustard
48.97852473006747,25.963242529560272,39.149621248,7.544638989086465,1.0312680527657916,47.565548872479916,16.01605887525445,0.7580317898436063,Mustard
42.31982250074346,25.23912596549308,34.79914405466965,7.030417514763202,0.7751216196016056,41.50771008166983,19.566282255502784,0.8053658311774174,Mustard
47.27574840820573,32.63146351194508,43.814491718179966,7.15538764075498,0.8987831214781742,23.3046003998688,21.284319984487524,0.5632115046614437,Mustard
44.13762175299707,32.59732889681845,46.99726121412091,7.515850384406062,0.715756342625717,29.473096989100288,20.814292922967063,0.7363641631056841,Mustard
32.981241220758996,29.883778986489418,40.377868511720806,6.655557517789901,0.7010829215738177,34.84672051710198,19.469349377491458,0.8040957258663197,Mustard
41.73519326424743,30.387217782171533,55.21560047215962,6.73223312084995,0.7694013205397424,45.424710994327306,22.4701079778319,0.7622201310468991,Mustard
63.08967568765334,32.22219154410392,17.215066848411738,7.0271587924852605,0.7858032751804981,51.070493990844874,22.41156016053757,0.46154638353090843,Mustard
58.50318063587542,36.575574381591224,32.07984083809255,6.978036269577597,1.178435408227304,24.227904673800374,21.113495012599238,0.864011445268755,Mustard
44.112869692879656,34.53536869199253,35.92839082902041,6.780469004480663,0.7381939965171495,45.69543413903288,18.410733186154623,0.47131285924063604,Mustard
46.223986917214994,26.408430053220407,24.208026872842606,7.0200892812590086,1.0534553480173992,40.16120051353135,17.334397859835626,0.7722705343605327,Mustard
55.35156382076454,45.49123914307845,47.97659627239115,6.718499650744366,1.0716165476189192,42.05219136526078,17.119752097826797,0.7425692817732955,Mustard
64.18676697907091,38.3710494750342,25.878951743870253,7.003840820727783,0.9983348860613693,26.160771186886826,15.761405590776036,0.7231941766162991,Mustard
46.67675049934019,17.128267465760736,38.49176173136863,7.304349556979557,0.8563396662290976,40.47849428952943,21.428529291710618,0.7658543914441083,Mustard
28.313774978347833,23.66415165520467,31.437319074302515,6.758968425779868,1.1933936995954268,45.075807506139064,17.2256864855085,0.6678496363308243,Mustard
56.30392137050328,25.47632426028156,42.664254689098314,7.387290313356983,1.1432281929293133,41.44323315667064,23.127562493288224,0.6216642975122033,Mustard
69.85881337946097,31.685946790041772,45.32114745898906,6.898637519475768,0.9998829066502983,44.347707845291,17.677915814337457,0.5562334945132363,Mustard
42.95497443577458,37.73732780692194,18.517151205394832,6.898402218486045,1.1619745245732367,30.142964852498515,23.134751658139376,0.5308310535148492,Mustard
35.83458385915599,28.969447554868108,51.86113161542842,6.8207979850045515,0.5534074423275541,28.784511620167,22.329870475681275,0.4967889572361577,Mustard
56.87964575481166,30.488535747704237,34.70955896046551,7.0832451888686485,0.7398159328206457,41.102975371961534,17.017317508157365,0.9023336394481096,Mustard
34.7270477008933,33.072164444465876,25.687247279654493,6.850702715782406,0.825233593168038,63.8507838473708,19.96388478316196,0.5767705304439692,Mustard
40.55444388226123,19.467292137487313,33.53492670690448,7.518304266034483,0.9672079061960053,47.22720759781483,17.72514090048724,0.6694986746137439,Mustard
47.03902635256169,24.92285218701624,38.60006063057976,7.172319956252855,1.008569610167308,38.79133378129323,22.727278251631404,0.6613573842222281,Mustard
41.51179212222721,40.090773049703216,25.03730330269481,6.523168702180065,0.7264367367523814,43.09793541342432,23.20897753616297,0.6009222237727577,Mustard
63.148375202904205,30.190381479934192,33.96023407521629,6.762017320570523,1.2902710337271266,38.797688975848104,16.67002993452072,1.068650300324569,Mustard
48.93670093852347,35.59181315422996,50.134041987566505,7.172049523087243,1.0949778714088911,40.43460057862444,21.834330718588056,0.694876327816506,Mustard
44.79789914158936,30.838017295737625,31.428663685584358,7.1412257938940575,1.0003690350430214,46.55133279915672,21.599016287588682,1.000006457742404,Mustard
55.52629739636567,28.54923676709784,39.07764353443322,7.395555471964804,0.7100053621968938,56.11393434492937,18.06340141562545,0.8350413089856661,Mustard
45.06600440224491,29.643473200598915,23.27378413716957,7.254100026577783,0.6423283629788655,28.457838137106243,22.89925754601644,0.9684408393689619,Mustard
38.32754233769007,37.02176456558665,42.16873718057911,6.974374765368786,1.1671633763208449,38.69102255778749,21.293835363297564,0.5119345174986011,Mustard
32.88970369848928,38.183314753521465,39.960846904160704,6.960112074737383,1.281569040192895,55.17852537465658,21.097919999400332,0.48165173226501806,Mustard
43.88401011999664,24.17192719002963,35.80562231731664,6.737836793358291,0.6607548151146789,21.89909405019558,20.418143283752425,0.35518553248313606,Mustard
41.79759341248892,34.860778812850064,28.50113881516347,6.696248016360148,0.8864306084882594,33.3711557721956,20.464144807480928,0.5450755201732345,Mustard
43.955060738169756,27.575054947120282,34.89630546039564,7.457842446324812,0.939962174983432,44.03555297807221,18.43801729037838,0.7334884628340019,Mustard
42.251965597920666,30.207592284958498,40.8405101377899,6.859934524730859,0.8203909127983215,36.10868264574494,18.73570089148255,0.7259852845860422,Mustard
41.36018074677377,40.48569454505002,59.1124644007475,6.8409761601475525,0.9588005716409389,48.3040606084419,19.335627344940054,0.5508413291041401,Mustard
62.38173311464758,34.80310105663642,37.86821407675752,7.406146272036663,1.054046634764747,39.61651971231523,17.55842283561619,0.6260002383363527,Mustard
57.048232053385135,34.77459958366964,33.32000042560094,7.494637694458725,0.8685557427218377,47.900143685849265,20.550097618216835,0.9899429556134125,Mustard
52.53045487061327,30.323116368491434,33.39078669109844,6.99569569970259,0.7549205457715318,29.06637489969107,20.771838475272947,0.6199722229953436,Mustard
39.63824782354613,29.378118344168524,35.47001094557541,7.002065283243773,1.2476590703616899,45.29903574329122,25.26953894582573,0.6341514445203226,Mustard
52.83720643128245,27.316112215591012,29.94981327867598,7.600751935393784,0.7463703461209367,22.146127974219294,18.230126727087864,0.3987514507378943,Mustard
35.48675498928165,23.98933925404986,35.31753588366395,6.426112944361492,1.1391904452162263,24.993845892736672,19.680622943365297,0.651376778351853,Mustard
53.25350359901293,32.46080292430496,45.68185629134686,6.898793078246153,0.8070506540663867,43.30232788042545,22.573004698819513,0.8237603644123082,Mustard
48.21814213467594,31.628637515874598,34.67339788579577,7.114780446054942,1.3069868888958416,38.05941294754497,19.088774596461448,0.6338416201070237,Mustard
48.89372758122414,15.147783116321332,33.78444467179097,7.246581118349994,0.7947538412275561,41.49363703851078,25.273338658266145,0.7497399812468114,Mustard
22.607733787129046,20.130809434098836,32.74097073719765,6.774928745700549,0.9206766411601282,37.64339182174587,22.91517883207825,0.5363002829235183,Mustard
42.925006178231634,31.520809410926308,38.070209991517686,7.041105472401841,0.417745315328376,40.66633662406452,19.62311406781186,0.8296164629369284,Mustard
52.229703085694034,31.685911576953202,37.81847715565181,7.378667267784307,1.1300592214191383,42.20265601808929,25.363545719065012,0.605770551316451,Mustard
33.14556891906773,29.924133951781933,31.635711240866144,6.309704433348933,0.7695238380017229,42.74868123043819,19.854930635611623,0.5835307882458662,Mustard
45.42325519556073,30.861507354701963,41.43566945475207,6.820379819251994,1.0747713581032914,31.274856205925243,18.741557702000808,0.9548489802401066,Mustard
34.761222324028154,25.38862881158436,23.722000454651134,6.768365412672666,0.9276726316057539,45.6523383427436,19.95340466620332,0.6512965226169001,Mustard
32.57226113880027,24.910086813726387,21.085677811511438,7.206236694967671,1.0612146397294424,39.67641920534763,21.103627459711507,0.8314348860020844,Mustard
46.0120888768254,39.75527478794698,25.785865733824714,6.902372336145968,0.8064515663904781,45.17790475223607,16.414646676684807,0.9171961910671826,Mustard
50.61774380495053,42.2520613083258,34.634859079537534,6.845910596284548,1.0314212179521927,48.24452062331419,18.213947898821143,0.40036052386245197,Mustard
26.73734608105725,31.829694480928865,48.86170449085179,6.635765173503756,0.8455267313547153,37.212403582144475,24.801330168062126,1.0388043629631116,Mustard
49.24452688282599,36.286002568450385,42.83179094884877,6.6415099605020105,1.039704603087173,31.843148229599272,19.57116042755846,0.8709605567624696,Mustard
45.809333258068555,37.717475087422606,46.69337097789709,6.508058565307826,0.4644604874238742,49.29673963864893,23.006018424915503,0.738489192445459,Mustard
48.92216016937131,36.251333886579296,42.86968020216671,6.914828484874223,1.0911700470679087,37.22821481530224,20.608877752078985,0.7300033683271975,Mustard
36.40560901376267,24.79908899653705,55.106979891033475,6.750271989223211,0.9739918533311075,44.63839341173286,19.86445927179525,0.8007234903044733,Mustard
48.28983266072682,23.908239163178376,39.83135564724724,6.847482201631582,1.2481338366669652,43.43300221773668,18.249616184786866,0.7513434330922966,Mustard
35.7514556109038,31.804453559955146,32.968719893001406,6.768476072849832,0.7321117210926045,59.47947406530467,20.22848070425422,0.6352391253056204,Mustard
38.950814002581524,33.29816272031809,29.25353568902066,6.693506969269751,0.8935171206191531,39.68024728678933,18.957412554433926,0.5663061580840515,Mustard
41.09028399196506,26.712538449792696,29.524722418403897,7.077420019106835,1.345245596594847,50.65412136269892,24.854798673221286,0.6148463036448939,Mustard
61.74688237471191,31.590930714584168,43.877271425477865,7.128157108253483,0.8313465567579705,45.75598094884836,21.21232638404619,0.4347720250880656,Mustard
43.75875768886872,36.106829306047956,37.49679451874499,7.131451871879383,0.7497152345710102,42.04968485123745,19.759143472022654,0.6694820148095337,Mustard
38.20743571966624,36.40403648264213,38.109217245611134,7.068473376983016,1.3101569324983156,43.7903933561397,23.001241719108485,0.7409399241341647,Mustard
41.46836311988309,22.586038748489486,37.17251115198003,6.254222929372178,0.9544934151782382,42.52318714395891,19.456081050382306,0.6861450458611928,Mustard
32.48830481940907,39.699225340495076,31.964741395014272,6.727814031007057,1.008932213046698,40.88604886232267,19.104163038681023,0.6303949951708838,Mustard
44.943613072586885,39.42071179374756,39.22591769437889,6.990365681457903,1.0704867751442482,40.22025512902594,21.003880689588375,0.7226691597980005,Mustard
50.89780418013846,26.89099078055144,24.745914227936815,7.253917482116143,1.2009856635625928,31.264951329922425,20.448229185366422,0.6326694716043583,Mustard
53.833786920007626,31.726520143798684,64.94725057786951,6.915598624113057,1.2074584673950262,53.07704516280908,21.33399364762516,0.7055624979067291,Mustard
45.948376974900285,30.07143396473961,45.19969741171827,6.755661836818241,0.8678032053844209,37.742512338211924,15.6845139471901,0.8288372364643617,Mustard
55.6291938139334,25.560470965069037,44.27119210989271,6.55657583810956,0.9047909006404871,38.989932234490226,20.21937177099898,0.7123817755378143,Mustard
44.229583367785885,27.285589592087803,34.021646283880116,7.381701946948397,0.7842562100182198,58.04272010549174,18.41208886821689,0.7360088825375369,Mustard
50.71206503169896,27.9577086625259,47.44126891205933,7.152659299345841,0.8590195281832114,50.97011818435852,17.461270548704434,0.6151774720697267,Mustard
50.62570431927742,35.61026497790174,37.90359696639906,6.964386149796101,0.8497111864114242,49.051207407803105,20.600986623840598,0.5691641841398948,Mustard
35.70097636804908,40.5942291881575,28.531145492101135,7.076364698783748,1.1701812869474133,44.33685832623594,18.10589398082479,0.5476458857224427,Mustard
63.698884728463604,22.711847856448088,30.02057689488884,7.104301018813002,0.8562243101847028,44.590441639164965,16.330569686438682,0.6684400924140401,Mustard
51.77688747342552,34.767511539121145,29.84792051326376,6.713921187512606,0.9427426214837747,29.500298835007637,23.21067648990977,0.7236113146361443,Mustard
38.031884237780325,22.618490148297347,29.30249000786864,6.562659301050232,0.9989558140409963,33.577227272368454,20.999179404390155,0.780631857619356,Mustard
54.65997231882817,31.762933178964218,45.12710934047158,7.388110921727134,0.9516430340979973,42.54821259913568,18.60631550262867,0.5518562949161484,Mustard
57.820745093111064,34.240205987077836,41.181461506241256,6.834601310105663,1.2247843007224484,38.171088603962424,17.99539821795332,0.6139488812205238,Mustard
60.7119161671924,22.222666617931438,28.23989740949455,7.811582609207404,1.0882075472649748,34.1355532365983,17.29638160330302,0.44909542099779204,Mustard
45.97114146221544,35.09614248118836,48.669183889108695,6.469684597274237,0.6349236994854465,39.04359537946501,26.969175139647675,0.8328853753596256,Mustard
48.72799773755076,21.42553486631413,15.920132308111391,7.010877911965345,0.8801261021689498,37.85753983558983,19.048915830876357,0.5877468969340303,Mustard
35.22357872964578,39.72655458759715,27.021245331361648,6.922678543544859,0.8921843788567667,45.65024268025036,17.870424147009054,0.8467102032250409,Mustard
39.203336384467214,28.86671981520509,49.78788727093838,6.728616240332372,1.044180942488135,48.0368869444764,20.77474450560081,0.6823703766722239,Mustard
66.25704035082167,29.903082239064506,36.83669750029522,6.905772503314292,0.9302163714759442,47.712943829651635,19.311736647722057,0.38372043081044127,Mustard
50.13570182816821,22.451658912238305,41.67688797763255,6.999629075116523,1.0886218206623033,32.41324985666231,18.661946990414183,0.6489945961009973,Mustard
30.177177973829046,37.779941461007645,20.371193754998018,7.307247813033889,0.9848796957347316,38.40906134125718,20.862790371586946,0.7476599932495485,Mustard
40.99572088421979,32.08704870051862,41.58064995665306,6.735488844050115,0.9692389904679152,18.9893992300219,15.176000250249846,0.7846789977334645,Mustard
40.821707681557996,24.02593279254537,34.52277073798747,6.889133536635216,0.7022784404374038,26.88760790453358,15.079606323166086,0.8108188577889782,Mustard
