nitrogen,phosphorus,potassium,ph,moisture,organic_carbon,fertilizer
15.127832483910517,49.63920077253124,82.7118298059963,5.703143004484014,63.34825305185558,1.0149613805179967,Nitrogen source
11.05018947374597,76.29163047650025,59.013754939531594,5.813326353056485,16.03384193417916,0.6867576214817182,Nitrogen source
43.85460221567292,27.34648561210856,97.25212554575937,7.260724044254801,19.313710765170264,1.1204963348037031,Balanced NPK
89.58302059545798,43.57014726956422,119.53437168893433,5.992177455948365,14.091894679626883,0.2374480731940331,Organic compost
45.2602863703069,42.34384790627392,18.605416500107005,6.980295132115559,73.06093956724087,1.2359216591606934,Potassium source
83.97154203180403,54.629877090803234,90.33306224161034,6.729722344986784,38.12598726614847,0.5986521540485479,Balanced NPK
20.958020127745748,47.16219087634306,61.97698925971745,5.416160133684766,28.778882399108774,1.2233637832346047,Nitrogen source
38.11644538337062,36.928935728448806,27.743842144333982,5.594463141983895,62.94420030498649,0.28667646148877207,Nitrogen + Potassium
41.35287583221079,78.56333674937781,62.34822052776417,7.121746699571818,54.85527205365548,0.4549802830975938,Organic compost
50.627630336499124,35.05299783217576,35.37515209884265,5.818943341788361,52.55085145513478,0.34101826831509785,Potassium source
24.20599911491719,47.99765366413695,59.42718738399524,7.1417671303916945,11.88716600646709,1.116390445459408,Nitrogen source
103.48786060207227,44.31052240485599,102.49243515518745,6.398819284553813,15.524698117124785,0.690807421674879,Balanced NPK
59.100522715377316,69.91532765073886,46.81881644817028,6.102852888651207,72.16122041390669,0.526255804246413,Balanced NPK
80.66911891610643,29.49752846909296,114.66014786530555,5.663687241396901,60.67567987122766,0.9150833420456872,Balanced NPK
117.65786017151778,79.55423283495047,97.30679104663221,5.362096229646662,42.830486102869706,1.3108668650384872,Balanced NPK
80.23316202003957,70.92270451130908,97.93028309950273,6.095361682223473,23.654576556013225,0.6193330691498056,Balanced NPK
86.55394901589365,41.07987321066785,14.823302477640869,7.598669436601639,13.128780651980424,0.7320955401422629,Potassium source
60.85128115336702,42.72701386586065,25.299997706445275,7.617265634579552,69.45605612250199,1.1072707173260998,Potassium source
114.61777195552148,24.312547953464446,27.680310327545612,5.235533413770463,60.50638151398386,0.4107394516894469,Phosphorus + Potassium
113.19995672156357,49.8762857395205,98.45492329269678,6.521444445687281,61.439210471036645,0.7767464708063629,Balanced NPK
69.26401885954272,63.01862997642963,36.19689110967299,8.095783295890914,60.140918027872914,1.1705021749747488,Potassium source
36.19793073727493,11.759553750911207,18.01420963812736,7.264557959410852,20.500166770288683,1.49894888551292,Phosphorus + Potassium
115.71524271446401,7.188256771301891,89.75633472831983,5.912702188005066,33.86298494373715,0.5124035681522789,Phosphorus source
101.36001854197663,72.03142443159278,14.444171243076429,5.945133396119681,41.40889236226596,0.8783686410592113,Potassium source
19.641156595781325,67.25211447318341,112.73778895105784,6.4100277903831,70.00638558362093,1.0792613570826342,Nitrogen source
75.0917972188612,66.42876124548201,62.03325788017802,6.917006230933286,29.226610172658802,1.1258401876374327,Balanced NPK
27.49684219228851,23.237117354784484,62.79130496348108,6.34859370043312,26.770483601244383,0.4494551104846296,Nitrogen + Phosphorus
104.69868944894766,49.31441730419998,51.513192491325476,7.960231578323593,67.7612340698073,0.34415317397497536,Organic compost
72.4014189054553,27.920968754930946,69.49183621600466,7.512995860003032,10.595531297540683,0.8676377637484032,Balanced NPK
42.090557406572,45.050817511860984,22.082635848617308,7.861482463823363,48.05679164007212,0.4743824855676642,Potassium source
94.6653201845026,7.8336821239618395,75.21057285769973,6.756165693154829,12.775151068204964,0.5246171151972268,Phosphorus source
18.485448496897902,59.929019937819945,87.63480669493552,5.312542888169015,17.64450292610578,1.3443668776244286,Nitrogen source
32.09321873032633,27.774580341325446,85.27081808331071,5.21253127906198,76.33595582307977,0.229911709223669,Nitrogen source
103.40567623923442,32.06795424184658,26.504391456006726,6.321218776746456,78.09890846398754,0.8876711208615806,Potassium source
16.520820521101328,75.6156399177972,25.791771009576244,5.191406636400719,13.179813570330294,1.2742353670451272,Nitrogen + Potassium
26.832113033039946,18.4237171039009,113.8526885586716,7.140639008879976,29.979341286460087,0.9623911681979143,Nitrogen + Phosphorus
36.74017703603039,42.069888342726294,46.80846994916438,7.179192879815291,63.11660694680428,0.653059774245609,Nitrogen source
25.83043304020254,31.680545387556517,93.3970372178439,7.75478602230018,64.98856701002862,1.4669441365979594,Nitrogen source
100.72610969244822,77.64297729426733,78.94716225642621,5.802719289958185,52.573740597129415,0.4571842723631542,Organic compost
19.385887875963725,27.599338036770643,49.905311147478876,7.481107778227748,35.415369788259255,0.2040929215547983,Nitrogen source
110.86354307357784,49.205314317384804,33.1833882941892,5.883006689348129,18.689816561822347,1.378510772687206,Potassium source
35.32294468499077,75.54853516492936,39.07424940667711,7.797379187579149,10.731650669163695,0.828255673782377,Nitrogen + Potassium
50.613598630541816,30.09393192004099,119.13719230593061,7.52303348979712,27.90445433700057,1.1781742812930014,Balanced NPK
24.252564946680454,74.4446340605351,56.902484713600295,5.667320191853608,29.0974338905391,0.4016934918712273,Nitrogen source
112.3613794110492,27.942020939854228,25.71359758907792,7.845152712018149,24.92813851738321,0.32239545505322253,Potassium source
83.5234402814315,5.555426372323087,101.56626530427388,6.969483477540109,27.277289510582133,0.8156718843916473,Phosphorus source
38.86564451178694,44.964284110573956,72.88085333245667,7.700887559756649,42.62611940529321,1.222629155523808,Nitrogen source
17.616803521498028,74.1007198856727,30.405959529196064,7.928020688622495,44.62422486074144,0.3361326280528699,Nitrogen + Potassium
49.5782648347784,73.87479608820502,101.81853509397418,7.5281052329855855,36.58921166907363,0.9654280575578715,Balanced NPK
35.53341680306423,53.58826349729644,38.70343581525574,7.901523868344013,59.31487573584641,0.701916502763396,Nitrogen + Potassium
82.54301249461452,29.3852115265006,27.12182442952147,5.823143819935415,29.018162381135983,0.49460160020784394,Potassium source
84.6191600104792,60.47460190362378,60.285312404345156,8.45727859836525,72.3714423694979,0.3131652405163204,Organic compost
60.649572193895565,73.1357531397614,34.229062922321916,6.324386089363294,76.28632192941257,1.2088810870957374,Potassium source
101.55575009401831,70.96128330487197,28.82932396541856,7.447459060606102,66.19609030810814,0.49442334787051545,Potassium source
14.769584321262066,18.37668607099873,91.55431583290927,7.430017230574613,72.42083035066726,0.6120389277281144,Nitrogen + Phosphorus
78.39184673584113,7.009505398858435,112.85927357564508,6.940724121686908,62.3869743388839,0.5689607386870561,Phosphorus source
19.014981043008774,9.711654406079413,99.61264321161035,5.53181082992425,67.68012960054139,0.5448453636387263,Nitrogen + Phosphorus
69.539925362146,24.643744462811245,15.509219497742171,6.89797617531252,35.698428744470675,0.7656429776644613,Phosphorus + Potassium
76.17147943731511,28.524553052563803,72.01859760000178,7.302206152505377,16.26814537561564,0.6551255370387079,Balanced NPK
19.89420279904311,5.520019073559783,15.63531679755746,7.072751762202426,15.901368939646222,1.3290520689692236,Phosphorus + Potassium
93.53884884229026,5.661370318672786,73.05697158788377,5.0358816939149555,17.64363695048835,1.4847240594902662,Phosphorus source
60.27255137258765,7.0408401274676775,103.53459704511953,8.210706906309234,48.38684078646387,1.117724732899157,Phosphorus source
95.81332505543476,60.100382568170936,64.39743335878872,7.91439553745448,46.91299645694263,0.5373542473422697,Balanced NPK
10.447382633344132,31.894244335923155,19.084423858385524,5.2214674652232995,42.8456962052637,1.4267767418999138,Nitrogen + Potassium
21.606587085964183,25.531249999758938,101.30859760732103,6.406403762225973,63.11626118660422,0.9050346299784169,Nitrogen source
76.4324444132348,17.08575228074749,48.75104264868336,7.176144040824212,11.87377375981357,0.4448244691637995,Phosphorus source
52.514406960046855,55.59459415841429,66.0547664646597,7.515562464593479,60.880343175988386,0.24037115991250957,Organic compost
109.18836545906173,66.8161364107134,39.81751512745742,6.695837220695283,31.570496607743216,1.3786348068819672,Potassium source
52.11008906935769,34.70398495894864,110.31032412283719,7.102428631288902,19.650873136865826,1.013821893423054,Balanced NPK
97.38925182253509,30.33808752078984,67.97061031432233,7.193945439478369,45.729170054196935,1.4988618623101266,Balanced NPK
65.74721317800584,53.25297441770063,97.29483802179769,5.478041145633634,13.073722398620312,1.4648868163844497,Balanced NPK
90.54850647266173,34.4961481643106,11.9435675318938,5.58239895335207,10.682345487807401,0.7153944461333208,Potassium source
71.03408686026525,17.043740082119008,80.38430406807566,8.339844383841397,79.33153233878629,1.283116360949281,Phosphorus source
58.827229912019455,46.05570335546785,65.36376739725642,5.544833539039822,69.8089919717755,1.07852821800516,Balanced NPK
80.17291778078456,21.524837625235918,26.847522864484866,8.055592669620921,22.558976403555036,0.2958340082144289,Phosphorus + Potassium
78.81657212426583,57.8257442982143,23.15846513424762,5.724007918616446,65.21346565430775,1.4084607596548766,Potassium source
62.413758874380214,64.40037296393001,45.134012966698805,7.461318792569039,49.00543215950282,1.2961741876520403,Balanced NPK
95.34912054363589,26.310191133931525,26.440074304405154,7.826798704010352,12.295479969664953,1.0827504561287735,Potassium source
62.350566855085106,10.647447922011665,85.74173443906255,6.690059303795416,70.20709311710424,0.4712215078439156,Phosphorus source
10.252952901831812,14.786511339642415,39.65710361040741,7.282855289453883,35.3850259261057,0.35372098729688267,Phosphorus + Potassium
117.97308094866312,13.117058390862313,49.0632377336656,8.068114897721038,55.68307615096031,0.6157372853947983,Phosphorus source
116.73814576080788,42.58239157308001,10.892088545647646,5.021571676529679,75.87065307107179,0.5655348196185239,Potassium source
99.32714626396749,8.26700164134255,26.16088202093816,7.998728284439556,79.58639217883724,0.2674998109373511,Phosphorus + Potassium
28.440067070583073,59.21839181014207,68.24532519118483,6.420881161400894,23.612727656650478,1.4290659662074423,Nitrogen source
28.949540771344513,24.893717435393697,45.67279366307105,5.485041187466428,47.53631393639296,0.6437225984449166,Nitrogen + Phosphorus
76.86322505891845,32.5893565763811,22.8065881930933,8.054090819957842,45.67564511925977,0.6184056369787725,Potassium source
11.800122750203654,49.83848531624504,96.0754762977117,7.275214375759946,65.1403520382791,0.40148158929524547,Nitrogen source
116.88732764773405,20.8499966046939,39.34575595307812,6.793153469620632,10.36368688815794,0.7751830345540742,Phosphorus + Potassium
31.529780273410164,61.17635888151915,93.35287225998856,7.1550719562415726,39.51796227241657,0.6033042220075835,Nitrogen source
101.02081723339137,43.032021441029755,64.61134645404277,5.39701511108929,25.286813349914105,0.6686360794938226,Balanced NPK
86.87381270622255,68.39532433973066,119.21463045129555,6.496012355084105,41.72430430622414,1.1958787034586296,Balanced NPK
45.33496740675168,45.53884820105903,84.4719055449649,5.8268739874662145,29.571296456974576,0.6630478283457855,Balanced NPK
73.54533185323882,25.281159012216865,32.89845607587931,5.5232787552048475,66.65169284974064,1.3517629464429513,Potassium source
109.51941403030153,66.62252529584379,25.101814549374218,5.342131794566605,44.94150304566237,0.8778550389758313,Potassium source
90.61055117060764,21.71605652421568,112.40446368436814,6.084754275483259,50.446626563943454,1.3234776896483247,Phosphorus source
67.57929193359698,61.5168083625003,92.3928820448032,7.765074362784773,66.77337855328568,0.7102018315142535,Balanced NPK
49.99118668888392,65.26235751238522,73.76814321158031,7.1269964934206635,38.83420755558491,0.4620990562755577,Organic compost
60.2623626181973,77.72348493268018,41.99535671727743,5.952028844809481,19.15489229823472,0.8255345733127755,Balanced NPK
41.73834354835728,56.534279824733694,24.86370398356273,5.8655936894344824,14.329573463571297,0.2539121760577056,Potassium source
99.5557819752594,72.94085784691438,94.02777189056675,8.02807214579029,16.061730327591643,1.3675745655334166,Balanced NPK
61.264382011785976,62.64828671981368,77.7333017259318,6.224544356273489,28.535932290365366,0.3535692109813826,Organic compost
55.39162116291424,42.05770370971581,118.1426603668331,5.130516667150547,51.31044135533511,0.8824932685068814,Balanced NPK
12.518580934150146,29.730674825188977,56.522016530457144,6.729944166087229,26.341926019332135,0.2443302858666565,Nitrogen source
42.32274241457843,67.72713818251911,98.86436639128223,5.6326277107558305,55.24101159603612,1.4007415872057734,Balanced NPK
28.931846004336734,14.650725515588485,12.436089343237324,5.603440126436812,66.97668044779121,1.2581866622107347,Phosphorus + Potassium
69.44972847319107,30.017335770044642,98.7458460902181,5.682553352094508,19.78977930686286,0.3159732833125891,Organic compost
103.64585411746522,58.613223516446624,78.70449122123622,7.54613611773806,20.043508454157333,0.7002258137385555,Balanced NPK
99.55267523555516,73.75741321108246,66.44051973145753,5.4272150612904255,78.49621326888897,0.7135371038079878,Balanced NPK
45.08941304961712,13.999318678623291,11.389258309418661,7.1128566870319325,52.870171304409354,0.5045134777386786,Phosphorus + Potassium
27.818543176187276,44.60066003742002,57.89475405644805,6.062789133102196,25.276300338195497,1.3170976157353695,Nitrogen source
118.22107550160494,31.66862992870427,86.79438647079836,8.029415250150652,11.88557465708231,1.3804843446450399,Balanced NPK
64.90638921567715,46.7561945301755,69.38606516122493,5.85024517693132,64.75690086934985,1.1520398842964121,Balanced NPK
20.53715839201663,47.20936808761574,115.27288218755997,8.049051051991732,53.813305994412126,0.4583013468893876,Nitrogen source
48.194544302937246,16.276855209576688,100.41236764885582,7.725347909453794,73.72508151349737,0.2824142117122089,Phosphorus source
116.11848298144415,77.48205024367196,84.18507729053985,8.08611887374003,40.690651122784914,0.6074255913072448,Balanced NPK
26.980530160531796,7.368460243606535,14.619708799721074,7.420483476614336,33.56022658572038,0.27028017692443,Phosphorus + Potassium
22.342254054476985,54.89628237230748,113.25482368323557,6.4279236731126845,64.43602972461491,1.465656353148305,Nitrogen source
87.91292287837128,59.225482500093776,77.74908735998919,8.421867801409512,30.98642240489741,1.2178849862489334,Balanced NPK
55.658586843334255,16.656473156794682,91.33096122046189,7.902906701489025,70.45193836115628,1.3984420434318572,Phosphorus source
91.9402752554837,44.5713916355526,113.25649690394559,5.733479866531336,15.41168343970891,0.7611134364886243,Balanced NPK
74.04404462999638,55.999203872437356,99.6964165327007,5.0936482573479775,66.14324387075193,0.9801672833260486,Balanced NPK
114.82424704815199,31.092306722779952,77.8676305415459,7.6829194219937715,46.14767945273199,0.4026798453804177,Organic compost
15.477974922197724,13.355049600437903,64.43950405825552,7.238630707272023,49.93647460713265,1.126790984395097,Nitrogen + Phosphorus
14.289410793191166,15.22555411468232,93.72541198434486,7.734138289671453,59.160568402241296,1.1690590562447714,Nitrogen + Phosphorus
115.97840951525629,75.81640053147731,80.89300247157487,6.117671025581503,10.987692361315112,1.0210905571815474,Balanced NPK
57.44342315207746,16.027058884865838,33.67835228050531,8.277852605684956,14.635577845920869,1.2237120082967263,Phosphorus + Potassium
109.22542642606828,56.626064350871275,16.74758054471615,7.960485229860236,55.73022587426384,0.5601427691834544,Potassium source
79.26209211416149,15.240708872613421,87.84123082594778,8.160484663555227,46.517688523286196,1.4377377363574568,Phosphorus source
58.190446460247095,69.31752738360909,95.1013257465001,5.309503300201485,73.88568045529277,1.3835559499940973,Balanced NPK
48.65574524852704,64.50791612564464,34.71011894839698,5.106375800677875,24.555599178169004,0.8291841908868365,Potassium source
16.35442538320607,17.000463733355303,114.54817927197416,6.728443189083315,67.61703708470249,0.46860957401536696,Nitrogen + Phosphorus
19.73738623998554,63.5411042008041,48.371721145875604,6.609315523751328,79.44903178189014,0.6114897487014899,Nitrogen source
62.0460371515323,52.610849878832134,19.797565880091632,7.5075123605511145,41.62117141925249,0.42751882079384573,Potassium source
57.35960456704976,39.5500885701135,80.48106723991536,8.27996835735287,63.554591220340605,0.6971850525334613,Balanced NPK
116.66130368032985,64.31233792424726,13.074698667988375,5.408052448720332,25.260781343134855,0.30855465790892567,Potassium source
63.39699411386799,30.55385316441248,117.02180101044942,6.654576340379105,24.850840212301385,1.461950097513531,Balanced NPK
66.52699705664745,10.479482850249514,18.896208312037682,7.3635243868018225,44.63571223192606,1.0115000587835645,Phosphorus + Potassium
103.46260090114365,56.103770823215534,104.79688438280265,7.5994097148430235,57.207982709573436,0.3751083637623489,Organic compost
63.11103741624321,37.48195195003806,69.47648831320558,6.369000010577299,53.43060739363932,0.7101926367671079,Balanced NPK
71.3379674595437,34.61564824121377,109.19440886552734,6.306954882449358,61.16527554129119,0.9978557202707756,Balanced NPK
52.40758807360174,65.57233013356493,112.03238863495388,7.661695161810595,76.40116321191076,0.7671986994241442,Balanced NPK
110.51140623125671,70.7167228215991,93.86260468632628,7.923202433038403,61.10935477271964,0.8660010009747252,Balanced NPK
70.76610662561342,36.32650832480378,83.07219573379739,6.136764572242626,61.77616342226969,0.8566499687351414,Balanced NPK
48.8506706836436,16.042093865395678,38.10784998976449,7.240701270261042,35.88945138885022,0.2431198640493673,Phosphorus + Potassium
46.271183268322375,32.47682742345957,35.7730968847222,6.002102600581647,59.34491997601967,1.1701463900444535,Potassium source
115.47888625911219,13.85661991027988,44.28975048056567,5.2696558409329235,52.93126137312026,0.2213047812949475,Phosphorus source
32.58919754777747,49.02350335332138,49.46125120907114,6.905316906817563,54.81662559249649,1.290622088215847,Nitrogen source
53.21627434487176,25.9172685978965,69.26856468629774,5.243884576860501,12.933995593319231,0.7879084055128682,Balanced NPK
33.98866250365499,5.541243141002604,84.73075065570218,7.856544378609002,20.351499931916305,0.9330729564618172,Nitrogen + Phosphorus
118.23834481034066,25.156676254905527,90.38962053320442,5.567359021647086,75.24650871082606,0.20056366074144252,Organic compost
42.42031982523506,78.23243888175033,83.77592618017914,5.741459597894191,65.39559072715086,1.3675112534284326,Balanced NPK
63.59982878110362,16.701773990573415,38.4452324456091,8.300899410535092,21.277195793196704,0.6054788880375113,Phosphorus + Potassium
26.00914420832425,12.920443337789973,67.42275644490645,6.388482519530592,13.231790577700863,0.38875333971839254,Nitrogen + Phosphorus
14.142421754620635,6.8442462228519645,29.63171031878405,7.602772523227478,11.033897774637577,0.5958206523182064,Phosphorus + Potassium
72.12668781416153,60.7777676326958,84.56810888549597,8.459485546302167,29.293908369510465,0.200180346403373,Organic compost
14.204120346661263,12.313903281501876,117.27614574424042,6.995169030056117,65.95579737460497,1.4806027208010666,Nitrogen + Phosphorus
102.86946733779853,35.57119072740615,106.34695790733426,6.518128207772455,17.97776311313763,0.9125707562683743,Balanced NPK
110.73220748666553,63.840372472205516,54.211988518251594,7.9920319945972755,42.492774635578975,1.0899471449933595,Balanced NPK
46.64486856379527,19.603550507093424,44.48174441653445,8.063072710142613,79.2839689350411,0.5430918795803094,Phosphorus source
28.18997541492109,10.331204676845383,92.92015118627462,6.84800089411693,48.92701406561013,0.25876830237586584,Nitrogen + Phosphorus
18.91626906406658,73.59672422326722,73.44039069102591,5.767223384318666,24.52229075696742,0.5131741419901659,Nitrogen source
17.01336800476256,8.732243871992786,89.19838845887375,5.923148850568713,36.91254966880585,0.8985718027430991,Nitrogen + Phosphorus
45.20705038728682,40.908980993612914,105.15117196147159,5.854348185091997,65.38817711856649,0.5431332511524618,Balanced NPK
30.56423686213754,10.449406205057567,85.26216733651736,6.440718327314544,63.92988397435789,0.37247247034298486,Nitrogen + Phosphorus
76.36856085861629,5.974028354378964,35.721298314699766,7.133765210487554,13.922707377436423,0.6903973730008679,Phosphorus + Potassium
71.78291020293375,59.568992297195656,87.62216604652521,5.518632099686828,15.261924724010505,0.6892659197397408,Balanced NPK
36.48866445612006,27.926854611266425,47.67331137498876,6.390122325552666,46.302029147888376,0.2120948538458459,Nitrogen source
42.780260089388236,24.82753549021801,35.98453358139974,7.760167192577654,27.59085976566156,0.3962540333723579,Phosphorus + Potassium
103.70086067507113,33.72061223243642,30.243739688533438,7.629227494807753,56.002202993039006,1.4288896971242377,Potassium source
106.5575137525993,57.073652145934744,27.709023807615363,6.6911343345333965,18.31520831472195,0.9142177648090322,Potassium source
110.84619126410652,5.286721029283746,106.36162758911209,6.88761325990604,20.58746639240593,1.3126254641820956,Phosphorus source
69.05859823876222,38.612427658700085,64.96899861098122,5.5158005149453295,17.891672254113693,1.0600234015279206,Balanced NPK
106.84530559497625,57.08440333326677,102.48637089342225,7.956700740687665,12.242840165559075,1.202241368706793,Balanced NPK
94.93018275780481,31.248272450387827,55.0833911007299,7.609215000439834,79.05883186093192,1.4841727098719608,Balanced NPK
62.12271475537848,64.21630553404935,61.266764189373944,8.030857019418795,55.48093627130173,1.4176325082018197,Balanced NPK
119.69641774851925,29.764074525715678,117.72561946433356,7.423795383907472,26.66603401603228,0.20404553489577568,Organic compost
85.22223415890369,21.678476042024883,35.45164831512555,6.932588226982021,12.164814518547498,0.7412800317472661,Phosphorus + Potassium
97.93108193658095,7.044517910659128,78.63357369511589,5.554328803986216,70.39875620688372,0.707893007571393,Phosphorus source
99.33345619192498,59.28651980141439,106.56186385537926,6.809009632093218,44.0279103624719,0.2486596920753174,Organic compost
68.71954964808356,44.14822756080486,76.70342608079481,5.458575735559679,47.797753678645876,0.7902419961620828,Balanced NPK
75.55735903712267,54.54125623047168,49.75657497148292,6.764185725458565,37.656847351039744,1.1951369134893393,Balanced NPK
97.60660682888323,26.97060478174942,38.55005320652624,7.374130871491605,64.1811343722124,0.21412513905163885,Potassium source
57.017957961944866,28.079815881007214,94.31724993181615,5.502392536172922,64.47725521005555,1.059828602036895,Balanced NPK
102.72225310973815,79.2682510555213,62.421063205524575,7.4479402315385155,59.69726569224154,1.2979452241612262,Balanced NPK
66.99377000468291,13.07358054260293,117.72992505984375,5.198930706008552,77.36621548094928,0.5319656933908823,Phosphorus source
64.17323131140901,76.29961278078397,84.43265941446057,7.049464708218094,32.81250012184303,0.5801278580116969,Balanced NPK
13.605543050184531,48.97491702134902,57.31113921394247,5.7850541893271235,36.894988707102286,1.4232248705573722,Nitrogen source
103.32401302877052,37.28054742891199,117.79483292257602,6.617412205380494,34.43993147505688,0.7042967924133718,Balanced NPK
106.20783551617905,25.081606294323606,34.43130392531147,8.361915634535624,61.3988235599809,1.192915059195975,Potassium source
91.4319438739851,56.21805221589957,20.03727643318322,7.6378759652791715,27.424533009514413,0.3721268434711907,Potassium source
118.13032909973903,7.089783755670135,13.479970293087034,6.084693863547292,69.09414442585152,1.4713273577311765,Phosphorus + Potassium
23.03804951707157,34.657987538521176,90.77320113717468,7.25934886729552,26.336367524110543,0.6279677220999909,Nitrogen source
75.38121170458967,7.655491783575761,93.4051875090333,5.963917217462195,67.9842329025893,1.0887694943670232,Phosphorus source
80.9955972953273,62.55208407081,18.26479737784495,5.909897561583118,46.52162273485091,1.2103032337487498,Potassium source
103.39613279240348,33.65777410515679,97.30124162192804,5.770959385478855,15.770467022185384,0.5205584525873694,Balanced NPK
109.34629786662524,45.802731544141466,62.94840211045086,7.601671414804908,10.706505204653949,0.35379405430632177,Organic compost
20.95629983375089,14.125033330617685,59.87954011686938,5.982390200976639,65.00075054550513,1.2907508530846146,Nitrogen + Phosphorus
111.7433281934668,19.704679940044947,65.31368528303318,5.170442366998781,26.793568759394468,0.999600581683509,Phosphorus source
56.46315468496383,56.80244353548418,102.31501186094808,5.208372881094992,75.70290778394413,0.2551243272661859,Organic compost
117.98355948110309,52.822379381908966,14.763002121600666,6.377700863614885,28.07459200521812,1.2381440519023021,Potassium source
34.8000686220755,66.96593850898196,44.35755404800901,8.462002849335,28.92863749597752,1.0904490441927994,Nitrogen source
98.0213132485334,21.234456118348888,18.333131948589198,6.9293661854928335,57.39553441283151,1.2624590390951373,Phosphorus + Potassium
40.00403408361544,70.42144192684138,110.73433137958759,7.727154422642355,10.53177948550286,0.31338131729675056,Organic compost
119.7511089197071,60.046152073638716,78.94708005839485,8.154767028385526,12.774902566895879,1.1845912211356657,Balanced NPK
82.01453269112305,68.61656235836924,95.56946569955915,6.697257995006466,14.967791702671665,1.3822220026148695,Balanced NPK
93.98524704989545,31.729704855874015,118.23210719579656,6.088878770709093,35.93924285827741,1.4670784085465327,Balanced NPK
83.49221847654877,70.93961796771337,107.65295614085032,6.877569175719449,28.687677370512912,1.3016796187871522,Balanced NPK
65.20763237931422,47.326327754991254,69.55047597211781,5.033558211432953,13.210837343971814,1.0012996237015508,Balanced NPK
97.38810945636477,39.27789381154428,30.94491274511596,6.423223921702846,63.78264862133756,0.3412078034180912,Potassium source
71.62187752471748,57.66595973008472,55.74162359011049,7.104417418957351,71.84338620744623,0.47665720121949556,Organic compost
24.859147220953513,9.563622588585503,89.8834380761287,8.151857913541912,58.32755384149517,1.4693887298784465,Nitrogen + Phosphorus
87.89218097406938,26.637107734427108,38.11483167531753,7.3333427849162085,57.30681740217,0.8809560311073514,Potassium source
67.95779902450893,36.24810745425995,48.49131322317674,7.219183790968902,62.326210722922,1.2574274536883037,Balanced NPK
43.86205018232253,69.33006772137735,43.30164320496642,6.067073754540698,66.42016069365782,1.4601880649310883,Balanced NPK
112.54482644596062,13.330949950295457,41.73242757930561,7.659637840514003,66.43705170898036,0.855546487761383,Phosphorus source
11.771305584456549,42.638567998813,13.426161537607564,5.984884056780918,55.980203525513744,0.37498311955571684,Nitrogen + Potassium
88.37384980869572,51.603967727173476,57.26636404559351,6.30254268122067,74.02664801195841,0.9191218604820528,Balanced NPK
107.7789497383574,35.93316900597807,75.41041984045673,8.341130456405661,18.686019794046544,0.5416148654288808,Balanced NPK
110.83633374726395,36.65033091585033,39.92389271951819,8.490688990495979,17.15465156683924,0.9950059137892557,Potassium source
96.68819897098273,64.00542484833342,58.60262211652184,5.153863619715988,68.87189633778308,1.2435587165322215,Balanced NPK
36.11188275862001,30.53955677693401,66.38515642265864,5.3995029768221094,67.43951689696394,1.3987299624394156,Nitrogen source
43.90137645284906,74.30220990018842,98.09564633934718,7.547389054012797,77.84075998046197,0.6220452101879964,Balanced NPK
110.7207076902366,12.380269820669186,62.58155653467952,6.932039408411857,18.596743194585002,1.1585602078845463,Phosphorus source
62.269686021527896,39.165532963152465,73.95836324272348,5.471490881478605,24.001761221135858,0.43488975486882375,Organic compost
114.71258572033317,62.98924121118361,68.21166728624775,7.308092959805135,55.49846742981813,0.5410485131462525,Balanced NPK
19.526862060515146,46.62040713650947,38.93467382449836,8.057150770842442,26.52371309447776,0.944719917753881,Nitrogen + Potassium
56.210219208895346,60.717712022088044,114.58208389786638,6.440498743759413,13.104816925128784,1.0598608084762775,Balanced NPK
24.210336061069693,12.837612816946137,82.77139499595965,5.359843174155007,19.014399223019844,0.770804949416575,Nitrogen + Phosphorus
59.755869485738444,73.52857294500878,40.374763429486144,6.403272877040656,59.526471844993154,1.2751259170784488,Balanced NPK
48.40324046302745,52.33080650135605,78.66044760600563,6.061226677901006,18.303483642670386,1.0872722090700366,Balanced NPK
39.48748746797041,28.87117721387018,72.95906911081343,5.562831287485365,26.904880910842135,0.7799024620300696,Nitrogen source
106.63316069920658,62.91920934964202,44.93565389934219,6.0572411035285185,79.11414384646717,1.0493995554009161,Balanced NPK
85.40874356758674,9.134324404055672,21.546978710553134,6.030587722512914,68.94077856398846,1.3838701285108215,Phosphorus + Potassium
31.013228054227074,58.56475754192698,106.1551394242069,8.076153165683152,42.116508548098146,0.5364120353495743,Nitrogen source
115.19123445851515,25.7437353839338,37.79645672069644,5.719890082112951,47.27748224286758,0.3393396567747307,Potassium source
72.77564368637735,75.776696798568,65.546613879488,8.378716542814757,73.39924120658826,1.2299921666730322,Balanced NPK
76.8862974122691,71.05084008812702,71.04821713987715,5.725204597596438,74.7625632393485,0.8528468440102674,Balanced NPK
109.85228818539159,34.485939971929355,46.92967471872574,7.680969632694158,54.41118201473421,0.7716424154708859,Balanced NPK
106.64479816155773,43.74324601231772,11.407024043448816,7.4262134985559385,14.420966997809668,0.8254329782413301,Potassium source
31.128748068203887,23.148762387247835,117.77967198771546,5.397177595343737,63.03950433795626,1.0286786649731814,Nitrogen + Phosphorus
31.454696811012408,75.15034491993097,32.15580962733624,6.804546455387297,65.33653581355706,1.192642496892225,Nitrogen + Potassium
45.16788057432294,67.94542748015587,115.83062820158084,6.6590693855852825,55.66207097500406,0.6738683008067243,Balanced NPK
48.949111414102106,40.22868993647665,31.684640538642967,7.412905326195334,21.590253132606584,0.20673530274151508,Potassium source
58.342371416887225,10.73152109847751,71.86826396690576,6.821291687754316,19.60850784890217,0.5197959544231247,Phosphorus source
12.689744024668059,49.54648272239447,42.21528141125487,7.495446412284748,54.087811576088626,0.6856638677583877,Nitrogen source
12.389549198404838,29.012332874491378,45.73501528908417,6.164467759545147,76.74104065692882,0.4139275192003351,Nitrogen source
39.7065546311451,67.42992145508808,111.76732765931757,6.638999611124555,47.80341499411322,0.26871589863605205,Nitrogen source
98.88422719923537,49.59202772114326,62.69110653090783,6.059014537295014,41.063968954697145,1.1559056414445608,Balanced NPK
18.885156313666954,43.011064622354645,13.810187147944486,7.7028853078757,24.77125220841358,1.3744039928446183,Nitrogen + Potassium
62.37040358080949,39.294779482523175,49.638714769982556,6.807263152492839,33.66195345812096,0.667902019121206,Balanced NPK
31.517400817380132,30.89108373188496,99.28866092574347,5.859917909083825,67.48876803585793,1.319706536378076,Nitrogen source
83.29678347286419,7.3012943600880575,71.71368572644379,7.916021159758093,35.60483400489747,0.5676689807863116,Phosphorus source
45.35144854586353,36.7307297899938,17.7186092986638,5.831897847564247,55.285453608838225,0.8142295145833334,Potassium source
37.20754767510857,74.81593681606567,42.50966238074807,5.452612555008078,23.95438563462222,0.5855602485964337,Nitrogen source
67.4814978969174,9.974050997280202,104.04362830540529,8.071168255274767,32.28454144419218,1.2079061527384936,Phosphorus source
75.96620056222935,68.40830058212745,40.4662929947044,7.135825092013851,15.088636523712028,0.21228766890752254,Organic compost
106.21676737652363,27.091083526724127,58.995183478598605,5.811227844392713,71.37652193736889,0.6998944560640386,Balanced NPK
29.70306298510998,50.59946642950881,32.600965869153114,5.912414601855004,57.095653820666975,1.4469852814614623,Nitrogen + Potassium
93.02908549026365,14.310678510060926,44.381293274095654,7.787277327845991,29.260315228411798,1.1620904196329704,Phosphorus source
61.89716857628875,71.33063955955647,49.50640051180182,8.271000098366153,38.52042767727258,1.1441064242908145,Balanced NPK
31.471401316210322,44.80920878963648,44.11485158200008,5.044542923077186,40.609162880400675,0.42424533458687885,Nitrogen source
115.44437714868242,65.64415762024572,91.34776380736285,6.586662110936663,28.137337691957082,0.6216719653885491,Balanced NPK
32.48005798548532,46.39164954793852,99.24040395254704,5.655938069615337,10.318321467501306,0.36328847168032297,Nitrogen source
60.70253642553405,6.394702369434528,54.35946653034816,5.389053259557389,17.543649322618954,1.1263943219232935,Phosphorus source
119.94469302922057,19.586121403386908,35.25480288611189,6.037463818521556,64.95765392589045,0.8576618938584666,Phosphorus + Potassium
72.77447140627802,45.988036281207684,113.11084885392937,5.121985394075665,21.054092365652195,0.6967468767363449,Balanced NPK
63.683406640687906,13.54526824083462,108.24866252782991,7.372506188698085,75.25703505017401,1.4230416119429974,Phosphorus source
66.37863598426304,68.97561789709997,91.04300508078346,6.261778601155863,56.014449585747805,1.4385716437290261,Balanced NPK
94.0409941343198,58.205908899656166,34.40586427624902,7.908949718155103,37.276532707309784,1.011301293217059,Potassium source
84.54998127668134,43.64310700041071,28.214377516841708,7.4410968856393325,27.30696268176779,0.5449739338189545,Potassium source
23.94706449792413,51.49566998786842,22.914631547131904,6.208258886816081,72.26655387494219,0.788985838583796,Nitrogen + Potassium
108.39551882017442,41.95377244273315,29.671718919095657,7.656204938756469,34.74132070354747,1.4563337864867292,Potassium source
38.83421479917207,66.66105669410706,64.32463856315275,7.947462931127353,22.81253615830743,1.0237690277555724,Nitrogen source
22.45042249393131,65.41368846681425,35.921898805105926,6.496514173509157,55.918281947443916,0.8216790179205078,Nitrogen + Potassium
95.6786624891897,56.61278822190704,24.344632878366262,7.707119838518853,39.64376204168799,0.9770850426062829,Potassium source
33.8230519602935,36.73186942824216,99.88772307954679,8.24191479645671,75.70870896803578,1.110115490658245,Nitrogen source
18.680142334582758,38.19749801707389,31.23783073322242,7.44165097597156,21.295979976813754,1.470849082832716,Nitrogen + Potassium
31.398925222451865,8.95352919167832,102.79015930401049,5.7079495105166425,11.680892394497103,0.9125007992285479,Nitrogen + Phosphorus
116.61571487834108,25.06232355143885,54.95952781342202,5.830084169970801,49.05894706633074,0.6196259217246298,Balanced NPK
75.049987657163,40.85156998198294,112.18067987324842,7.345061239000414,57.78158399027212,0.8324068165862428,Balanced NPK
43.34595897223507,28.547242296325155,65.43906532700979,5.671689126857974,19.26987524752966,0.6840746078674198,Balanced NPK
24.352300577506576,22.30711883146015,68.85261593416382,7.765331827237921,25.734011090823884,1.2291638283856765,Nitrogen + Phosphorus
11.709577667608423,79.77670489283182,66.86328460352914,6.665605730334614,55.53890967407803,0.8177286878966477,Nitrogen source
54.882451487645255,32.823746893378086,117.56163117212904,8.01523851413382,45.16874080403175,1.287388406341574,Balanced NPK
26.39983174729146,44.7083724720816,59.51883546227636,6.1370874554710575,74.29079612305792,1.2822412423374896,Nitrogen source
109.77945471103561,52.64126982172986,51.3843323495908,7.648843994346918,17.59968826344959,1.3090034538516984,Balanced NPK
13.16572474808152,66.36592882904523,87.43345547620409,5.309611483855216,20.289849355318072,0.7881088901764868,Nitrogen source
42.98623829531295,70.046949279704,31.211695975496376,6.4597798638115576,28.232972012661435,0.3653368125146052,Potassium source
38.57155599564819,69.49903224244954,88.70501548206293,8.199840036177408,38.36955301960179,0.5125364935901302,Nitrogen source
12.894928980118047,42.13684472648096,14.370117795517094,5.014962455191972,52.32956982118734,0.4142737595856515,Nitrogen + Potassium
71.5756737766416,48.014202672573006,89.62230765536583,6.340950282855584,59.36088542402518,0.6757551024713297,Balanced NPK
20.75658068971373,28.249256609665387,10.83240622680582,6.618614520801825,61.821781727951596,1.2201718233727097,Nitrogen + Potassium
35.53063918432957,12.923234455628975,30.397307915635604,8.442995430948876,31.84719314044915,0.7580697916309074,Phosphorus + Potassium
18.3189222036675,64.19977274369808,59.33393855714177,5.305892628515743,43.10593457305519,1.1272570085596325,Nitrogen source
62.034167911739154,77.6474569833917,105.88301277276418,6.801824466329807,75.83553959698233,1.2548041369057126,Balanced NPK
50.50970119254783,62.85573776972714,65.64375674012186,6.886891036650083,46.443471415282694,1.2447821025189443,Balanced NPK
111.04318847886844,28.963826471103676,80.61131817671587,7.199431028873391,72.12480802843822,0.7813751929499086,Balanced NPK
30.91765851215297,20.231440928253747,15.640413705867008,5.352549731901722,31.085370030148734,0.3333318016838819,Phosphorus + Potassium
105.82005709511489,32.15139083114724,50.531405738043375,7.651272306359725,31.09363377791047,1.1297369595574995,Balanced NPK
100.46653061038842,32.0133528823814,62.55931297991624,6.127801337707986,39.62149479032277,0.9549712937047226,Balanced NPK
48.460368692266584,39.809974142018184,64.58460674812926,5.085763266484243,21.455427725695642,0.9037866679096485,Balanced NPK
10.291573094078004,57.81452315226777,109.60114881551107,7.640991930776952,31.990584252564645,0.7847932612231572,Nitrogen source
81.57884756775175,56.032770397295415,117.52465897628015,6.725432972374651,27.46743831959079,0.6708493950250746,Balanced NPK
111.46872529620026,52.45321823610527,105.06765456846323,7.534299566976787,77.58012420821679,0.8515990739755022,Balanced NPK
114.48957853236112,71.44176630787601,102.74039129690607,8.286826350093875,46.787634924075924,1.1656778547287074,Balanced NPK
71.08693466832472,63.21957186325187,94.012774528306,7.654414671859001,39.99143958121181,1.235174236624002,Balanced NPK
106.41382709751032,52.719126827149125,60.011822829605705,7.986368894661308,64.49152237003909,0.8104801227776062,Balanced NPK
73.7855958830335,56.43689397994577,85.7153741079002,6.088629980025857,30.48841681598172,1.3535509649164184,Balanced NPK
113.07122540153935,35.154884515122966,110.47145834443305,6.647422904856452,21.704166588645194,1.1527445808228984,Balanced NPK
15.047359792043569,13.543727773334941,113.51061370080696,6.811676083679158,28.6463458879882,0.8245323236408209,Nitrogen + Phosphorus
73.5995396243998,52.91866185450876,48.304455223422906,6.355910360248043,48.48342648417719,1.014663913826007,Balanced NPK
111.34921041458752,34.420710691541686,106.21559439447483,8.476263493340587,33.730244375798506,0.23546980246135824,Organic compost
76.48083443085511,72.77357495903019,15.872787274380252,5.690024451921881,57.330530094239535,1.2525487585583464,Potassium source
19.530424649924967,32.280339523537066,36.261238728506825,8.377067550392482,57.77281799421664,0.818330051009883,Nitrogen + Potassium
104.85875183600717,45.324674292227634,110.24675245171723,5.835829343135623,11.913687857869032,0.7573600226554051,Balanced NPK
32.47049675637113,67.67983026101986,68.62159577964852,6.010322693421639,64.15017259650247,0.884950997943206,Nitrogen source
65.3074164921504,18.559233610801503,119.47367579982681,7.306563248827471,69.83764501722621,1.187652043557971,Phosphorus source
65.32272492400017,5.729869017316862,83.33372219897161,5.352605095505735,77.3025524533625,0.5240444527145096,Phosphorus source
50.406625657332,46.36695795499141,65.28759129820526,7.293017797047496,64.84133334112823,1.1849371531933217,Balanced NPK
109.88941607591752,40.24373573924327,68.75899086560423,8.059270216914989,29.76317852326981,0.5196962394028648,Balanced NPK
11.003585795526515,60.386039238199835,85.63442253035022,5.9685211180660085,19.094083003722638,0.2552902018296862,Nitrogen source
63.66491766753384,19.51117163949759,97.2736834645864,8.325118051681216,64.38016026282821,1.3070740114311679,Phosphorus source
118.9871539694189,60.56078360009617,72.40560339911178,7.835039303773828,49.46961662181283,0.7622696135485088,Balanced NPK
13.57554783633669,53.22352947521613,108.72698362686931,7.42603018726687,38.290239299020186,1.0019692083265819,Nitrogen source
99.42517907538856,62.31801010179304,64.02962905910081,6.265869307388773,37.78046423800281,1.3802818895056501,Balanced NPK
28.683904511869088,69.72346941646703,31.48120870223945,8.433114124420557,41.38400548747626,1.153459592506277,Nitrogen + Potassium
90.23118801589749,62.93982897861628,96.83354441126612,5.136761562654933,29.13340543273557,0.49862233389219435,Organic compost
86.84525509282388,56.248809126973235,42.673683259097686,7.777396766929705,31.813440239856803,0.6458157866404679,Balanced NPK
53.8735945723785,60.844228201479325,11.295572457524397,8.172628379389367,58.44384553310406,0.9625778937337832,Potassium source
36.10648074130752,63.91349884994463,106.0066961519421,6.755413520315973,30.47225769771576,0.6947193758249257,Nitrogen source
55.78761138665818,27.943653568465248,88.34073685750238,6.197610077719272,67.48520463755366,0.802798351902833,Balanced NPK
79.18561983479921,76.09642386557009,59.06590384537678,5.596211725868477,48.494562392767115,0.8456781841958283,Balanced NPK
96.08416307581277,69.51495974716879,88.38817466668806,8.400091474713312,28.8436275237177,0.5109542281190069,Balanced NPK
42.04154914900148,55.31804669912349,35.57951168563093,5.3094609844125955,78.44055285141896,0.6089939919002474,Potassium source
34.46341435735272,31.90617516766071,27.426765736314216,5.125187349276472,31.376849730312877,0.639221816497235,Nitrogen + Potassium
99.2117861732828,37.67275743671475,91.04275038275794,7.574994132825644,65.22944549231573,1.394061549729686,Balanced NPK
64.84944678435468,12.796497360140512,14.252923706081136,5.654183381179544,68.04481527924688,0.9466543487409271,Phosphorus + Potassium
25.413006874715286,14.947717845844151,108.06532317286667,6.820106259024811,22.03283602354192,1.3657718993290857,Nitrogen + Phosphorus
89.27998917379382,40.83265327407564,61.157198038783534,7.3542812735186835,33.68164368045102,1.4998832128019803,Balanced NPK
96.30100322119263,53.07198912929004,85.61976845410456,8.486293559241897,10.754715113423186,0.22967206971679502,Organic compost
96.35306570957249,20.70439701964728,85.36832218208713,6.761691544090446,32.30690878955606,0.5007420195768579,Phosphorus source
95.442048309401,17.823643605342127,27.459311238664828,6.546764134891287,18.349375750072916,1.0339654090188466,Phosphorus + Potassium
119.11678575170872,61.09349681974103,76.3558449867124,6.381234728381416,79.1592760779761,1.3439262261411349,Balanced NPK
100.2649874408923,22.250500975722304,23.59387630201754,5.622793751150687,28.10823660913032,0.3062084752376181,Phosphorus + Potassium
107.72645620846681,18.890081121593013,34.92705470229553,8.108554245114163,77.07002406510178,0.48831546339122367,Phosphorus + Potassium
42.360250228968994,65.00771729270247,116.7290276320625,7.2738663405050445,40.98092788901651,1.0769534049130416,Balanced NPK
95.83118618986816,13.449192776264214,57.882819055764976,8.000557222491928,59.37972718813504,0.39990660171630843,Phosphorus source
93.07345114808335,55.058083557986265,39.11136455413458,6.204010088075787,32.008454644688655,1.4912230984945045,Potassium source
30.209351230801055,67.2061475577934,68.3698961641557,8.081825896827871,78.73027946691938,1.4494080208151492,Nitrogen source
103.96783553175848,36.01791602236597,39.8399133297502,6.118240874417235,55.71966219722307,0.6444187231225156,Potassium source
57.83775082477949,10.98022949521021,94.81127849044185,5.390142756250251,33.59185866382347,0.9675641638952241,Phosphorus source
68.42923361818053,71.98479218172896,82.45569507554097,7.761656725019834,31.241214778980464,0.3719345378249358,Organic compost
91.76629990115624,16.518423351447176,101.75828240943015,8.300561051187236,29.804950154217565,1.189306548410612,Phosphorus source
58.107215039658094,27.424800930543352,57.425766671838325,7.263685493098071,79.16477912507172,0.590056853778315,Balanced NPK
87.6537514338436,30.11525773705438,37.65334823455943,7.211447496147825,63.290163687358415,1.1326018412352656,Potassium source
113.68442464526171,13.052687808322407,69.4730030473903,6.017953276747388,67.18699550351263,0.2806345172692145,Phosphorus source
29.338379715849236,62.90214213103437,49.01054525068132,7.386300394834464,79.89539743945966,0.7978038339879567,Nitrogen source
68.62826644049426,78.1496047408467,92.10328377440258,5.6886494911590075,66.3010151075602,0.8706159351806699,Balanced NPK
96.61063541502749,49.89143936540255,35.00645981368944,7.850538527958859,10.141857361106595,1.3544392864682318,Potassium source
100.0470148299884,77.76049938293752,13.909151477958645,6.531720760085115,21.839207967365745,0.6861863965442307,Potassium source
49.57705508129481,49.81707967778774,58.117299316005074,8.379506247440615,29.4441639600267,0.7443755976491453,Balanced NPK
87.07202803531204,25.74075131838965,89.61922037715486,7.480493725735992,59.85667556901962,1.0775993534310282,Balanced NPK
99.92063905626362,79.61987724355774,16.087010079269422,6.740013246565093,66.91566510137075,0.2000613727779879,Potassium source
69.96685689550935,54.484866170342606,31.09169409140979,6.402871761612111,65.26158354887862,0.2866875373497816,Potassium source
24.83534064469778,66.3552103732485,99.01260547891205,7.06641177306886,39.133065655282635,0.33734726860052666,Nitrogen source
99.25810232311345,23.13090208552652,110.45099433374143,7.715432949838211,15.665508648857557,1.026141036457141,Phosphorus source
111.26886035916203,70.93761513802576,77.46881671374018,5.601856548344092,57.61692763253037,1.0659846756467037,Balanced NPK
74.76081900344464,24.930713985781367,109.03265050907768,6.7590191591569315,30.79806572381605,0.5317886961274527,Phosphorus source
40.911961372097494,39.58206085580107,35.39366460612729,6.8109509779950805,23.441644293187625,0.5522375255479448,Potassium source
23.16319991448619,31.80459948846053,54.65666382516234,6.413011588576643,60.74212495300323,0.8283695265010782,Nitrogen source
86.2305836957498,7.4855075352806955,58.02475131329615,5.314292289637829,42.34714030613588,0.9997593631458344,Phosphorus source
97.6413320697983,46.26643346333615,51.74525007237832,5.925618523288849,77.02099762756106,0.4577711078635738,Organic compost
14.665799444558104,14.440954426716885,119.72556092162934,8.17142010417243,32.41805107289655,0.2050039302608297,Nitrogen + Phosphorus
94.39266295543354,27.540219297468873,12.436426659348882,6.598116065644167,39.690916905448674,0.6702861596162576,Potassium source
81.87041375714857,59.45107620215879,71.51021489270018,5.048953707167087,11.569119024342092,1.3462669005670669,Balanced NPK
30.508691446487344,34.8548278476714,21.38800180267243,5.802553412724033,43.97475611225161,0.5062105389237499,Nitrogen + Potassium
82.49909163402242,32.54813017678771,96.73134434140275,7.106826583424489,27.77755398561637,1.2508978558758372,Balanced NPK
112.52957773144828,14.003322426207285,83.66298279547857,7.207784214701219,56.87989142557095,0.24054147564559517,Phosphorus source
13.09384475324954,27.110862504344773,18.82563831659822,6.281272921442378,71.06944905804323,0.660767165576789,Nitrogen + Potassium
53.21308725163643,25.064152566845962,56.37635313265141,7.7912924595392585,68.1623934098645,0.7473766567526232,Balanced NPK
53.65466181580491,19.6299103307746,117.31618138390476,6.088483612463287,33.98498463136859,0.7588133783479241,Phosphorus source
18.847686121295915,29.640322012027852,112.3643174805965,5.2605112182646625,26.833967932520324,0.48307630115122685,Nitrogen source
35.857648069675754,76.59618271628904,87.9411034565794,8.21927110168692,70.03274097620262,1.0121699207796169,Nitrogen source
71.57895157811936,43.18249273103163,85.84864407865768,7.456386797830634,51.962025190835064,0.7836238383781367,Balanced NPK
84.28998957969412,16.751312669648918,70.66870545456683,6.817549503483177,47.42724007588008,0.8640643453706733,Phosphorus source
92.52896922658431,61.81196687418372,46.25410298477472,6.2276348764812965,11.154022796947656,0.3472849299692685,Organic compost
38.85575841334317,62.42827539214254,97.76782813135746,5.868052963599451,70.88286823897914,0.6884073597835872,Nitrogen source
97.78571464783958,40.01403255761712,88.38606141895538,6.247095742925701,14.942459122800916,0.5302669968149956,Balanced NPK
86.67979894066023,73.84677464468761,79.11207202446435,7.691337239963258,10.988638640197943,1.1880819508370062,Balanced NPK
101.90912516004087,35.948843959668395,64.32804784108671,5.183305794834323,22.22449594213031,0.27342031101252906,Organic compost
90.45051680180643,64.98980330890413,21.953353762158514,8.225586080559818,68.76686629583193,0.9491704644741732,Potassium source
117.61169156113749,71.18507312394695,34.49059616839217,8.339124904294522,41.00715827975425,0.40132568551513875,Potassium source
32.00987320984527,56.314589597209,118.63142544677491,6.558450930490562,50.119431229968484,0.5903114655400824,Nitrogen source
103.00032697284827,13.636696725562324,74.04720884367592,7.051771695149801,10.079781666304493,1.4227311029024823,Phosphorus source
117.17766239146842,40.06050799533447,89.82057409074568,7.97049179587934,18.169348612214684,0.31000456768321955,Organic compost
85.82408019020501,46.96192341923229,84.73330427193525,7.001987777026182,60.84742408836115,0.4013820358223218,Organic compost
33.717995300276726,22.776737452292945,55.81721085665665,7.658461185853486,68.19777679415543,0.7216855863011704,Nitrogen + Phosphorus
76.22547576612027,27.138380034820358,62.33545959775746,8.293186850646178,28.850013456977052,1.2243267699013138,Balanced NPK
14.64136362392332,30.893221884392243,82.46593998950576,7.716003355045849,51.45296484911783,1.3299887754036077,Nitrogen source
100.28644084717868,51.312877518584536,48.29352980834413,6.272986813171322,53.05678412842543,1.0535172030353586,Balanced NPK
53.40454386678193,34.81380450623688,29.445769491616907,5.001006329752753,42.30440660884856,1.2800936267512057,Potassium source
94.3195376501828,79.54552535678712,83.63463572915637,5.818695451135981,57.41441612778426,1.277022430376038,Balanced NPK
80.50967113828015,41.129316545590825,78.03637256020072,5.0903091366000845,28.557875501507397,0.4050584835579877,Organic compost
55.47569790134145,71.9777403929596,30.674442320427207,5.248446135742768,64.38453578103754,1.3282739255017741,Potassium source
68.45343009354686,33.242492886435,57.35884693081699,7.306470998146844,68.18760377731115,0.4462725582858523,Organic compost
109.24841696298257,54.304255704419546,91.21196017989905,5.304192938182937,74.28412853122695,0.8866529632378255,Balanced NPK
49.83178228706183,34.92030098530488,42.233743418024424,5.570403492771434,12.42612177302486,0.5437306145797407,Balanced NPK
64.6272879832566,55.00704640596452,90.66811547181271,7.08461428244612,18.124350966459833,0.761013143652093,Balanced NPK
83.41461613935908,60.738177281809484,45.69575111592341,8.249544719641698,65.67670733185919,1.3072502100868366,Balanced NPK
83.31994902872184,36.03203571388554,112.75853623411285,8.15505821457856,67.99327750824483,1.3584652672382511,Balanced NPK
110.8271881354237,60.97679492949555,32.03698098556443,6.884915452537298,53.119577815307636,1.205385488772038,Potassium source
64.46619526167542,43.465335566112465,119.51215154932656,6.582718348563483,19.10068879271962,1.1225889456174076,Balanced NPK
49.8795826041764,23.640421022292358,79.13081639200827,8.340286852542308,31.89661985811721,0.6839526212044905,Phosphorus source
61.2039041293322,56.59958421200568,53.554373784750425,6.487814191665155,59.06337784800885,1.4806756131970302,Balanced NPK
44.81544764832811,48.89956068623108,97.38446073944641,5.7424477895238715,67.28234010024289,0.6614098213334754,Balanced NPK
22.212522289538676,6.8677055290508395,13.639552937733033,7.791748335231737,57.2457037709541,1.2315371657567968,Phosphorus + Potassium
92.8242598909272,33.57315027420685,112.6320400497682,8.072809518520511,34.38461411662566,1.2048233134349042,Balanced NPK
100.16240025704225,41.63482958144461,23.24608082283445,6.169198869262024,79.21678955101466,1.1307159878630006,Potassium source
95.21819668493775,73.39432336610473,32.30391632560371,8.38941410754091,46.26994054308151,1.1680820880917966,Potassium source
45.00313607868949,29.705519327319266,49.5559701390376,6.2182060791525,14.375223769301128,0.602446610025456,Balanced NPK
81.21187933156511,72.64797080646626,14.583187198171135,5.058199243939421,51.467938038741785,1.1095765827258377,Potassium source
76.90623915231865,77.9782507555485,35.17550954403308,6.6843567383004405,74.1131399622335,1.0027464588020296,Potassium source
73.48341615498738,74.96312412101142,47.279309178900824,5.550115413241246,19.046162285927675,1.2684339833703346,Balanced NPK
104.26432284947474,22.540875693739338,60.27784793713417,7.046981074342426,19.73238694997431,1.3034538051304663,Phosphorus source
56.0766081185914,69.7605315445657,93.60843207235716,6.032339962585425,60.16019514296025,1.162916544705058,Balanced NPK
44.2389383990519,24.030169255377373,100.57705663099473,7.3727656424445165,61.77012626361441,0.6069718294583077,Phosphorus source
89.44134260620959,58.57299272217197,46.66024244198728,5.946610181367468,40.1976397241423,1.16081986227253,Balanced NPK
31.29462245146654,70.56968013766516,38.08036242898828,7.938717952229505,20.906669150722195,1.1612729042110101,Nitrogen + Potassium
71.75344147923545,54.60942405514262,117.15502558199708,5.183952575345328,20.438888112684296,0.3028102429929129,Organic compost
67.16006552824571,65.21054328127576,16.03072700645795,7.727923388845857,40.313907639363876,1.4238572488715773,Potassium source
52.09657318927595,78.84484611825698,71.21737002854468,8.464976120336177,54.232016628762615,0.6502365193184404,Balanced NPK
98.37495535688133,41.52200957443301,43.96887974202703,6.674173913948657,71.03388157157798,1.151999601294766,Balanced NPK
29.11456983640442,67.89483778850803,57.45604314829686,5.290039731498712,20.302047387593497,0.28601284507567803,Nitrogen source
84.42465838857731,24.31735509543525,20.59839029936331,6.279843794981264,70.68762915307875,1.0173464732482125,Phosphorus + Potassium
63.48501832459773,59.989599550629826,18.348454331675832,8.089700980961974,22.4415333922187,0.22779611443153222,Potassium source
49.859644362882754,9.383550304552124,28.378668750970835,7.5864951781884375,38.3313156962722,0.20896848913166863,Phosphorus + Potassium
80.81329647010848,58.0333328916111,109.21598309914792,5.541109136058774,70.00160163838228,1.1213203338975488,Balanced NPK
71.99850694206114,24.632748755936394,60.36270062638101,5.693946883674896,60.238608184666745,1.1146667390887672,Phosphorus source
31.06829016658559,23.94625228563878,109.12230126822423,6.650897010024931,48.57820348898393,1.44621289237656,Nitrogen + Phosphorus
32.77261922528507,52.0347663761169,95.14164505435605,6.11803885188731,31.61717614123077,1.3658651015135426,Nitrogen source
20.934654172642695,16.80167354750873,55.20507105186709,7.794368383892364,41.84941200659848,0.551735724224427,Nitrogen + Phosphorus
56.232453969705574,38.40953314872846,89.97277306233387,8.040625283675482,32.48757451562244,1.1211014916100472,Balanced NPK
87.15272346813825,62.52106665927596,73.27867008380187,5.051444744080371,55.910713501908475,0.995986850938472,Balanced NPK
77.2671401840388,26.097393442936028,20.76739754244065,5.66273406391748,25.13435647830106,0.4256923598614378,Potassium source
36.899060671364964,10.151875951481564,39.62584036996893,8.492598294112659,45.79668564115667,0.647749718646427,Phosphorus + Potassium
89.25359450874795,40.20953418890177,13.244775904467101,6.915863989025767,31.28466016987725,0.9425390692887061,Potassium source
29.05398147371613,41.19123928575796,31.300422226840155,6.045853935118615,58.101532080264974,0.495948587132098,Nitrogen + Potassium
55.88511129438803,10.485393681328757,85.58784713319531,6.886301155546668,66.96533026262422,0.8955980856310057,Phosphorus source
119.36351344973968,23.084890862642457,91.6317130485345,6.513143290958228,36.31751623297697,1.1509881227234493,Phosphorus source
115.11127416016112,61.668264437085284,46.313502342660925,6.7846207771693265,25.199798601848716,1.006310453802206,Balanced NPK
54.28458105857578,22.109981514878623,12.320197462097038,8.238635081313065,15.517458277415047,0.6281022363074626,Phosphorus + Potassium
30.949903841701914,42.05954570874382,31.443932994519994,7.576738627412595,25.737363103377504,0.4410936694764425,Nitrogen + Potassium
33.85737395724911,27.317248442786223,80.60145246147137,5.733699336215766,58.77952018967473,0.7592221497359035,Nitrogen source
31.670943588092012,23.00333862132808,68.00671978228088,6.325201093510789,45.960633846223104,1.2563534658958173,Nitrogen + Phosphorus
15.041451481240422,34.520797307314965,55.69870678542073,5.878210058404108,40.93154420229509,0.9366230166618232,Nitrogen source
74.34540286320147,55.237499077612085,18.444575645746188,6.610026428169874,63.03287953048036,0.7915589183091389,Potassium source
82.21346387575532,49.28366488211978,61.11908112141493,5.276249908352112,54.325749461494425,0.8948669058813439,Balanced NPK
10.625303229870319,20.514252089629164,16.75395335939332,6.9958199104515195,11.060356578331572,1.2951472364055194,Phosphorus + Potassium
114.2199398903501,78.16842465155533,34.92429066201683,6.732992993969014,72.38181424049907,1.0935355305931675,Potassium source
42.86206609036469,67.54639129590333,73.13298088689652,7.554945857553639,77.85865986572738,1.4967621525349035,Balanced NPK
65.53039391474252,16.745938934625322,78.1515122750613,7.253487244766714,50.05014245855832,0.7486635057005888,Phosphorus source
73.9716264029296,45.05302274565134,113.91618921459457,7.931601514427699,37.558238468264264,0.9421265036973683,Balanced NPK
72.26581885427913,43.30386374908782,16.38721023227893,7.494080736595218,61.18894264959817,0.8294402613000667,Potassium source
109.17302630174962,78.79416257047399,99.42040791281806,8.247520720613977,44.12518750590678,1.388513673785798,Balanced NPK
112.85294833251822,51.76753270269361,26.579323790151154,5.533076861557043,43.06140887432925,1.1562546598879098,Potassium source
65.15336294378059,64.98873667956357,94.67672743388496,5.712628427734369,19.293513151778185,1.1175848899446514,Balanced NPK
45.24184957391357,74.85476706141763,105.53585210388118,6.579333181233999,50.63540771199731,1.301235126965442,Balanced NPK
105.85061158342258,46.77307493111617,116.91044685691307,6.8233903038338575,12.87753628164283,0.9315037164918591,Balanced NPK
95.47075900271669,78.87013647505124,21.59054355184807,6.541880188439652,51.065491378429286,1.3459026738857722,Potassium source
88.74789829720919,22.34347003399052,104.5328102537354,7.3248515078505285,72.66098416081564,1.2846860377720426,Phosphorus source
24.218873074137576,77.03529777762714,59.97260674926976,8.438933755013162,23.090499701126802,1.231313459557552,Nitrogen source
43.53807608281906,8.360397750879503,119.3444467729954,6.062373621529552,15.636347832829996,1.3186463421311765,Phosphorus source
57.52223282186785,48.23393206544135,118.33280624635353,6.682481755564251,14.69689590541067,1.0985419676772314,Balanced NPK
88.16594429120649,19.565617720421834,69.99531104371252,6.292273277690949,13.494510861671676,0.605083153919908,Phosphorus source
110.04858675984055,27.518550900129302,34.536944904109205,8.29319496946737,36.762877462225134,1.4227267722940353,Potassium source
106.8257803154032,40.284837509350375,52.34578281537179,5.482012835429554,23.343153050671557,0.5021761365237651,Balanced NPK
61.73892832432048,32.908507806221664,98.04227574038771,6.03836586047277,39.71637904436143,0.3595196505988022,Organic compost
39.8341971661676,63.726510407616274,87.78104575362097,6.407771282830964,50.423124214509194,0.7958337357869651,Nitrogen source
108.47426035996197,34.60180635677702,89.43259286637738,5.764852001813283,40.38679824892124,0.8881308485404928,Balanced NPK
21.511146933053798,49.05638568266755,73.21314882618444,5.5556351220451345,79.9054658340356,0.3202412748014768,Nitrogen source
108.48338373656972,41.86367349956695,34.49754572842527,5.3947955615355605,58.959407910736836,1.1807855398277904,Potassium source
84.07847508861173,36.49031541477449,28.983106893720898,7.763382660241337,70.98613297443927,0.7094321776782937,Potassium source
102.53393142677618,52.67001763760705,67.96761494345867,7.137118535475968,17.542564433759807,0.36301872454700346,Organic compost
89.93742530791727,77.74603171278483,65.85845555400967,5.189002466505703,14.765134899873303,0.8075741078766963,Balanced NPK
82.34309896014531,16.615749232882354,13.633838283693205,7.55314249080864,20.229206058389998,0.7696339792115707,Phosphorus + Potassium
90.75497716969971,14.397123690057315,58.7028481345623,5.390092946619683,34.325566125863205,1.3861632840876945,Phosphorus source
85.47465421317348,6.731985688087392,24.792449004992193,6.028371989287321,72.68844388956202,1.1712122409857224,Phosphorus + Potassium
77.924225147735,16.44460988047547,112.17621558751372,7.828452013933409,26.75979823566301,0.7256236566954328,Phosphorus source
57.122217842405654,49.062978016922976,51.22914305675609,5.73509282501327,56.68926637133499,1.0808215526103855,Balanced NPK
58.662409023754385,41.498935938282855,15.573719458945872,6.59634593680055,66.02787773648711,0.9689272335025692,Potassium source
111.27689318580701,58.73850237161721,95.54007536366794,6.604454858325344,22.141457656144553,1.3858406123176985,Balanced NPK
82.51161334982358,73.2105959370624,77.92747005735968,6.590683291872814,19.43173920192268,0.717016223932158,Balanced NPK
75.73088389285226,74.80732014690214,101.22383439381305,6.79599583934393,41.359363517852145,0.24325539120303694,Organic compost
48.630725132316826,78.59883270679846,91.51278950161993,6.836621690435732,70.36097033999371,0.22997258239232873,Organic compost
115.33866431168323,57.47515477019825,11.46455619959075,7.469361330446745,15.818949455838538,1.0314764501612026,Potassium source
43.097420363566535,20.906917986227928,79.08896247411796,6.519142707013766,14.51661128314898,1.269045737327348,Phosphorus source
39.27350104020143,51.365769737059765,77.02967179145705,5.196564048435843,79.81215851654885,0.7819587057522179,Nitrogen source
32.589230292679375,37.756076631752805,76.33681410002572,5.0106392320427755,31.009349069434634,0.8972293262447177,Nitrogen source
86.39246780266937,28.497947038396518,54.43006184312133,5.774299502220756,30.512822817795254,1.0935646554990806,Balanced NPK
47.098804395640315,25.971471303201213,42.8415917637738,7.144250647063249,49.25717554393866,0.7289718088783912,Balanced NPK
79.55479234619018,53.209571599378094,11.442052009931862,6.186708295558096,27.100221494852466,1.2778580609402728,Potassium source
40.29797021921133,28.797206891326788,69.15661926971222,6.915897546310043,66.76814559687917,0.7043067644922318,Balanced NPK
40.92806663387378,50.618249157467794,90.11091451515816,8.474091276477054,53.28091737641249,0.837953646957734,Balanced NPK
24.637481226431376,79.01923136111809,85.34909966616493,5.577561026628206,42.17741034112727,0.9283930362667197,Nitrogen source
33.856503772447056,59.9361074742421,81.53713119187763,5.81811574044173,79.28294594798128,1.4332690772636534,Nitrogen source
39.2073220595545,38.135911595744496,108.42667357389516,6.422035451411836,76.83743618355797,0.4605297972879587,Nitrogen source
89.64245141930445,49.96295503381739,48.08034301842773,7.51227393720443,11.694735666192805,0.5001308041534362,Balanced NPK
38.74250814118233,13.8102805016943,13.735721488009887,6.2353162744292945,25.279226199182652,0.37272703441560057,Phosphorus + Potassium
27.30418188104591,66.96998517206211,20.439315867134063,7.536993291799836,13.776809413178047,0.2528216149671057,Nitrogen + Potassium
58.64673370671791,33.63897610014167,70.03233705164615,7.4592507666538,31.68675012813353,0.4527295535263264,Organic compost
100.43284922677094,17.398020238025182,97.82980111530998,7.055014064864428,30.255898830012526,0.6085367832176581,Phosphorus source
50.769240740219146,49.33097958479019,117.75894588625636,6.113955566561939,75.93075381957485,0.4666909079892916,Organic compost
22.425392907004138,44.90853364860679,117.41289577796162,6.69702328191208,65.99405421315342,0.8143102316217803,Nitrogen source
103.50019943456752,65.95555697914978,85.48117498084615,7.153937085803383,46.26999790053418,1.4437865766190012,Balanced NPK
71.3117825644346,30.28535463035716,107.043879493547,7.310122047202563,49.072110371887405,1.0868217480004365,Balanced NPK
48.37593272439771,36.563974195613284,31.515423595468285,7.992572837567586,56.59144515921865,1.2715402559986078,Potassium source
44.91296258843353,79.65779824009267,49.29311915463732,6.237995596714825,77.24448216204824,1.0515843468481372,Balanced NPK
112.67865612428369,51.73564147249134,37.112228622964494,6.367577776687909,70.1238661945033,0.8363005080117369,Potassium source
87.98775852241253,17.489657448689623,53.974546891,7.93810014404926,75.8707236403178,0.6215908635405911,Phosphorus source
28.983010020231315,6.756562904459766,24.0122901307371,7.924837632313485,41.89787661705339,0.5791079201124469,Phosphorus + Potassium
95.32260677856866,64.50844406944438,49.8376509554969,8.154786754197401,42.417863320095414,0.5396005352037605,Balanced NPK
108.97314804894202,16.47136083866758,119.55378712013403,7.146382792621131,74.07432250817975,0.4324865496388027,Phosphorus source
52.80223909972422,70.49381994760512,102.08109722905303,8.051479024442528,29.632140496762283,1.002903432388043,Balanced NPK
52.855838042339045,29.058080259596863,67.21403635990703,7.50268531611475,46.29624815569275,0.49964728038888917,Organic compost
98.82418969880952,78.3341509595062,49.916648472027006,7.972384866354725,70.47039402421424,0.5386776127428938,Balanced NPK
87.58378405659624,75.38129012834767,91.38415354679105,5.105076172552976,52.31634623315304,1.2119868422956424,Balanced NPK
77.99502404444516,7.155488343606024,23.21859917864657,7.8056780065673035,44.163735266709054,1.4453699380688814,Phosphorus + Potassium
55.64797481842018,66.62811985938541,13.904179491376508,7.943551555838529,70.13403953745892,0.6706985779768515,Potassium source
44.03972456096026,73.24315831376552,95.54751967679218,7.092820551546847,40.54414519701747,1.3857126038613106,Balanced NPK
92.19443076668514,36.26269328594921,64.63921463382174,5.344510793712738,66.75214993319656,1.2942129576590853,Balanced NPK
49.12064650473025,28.224030043889528,37.745756970938935,5.607105514934771,76.34495821013037,1.1867435331575251,Potassium source
57.67460510305766,13.26278818407655,25.338079719589338,7.48425945958506,24.21567276637618,0.6522361556404783,Phosphorus + Potassium
115.27100391068674,48.58984277798894,98.9182003419231,5.363584685118061,33.12703346294168,1.3642891684770304,Balanced NPK
99.15093926850358,59.25874880166885,74.61453554109325,5.941290223439524,50.98363865590146,0.26598794610987336,Organic compost
32.25236131695933,43.86989454420567,10.217506411634426,5.812793923364695,20.65736200727674,0.649166615121228,Nitrogen + Potassium
104.41885321144656,76.05643255983358,28.15642509773337,5.808761139766823,69.28140843692972,0.4244790522110736,Potassium source
91.5448088521499,11.410884401159933,81.31356108447815,5.929950428952945,62.46928642333378,0.8751851988289234,Phosphorus source
29.678452081542257,35.1671785557229,66.57881195152987,8.485918690855009,43.62536761006107,0.39661158497711824,Nitrogen source
71.07505701580544,21.515942505277845,106.75221847793206,7.919238584105889,19.005298490486105,0.9648878862588255,Phosphorus source
86.61579556357441,23.87483634709525,78.9012646948511,6.6194101213158385,43.745508674386436,0.9166777188178614,Phosphorus source
72.71511940540698,58.23485441666578,59.767064756770424,7.529224630746225,44.015489870617294,1.061661342527055,Balanced NPK
38.94209027396565,45.62760536169003,61.47953274647943,6.057687024972406,14.36184001285714,0.863248816462292,Nitrogen source
11.073056732890938,34.23726901084041,50.77203929247081,7.21813638246691,79.12002552985602,1.3154015585246404,Nitrogen source
117.25921923319459,76.32028132515089,18.152401593386557,5.986815844417871,30.7891306482972,0.2923267091167673,Potassium source
103.13156341316413,72.14970021322934,76.54713985375355,8.118468244304156,60.00584147005077,0.7727201260893906,Balanced NPK
26.485083554774256,76.88724991653469,86.15065705837151,6.2396436813643925,19.002018608216538,1.2386606932072668,Nitrogen source
98.22164754626299,45.725688663366824,119.99528004080996,6.352471066185241,75.94454647586284,1.0193406889908847,Balanced NPK
91.00646260691138,73.78077883079352,101.4266514201527,6.010337657265003,70.70643101039659,0.9016213676998348,Balanced NPK
14.931173649623965,55.53634584544725,64.96674121630723,6.878183265974409,38.8067737210165,0.28331079059086056,Nitrogen source
29.823468661817504,61.73409509618795,35.765164296524915,7.197043425804829,47.93021843699671,0.4878180408653276,Nitrogen + Potassium
40.86284337769342,33.76757131202673,106.8205033205784,8.29457164266779,37.072883696164524,0.25999625595441994,Organic compost
76.09882049977745,36.31818529652617,64.15468279424874,6.546826486446095,55.820148958476764,0.5957721532270576,Balanced NPK
108.18945254222083,36.59370096179036,47.582756201654824,8.230307449844505,35.07000355768843,0.307994898694021,Organic compost
27.08696698204474,58.57212470074845,71.85580641959658,6.871159992087494,15.739377269730852,0.4132990669523588,Nitrogen source
53.58359061632873,38.600426494948444,51.424038279531075,6.759604872915545,61.34838587702147,1.026415636174661,Balanced NPK
77.24139859548899,46.83341129458711,32.10210921308424,7.116227718950761,21.091925732891312,1.126789318082059,Potassium source
59.75162678346263,48.609546146313754,104.90740495665854,6.305840521830567,16.98337287358755,1.3588161079715468,Balanced NPK
50.14821664783805,35.48926417132773,42.56258180773369,6.470593218047197,46.46795333407596,1.2963046755697694,Balanced NPK
89.21763141859944,43.49606836955524,94.0231491889991,7.967270318001695,14.07040104486704,0.9698974919401655,Balanced NPK
14.759496890226186,28.108662593893158,93.86578960902378,7.76949865844168,71.86790477505926,0.8477093005042271,Nitrogen source
19.25512693046705,14.508892095600654,36.87404214789896,6.302639488819362,46.85925779240005,1.0397185702679097,Phosphorus + Potassium
27.87538570919271,19.172641230644867,29.0288790067031,7.642279682085762,31.14614934614671,0.41672484036609647,Phosphorus + Potassium
57.45132938361531,23.563730108012763,50.62289732256592,7.884049077663327,33.37276558920213,0.42731721608135964,Phosphorus source
35.56979420071982,7.576796297644979,109.12422625958754,7.439386883435791,42.43526960730095,0.9291242687937342,Nitrogen + Phosphorus
37.950007915023846,35.27660459180123,45.18191792978456,7.885901860773812,62.03977564405702,0.5690446377243865,Nitrogen source
93.8472610702441,12.045021192470186,32.28265416703086,5.372327518312599,26.67724288382797,0.4940520374540376,Phosphorus + Potassium
109.06099957126271,29.55421537129437,49.073977098105644,5.349127188347206,14.61877123972769,0.48520381926549605,Organic compost
24.800075237555816,30.84574824857147,30.46487992566533,5.6235996408874485,55.32756779583929,1.4247377120833726,Nitrogen + Potassium
11.372984604161582,57.916705993182646,82.51174394220138,7.047690590123316,58.460869086758414,0.8613093424487082,Nitrogen source
111.96095067636458,16.866866960011997,62.09066060559553,7.2856343402185715,73.60891246661436,0.8336662239238701,Phosphorus source
117.46958787264971,54.23621499877267,86.91337921107822,7.863725277246047,61.37428128462807,0.8794149983436963,Balanced NPK
94.98787790675289,7.679971430169061,112.60440194560043,7.88102452580333,54.636282260668146,0.2893808136408702,Phosphorus source
42.44162331363424,24.022114077959788,38.2727480557778,7.352358182827638,71.3296861724709,1.0861193231420918,Phosphorus + Potassium
52.76357088925159,77.69273157718823,104.88405922008015,7.398964432795127,37.82259542243254,1.0889756734987097,Balanced NPK
54.87946243572272,16.639025349863186,78.07181750502443,7.443357998307658,34.45126081103798,1.4081001625422203,Phosphorus source
103.96855174980202,48.71394067827576,16.6259336725427,5.060255430634899,54.79203976303991,1.2579476441701556,Potassium source
65.03881167962344,6.761594612706685,25.931176988554228,5.739357240535416,53.94290136025095,0.831877383713358,Phosphorus + Potassium
21.242747185874343,42.625580341321886,105.6442105693573,6.536902522923956,20.483367947121828,0.9514102627938819,Nitrogen source
112.23245393881132,13.693283319191462,27.204852303002586,6.983949489320552,33.79977026326122,1.3642287946401572,Phosphorus + Potassium
88.40402865799489,16.031585463564753,105.779022538399,7.248022146193023,44.55440369201014,0.5335103751650978,Phosphorus source
81.46816687045515,72.38643755084163,14.23238830257473,6.313025014742228,75.49616585311081,0.6977822795967723,Potassium source
13.945733186369306,12.60830929449862,85.98360380373657,7.450421785510834,18.053152701347845,0.48498081369617063,Nitrogen + Phosphorus
72.02602325423015,56.489973858808156,27.24692702123826,6.597338196443552,49.34246389346878,0.2646145942229091,Potassium source
34.613214009692115,73.91718031647794,106.79797084446662,6.128690907419613,70.75839563463924,1.0223175985883386,Nitrogen source
117.97843908330161,77.46642101628856,77.86315796487213,6.637438009599935,19.959656170709472,0.8894559098581791,Balanced NPK
53.81285435223994,53.42051679315563,19.84399640104229,7.92221216119275,77.69801441333058,0.4721715365363537,Potassium source
79.60620115935556,65.14538241218294,70.9850214368459,8.274029155379058,45.83066065626153,0.5517116093404903,Balanced NPK
61.87602123890368,41.58996913484095,37.90826125016973,7.754334769456161,53.242263086036175,0.6814789950168041,Potassium source
56.382185081665696,32.87758389412953,59.2688391457279,6.84833096161353,33.1648880514492,1.2636038067227215,Balanced NPK
112.12038409907554,44.210022459655875,88.24990732943886,8.25688713236839,23.43576626646299,0.44663930008210556,Organic compost
17.987213294095756,38.15772443523055,46.42622099469053,6.961869183605018,41.57480857812324,0.44725208015147855,Nitrogen source
53.029834635415135,7.167262657024696,69.11232318515886,5.948710518300548,17.86511842319875,0.2856139231352643,Phosphorus source
88.58937980776814,23.550538804905038,82.46766737905254,7.8542798020942755,44.9990024449916,0.37296845120909605,Phosphorus source
77.60026543034193,10.370563561332675,99.88578849412343,7.66539074874175,38.14583717806494,0.5498238340977872,Phosphorus source
88.05098991376134,47.54073567018251,25.960137867224613,7.6571547566773175,33.37826203260191,1.362001740352775,Potassium source
101.24152015455687,25.685988507502763,38.07791127560925,6.39261327595285,66.31382172063411,0.3698502821059967,Potassium source
44.76561453133814,54.4330957937393,13.683961194273548,5.195650541077213,63.35197683498951,0.8790457459006062,Potassium source
71.33625585416317,23.66479770478681,68.49619040987409,6.907519893899916,38.96399817408708,1.453750235859155,Phosphorus source
15.419041662848318,36.11960331925589,104.32353187328427,5.721944213636319,75.44982346756649,0.7531380655694919,Nitrogen source
27.225887210820506,11.982469071325976,45.97765404502932,8.219033778829614,75.73669285975511,0.9322438253410077,Nitrogen + Phosphorus
23.000934747713206,39.2444351679841,55.953566146544816,5.808737886138721,15.322263355616833,0.6960459498540191,Nitrogen source
50.90406243226145,57.79847741869567,53.364909906816735,5.0459681475483045,11.401308183034748,1.0937701091319454,Balanced NPK
82.6864345374546,17.02642883279498,105.28475629446477,7.319179583236686,20.783851331896436,0.5738967889396673,Phosphorus source
117.10291176624989,35.58098148420645,36.044934366631566,6.834456259697974,24.38862130007395,1.2292319673049852,Potassium source
97.37325128105027,65.06323885612139,77.8996311323852,7.429157125475121,32.49823316142731,1.3425543239186302,Balanced NPK
25.85778827446144,24.086535147226,119.19556567969714,8.361388499019132,45.53344470493149,0.8488400550926616,Nitrogen + Phosphorus
22.85024165746541,54.473750013069235,13.413570329523669,6.100212607356784,39.28733855958068,1.3621808322997317,Nitrogen + Potassium
116.52979294406576,78.04985352516135,97.8720706937893,6.014989972038659,13.174551531128367,0.7533029648168326,Balanced NPK
42.71358945462453,54.13925397666909,50.816419279726524,8.117645849163617,36.18231056595931,0.6913950273376249,Balanced NPK
93.50305866478965,49.252018108610095,38.081727373632766,7.368413468412349,49.40955991651522,0.33527726238676436,Potassium source
61.399022241065545,73.90280532351612,33.297287628067096,6.451160296560624,29.316484411427904,0.8979963944593494,Potassium source
117.26242440778759,28.239069132033123,101.61187333756432,7.93403555219452,28.159094349637453,1.204388650744878,Balanced NPK
118.69341450106485,76.55157992589037,76.63144675066769,5.531087094071675,18.353931849424804,0.5468673420630701,Balanced NPK
76.14442660807978,33.96691835137435,86.89230276955315,7.757224365866539,22.629514694266398,1.3768823429182593,Balanced NPK
16.663033785201627,24.86961361101595,99.6280074716704,5.643062762960498,25.409633726583017,1.4683532708281468,Nitrogen + Phosphorus
110.36007715146006,65.95695035551509,29.118119346306262,5.892983905116507,26.46173961132935,0.4458616404760111,Potassium source
116.7491160497853,17.45211289101848,92.1384491533425,5.178551682669741,48.066446986130906,0.29210491102673347,Phosphorus source
16.792888584281357,22.26743703758265,111.81637324080374,7.2359055855207295,55.59810528143461,0.5869523936815917,Nitrogen + Phosphorus
89.59781214719453,56.11643720191317,60.78539840885907,7.38911891695411,70.69948077584043,1.448494900890551,Balanced NPK
119.62532944135963,41.62341179683332,13.602846458645947,5.8021235283485435,23.779425721027142,0.5907003751135694,Potassium source
49.65523786925045,55.15079515437611,67.82578552115028,7.274106042630685,78.02876818740857,0.26379354053211357,Organic compost
11.583854863181896,54.91290807957625,70.08791415438051,6.689622070690114,69.73292599973777,0.4065384778866592,Nitrogen source
73.09813048081499,74.89453671583433,59.0438876907988,7.029704973656911,14.899954828436481,0.653937973097575,Balanced NPK
14.553813780881505,47.92822423645048,74.95215591454055,8.3279411495816,54.68842163033447,0.20387785533945763,Nitrogen source
101.65578357528256,29.724221097356473,88.5698862625239,5.924099841377067,63.21573777779198,1.4057378749077163,Balanced NPK
18.725095801082396,45.82714641253302,69.44422201731226,6.00253202807012,33.91720512252722,1.0790089984287343,Nitrogen source
42.187218671810726,7.297040512695117,94.61048213473775,7.188175185959963,27.53183848325052,1.4500032901284592,Phosphorus source
108.82708327950488,77.32818927978079,66.34599618354271,5.82308271147703,22.1680424229179,1.4330805738519503,Balanced NPK
107.99114629774932,60.57030630529007,66.15663160438743,6.345426446165225,59.24115849602327,0.21238757900843275,Organic compost
67.67053712523868,55.899482447816645,92.91359824530974,6.578783994159485,62.15974284376936,0.3245942100699156,Organic compost
35.66021121982354,15.845953951772556,47.38217274341245,6.204675590502371,36.17577643430068,0.8055723589916355,Nitrogen + Phosphorus
57.996710902461395,41.78539482489703,92.78563309547515,5.497058586609967,34.54946026403527,0.2001755546715233,Organic compost
13.105210884738696,50.4815711211937,106.3601706760709,6.0706839923237474,38.132688124813015,0.47283934363068797,Nitrogen source
25.70796362295995,71.3073648641422,72.93320143374055,7.467061740676007,71.73240293475644,0.9649112643802484,Nitrogen source
29.831256577226153,58.49876184802674,92.25866550607589,6.448820004707724,53.17698186447924,0.8299147840461338,Nitrogen source
46.62993593942315,55.431208772062334,37.21976387602972,6.1461478016425355,38.3982125243311,0.9990063297338081,Potassium source
103.74244956874448,51.11874701595065,89.86894932166739,6.024300536415993,51.11905400279001,0.33500730026387715,Organic compost
60.959920087487674,56.740912711315865,29.769477378105673,8.157339777456906,39.203488021525715,1.0724844253538888,Potassium source
61.6883947894562,59.91936264146528,74.27335655545215,5.4290035842021585,74.73001302154736,1.0580788383537338,Balanced NPK
61.92795837366854,55.74536469177273,38.69855532104556,7.691363109530089,38.7857785970713,1.2465442191185339,Potassium source
40.145850421182246,64.27099767090726,109.73609436365058,8.432872714755767,64.36969910117725,1.115217187918527,Balanced NPK
67.19361648101601,12.930071596190094,71.58392908158727,6.971385573374509,14.531370261716658,1.0978140851756135,Phosphorus source
26.383668190591024,49.74589419896046,61.98965545878665,8.062689918119549,26.257110833198173,0.4225691379039005,Nitrogen source
70.62882251824922,39.51821989249915,27.74273146430983,7.147992636655017,73.40721509740084,1.1623299903221556,Potassium source
33.05127322844106,22.88046152533925,71.33173557577109,7.371309989329962,78.52968023198049,0.33626572870669325,Nitrogen + Phosphorus
70.09794174282538,79.05307620438951,22.198646551751327,8.40399027491853,42.352455539308785,1.132606558579675,Potassium source
56.77986363547877,68.07830847189862,109.93696784720477,5.58332814429532,62.30696503266629,0.22696138757056256,Organic compost
40.45461565412087,46.42568826818976,76.35255477211116,6.278432576454673,28.930672944603394,0.4231452073128458,Organic compost
36.36839334463717,14.767030249053024,38.72826588337711,7.874477638633381,30.12655934034794,1.37999562726593,Phosphorus + Potassium
36.97520283774971,41.89729186035665,28.432689060946096,5.059831386843095,53.7878165578378,0.6390955475104025,Nitrogen + Potassium
47.958259125577555,35.58140944360789,95.55355787706819,6.399095544181702,16.048472734338525,0.5623796790284065,Balanced NPK
73.37421338843575,79.51151786539236,25.746168755089386,6.132080588431878,43.99153049570745,1.4280367143777324,Potassium source
21.92641382483645,64.53664642332862,89.52501444498728,6.072532578758673,64.16275613063273,0.9473360151370172,Nitrogen source
28.84962460981336,26.43047849400951,46.11743322271776,6.130602909408805,62.24557668241843,1.0583832883166322,Nitrogen source
100.18406716697731,43.30968800602332,48.55848225435317,5.2371294351348885,65.60746920800523,0.29719969232405574,Organic compost
43.161103676325695,55.16627376168243,94.0587345647751,5.239794711952687,52.533237876089146,0.3782805839914966,Organic compost
93.29639608366215,59.73896279350987,92.28633259608057,5.223151505002647,49.1597696229571,0.5131044995375498,Balanced NPK
64.53887320770765,79.20584981636146,19.952020763835343,7.079182079967085,21.549967247089462,0.8630661976956071,Potassium source
67.29901602263624,39.2169259045136,80.35770664372183,8.409675312982163,66.36530914642344,1.4460807539134106,Balanced NPK
30.839826498978983,79.49220216684492,43.568014744166625,5.1195798532726515,40.536526627072995,0.5200561372330372,Nitrogen source
93.83325945563848,11.520597815213813,70.28035276514433,6.01288835384649,24.471321075398883,1.3383302852946894,Phosphorus source
66.7055762250507,29.408342980110234,92.07296856704428,7.986166711493477,40.9461487567216,0.43676125872388416,Organic compost
119.37715354896004,31.923217926177724,32.605480521438764,5.361581797728266,18.6697755298962,1.4259554980508997,Potassium source
114.13264450374757,43.09497481415204,86.13487992996211,7.914245403799272,49.02182071717619,1.0670756117113411,Balanced NPK
116.36713286887168,17.940218756375387,25.26618841276052,7.635611184041254,59.23298957177788,0.4417378808262256,Phosphorus + Potassium
43.26562967016531,56.39412981176325,64.38018260634593,8.127162986940128,68.60082892275993,0.8332556957533483,Balanced NPK
83.3550911132078,53.25957958860874,20.12865189517047,6.489571523190856,40.79168877746148,1.3665774251942102,Potassium source
107.38087956936442,9.322660251319771,102.96858786897837,7.140888655802335,11.135817703055881,0.6961480522375743,Phosphorus source
107.68995011810587,31.86751992624322,84.40911869825703,6.9798219243266395,51.29020701944415,0.825040424714788,Balanced NPK
63.05760523246549,72.6984084068608,55.51977973874647,5.669942950282215,39.38114392704871,1.1527865242342363,Balanced NPK
62.27663706911631,59.90725134537824,36.37622322712272,7.039664130364816,70.50279106748835,0.888089393329325,Potassium source
80.05011676124208,55.91051803872202,91.36475211584528,6.226013670874798,53.87926956170658,0.7410190181396061,Balanced NPK
53.005466738340786,40.64011783710619,54.859590974266446,5.0905401279098275,61.93965534364045,0.9596402188463662,Balanced NPK
25.133774079203754,24.59809826119495,77.21381109916146,6.813058986070222,60.63949317395995,0.8360015237672853,Nitrogen + Phosphorus
102.9099574560683,10.809126599556974,77.45071447185785,6.300426781560916,31.4789967384746,1.426734432866774,Phosphorus source
105.01882490671656,18.77870218525959,16.31807165995179,8.035392170373857,21.850788398186523,1.406725051957069,Phosphorus + Potassium
40.5051838972,35.87404032201164,14.948231516007262,6.8813598062007415,23.21151808339215,0.7603987848941378,Potassium source
111.13462810291665,23.942956244347,79.84107649578657,5.706963791290862,52.68927219806391,0.5759005015757377,Phosphorus source
84.97199347275884,62.79669154013896,106.87437813651168,8.21508291913799,26.891133324284226,0.36769190897850995,Organic compost
15.336890719156415,59.02684004111611,30.55815639957361,7.800582874316971,77.53727079293726,0.3923539025410264,Nitrogen + Potassium
41.16638757611477,44.304852685259796,57.36041441130617,6.490795718175114,25.197391456941276,1.3559795325932482,Balanced NPK
84.97482384838632,16.540121701709133,10.488294342847643,7.669390318556168,11.110033422436583,1.3445415814228592,Phosphorus + Potassium
68.23691044031284,74.75642769685255,94.90421806941131,8.1302026082612,62.06723974321967,0.9496020419192799,Balanced NPK
29.036629976577483,59.573489024791854,75.15382212470749,6.5913041610788525,49.10139030414908,0.501933305923185,Nitrogen source
54.4869951602204,14.31482240251328,55.07465945666869,6.634263592942191,70.044046134412,0.8853337788947346,Phosphorus source
109.97553989028636,77.59383855496,15.388638635964579,7.090002086611664,30.946357689564838,1.3067233050372675,Potassium source
64.3485765032207,10.856389998595121,33.65072925947485,7.358608589498099,15.57305629370802,0.6928019165037809,Phosphorus + Potassium
105.87840526241149,7.1901058760632255,86.58204079032924,7.364194605164335,32.45158658928331,0.3465316756333111,Phosphorus source
21.2647996198784,77.69210361568265,84.46079169947609,6.315969266882325,68.3481810473306,0.3343370666790258,Nitrogen source
23.96206744396222,19.817223034167533,93.99186419451648,6.4311349839572935,54.98034073428818,0.5021864657501937,Nitrogen + Phosphorus
95.5028107396446,65.12489216900872,55.45836813419587,5.732487538735846,54.10351930974864,0.5329759954614752,Balanced NPK
26.312249640283145,51.18481731325409,66.41996713666727,7.742100185572635,30.461664867455138,0.4928931439192752,Nitrogen source
80.45751735565261,57.57951129640623,55.46998633403975,6.548259183646161,18.648149021844493,0.8102448461455951,Balanced NPK
115.74608167075343,13.527337155488127,72.47647556941044,5.064368119285884,32.776177467196206,1.1894876395809535,Phosphorus source
72.38773915286006,11.084924639944433,59.701451834656694,5.276765354679753,36.147062273597335,1.1996407263845397,Phosphorus source
38.40746222975687,39.00420037809027,65.03730864163182,7.9864653417894305,18.50523524115587,0.9155441126902246,Nitrogen source
13.386898673250762,12.00028059577103,34.2795185001786,7.518999956637752,12.877617221241593,1.428589850620686,Phosphorus + Potassium
57.04346104006075,67.89889553070708,34.40633102116445,6.18233746686742,60.891107874706364,0.6929563332205206,Potassium source
65.82366854193819,65.69391734579789,81.62046687949804,7.925566091245418,16.05403695758636,0.9904914909459952,Balanced NPK
76.13247439749018,50.53239008715124,74.76912350620454,7.533433199439427,69.08254672023864,0.4984772883921668,Organic compost
21.502020397651787,10.54815085844164,27.42707513713955,7.295834558406236,39.15488545827888,0.6543365281164535,Phosphorus + Potassium
110.09460730965421,72.51319092795916,69.27807084575858,6.604751588286458,28.930850153385737,0.7978726572001105,Balanced NPK
55.20110799870654,5.5213879072209435,93.44343158010892,6.535006516249706,25.59945116815439,1.0661401805066337,Phosphorus source
59.24351580127949,28.529753246170703,35.38918198235595,5.206995835265727,45.21154704532866,0.6880775188271542,Potassium source
14.436210768920613,65.93049726110208,98.91126901794935,6.715089501508012,68.72302833063907,0.8253071926045379,Nitrogen source
28.579304436602122,43.819863307219144,44.382365537632424,6.583276129629024,77.9468928071459,0.6621901327204326,Nitrogen source
33.747883582799616,14.641365975024263,107.2320473569041,5.052284390607413,73.52176075209101,0.28030363146647064,Nitrogen + Phosphorus
92.7925293992443,27.023821307456636,37.489814826087866,5.629773875962092,19.416061645751295,0.2861050771832418,Potassium source
27.054905592417175,49.13579894009381,72.66464724131416,5.983761424081371,57.5917309327507,1.2005177307579589,Nitrogen source
117.81924405466768,37.98269875090502,51.204797088269615,8.406112009510524,75.95067829131447,1.4050322129857744,Balanced NPK
76.96643256170513,51.329883994319566,112.0778214256868,6.679366754624317,24.9432704683599,1.4808363393763233,Balanced NPK
102.62767009422964,9.204034341309484,22.371152918571948,8.08741127663496,31.076067396071696,1.1053015289951544,Phosphorus + Potassium
22.960407106487946,17.790025423887492,92.21033795349416,8.427520904557138,45.1539160284686,0.25579097092183745,Nitrogen + Phosphorus
35.774872386844876,20.952571927622024,112.87994254385218,6.467024969292007,76.33709621175944,1.3174599939846863,Nitrogen + Phosphorus
59.58870459327878,6.864503173285092,117.02455709129084,5.035250013736821,69.92907701830269,0.7372013834577629,Phosphorus source
43.14398283766774,35.62254575486434,49.26003805400717,7.411917417381179,50.09061943874963,0.5339763090672784,Balanced NPK
68.02512645973296,35.371256703583,111.27108815139654,8.123323128733691,53.21421371888623,1.4549781525552303,Balanced NPK
51.2639752921207,11.59777069953686,15.241753424765951,7.917058320372021,36.844343582528715,1.3183559254918138,Phosphorus + Potassium
60.46087088773983,5.8380202400080226,68.15132468960545,7.080911655834198,41.605621286997405,1.289444562316752,Phosphorus source
80.84089746074321,32.35544272508898,89.09026268406208,6.118647029221058,68.69833447386114,0.5641348160729716,Balanced NPK
83.3272186639965,36.13190318504252,21.130160354122243,7.203966674749345,36.81376640490845,1.0245424174115219,Potassium source
69.38939379028561,8.119634367033445,32.54761116759149,7.45147378937783,42.73590856642534,0.8064102347204518,Phosphorus + Potassium
10.263846021050096,27.709864797045263,83.64125595247951,8.10445831149882,50.180494552841914,0.9028389007652433,Nitrogen source
61.73462402339295,55.886084291736196,97.79442782625769,5.772393010953802,59.978349185150314,0.5170112416326323,Balanced NPK
13.497152966646642,10.600991014325718,15.119568365801204,5.980607447082674,18.902131054307944,0.3107652597556389,Phosphorus + Potassium
26.2345909893316,7.8648726705515415,47.79068197493984,7.879856030796268,48.76450084343453,0.28445660571755665,Nitrogen + Phosphorus
51.24156082265514,37.23760116695103,28.965258057087475,6.305541572601109,33.57285225286003,0.8419508571277776,Potassium source
86.70213725280132,40.91277169141768,18.134945625458776,5.193300470615565,72.15716017466147,1.1031932824351744,Potassium source
82.28971829174506,73.49009578902053,69.56564505582278,5.258031594846935,60.006930498187344,0.4109539527852326,Organic compost
83.28139755769253,35.05307583942777,13.104839001834764,5.194353466510817,37.4843725559689,0.9729060680331996,Potassium source
28.798693350397865,13.006241160184638,51.385346428956176,7.814632549854961,64.88038628426995,1.089382168132542,Nitrogen + Phosphorus
56.78924932093,38.14532003132955,34.85382493740984,5.479998753287026,11.108855355786973,1.3181950535002622,Potassium source
64.58030724426462,5.228223696865385,68.20907453162829,5.904133659019378,39.91538522799845,1.074134378068579,Phosphorus source
99.07186479865237,57.53613480515012,108.59285020315241,5.821611494268555,56.29696022437337,1.3567806518540821,Balanced NPK
43.93499058372059,64.95887037104582,113.42371269326166,7.253569082587621,21.498519329160835,0.539118222428506,Balanced NPK
84.79782710153204,69.9631561283699,12.613235709642577,6.142159793844234,26.349895686072983,0.7486793227202717,Potassium source
94.53255633544161,42.71041272936865,67.01198007096916,7.1315907913934975,46.097160895945976,1.0947397421684575,Balanced NPK
21.774108890751613,6.710086338928218,100.94689002547658,6.676177663694526,30.893165484278082,0.7905967069465243,Nitrogen + Phosphorus
81.51007295835889,14.12771682951835,67.59726513038518,5.387478514761092,70.16985522390411,0.9310990821947602,Phosphorus source
99.19455814888106,59.07540666425246,99.678117598882,6.196325911002521,19.762380781470274,1.3590862665088004,Balanced NPK
107.31035227139196,71.24546388380323,118.81989267670373,7.086586248361602,45.87475728973335,1.2365302650293173,Balanced NPK
22.114796938271482,63.7285299131153,99.34484084409699,7.02017202060957,37.154386594512786,1.0530951845630625,Nitrogen source
110.65194530577537,16.84732614593176,44.22130702638648,7.349971578723563,68.32519669387804,1.0476897894648085,Phosphorus source
74.99267569126121,11.430589954325008,57.70882374382123,8.115611445722038,35.31484570242688,0.6953072741954316,Phosphorus source
49.33132335533553,32.20614024122831,54.523465746682184,7.706774777732612,41.854392975712585,0.9892113315253714,Balanced NPK
58.6662337251471,70.5375578553928,29.662413960334955,5.430158283006133,38.54082504621968,1.466573981492107,Potassium source
86.97760056511581,51.22023903621227,52.936802193756314,6.033031889817586,76.96046437044136,0.7549954662418736,Balanced NPK
88.2193436317228,65.78286081284702,82.32752136290509,5.81412027107243,30.15885875459755,0.22987775543074143,Organic compost
116.63164165900356,67.59897499056308,54.44126931848359,8.123472865075708,20.75762603989117,0.2546490751642748,Organic compost
24.882261844914325,71.25645089806807,27.653983636884437,5.238441963348474,22.988281475274817,0.739581281507353,Nitrogen + Potassium
64.60743065890495,22.693784914715426,98.62884148318888,8.359455499312123,30.358531081278905,1.410413887183718,Phosphorus source
99.97114263218869,71.45152066869863,16.56686444247042,7.919146753846396,51.01475631754701,0.2497361571730854,Potassium source
92.9015434690297,23.128631641243466,97.6783285003603,7.190961987665825,44.46322396380977,0.23039854403323462,Phosphorus source
107.86422049809039,16.067328278288223,101.26643346146165,7.40856881707775,14.870090974296396,0.9048796294444716,Phosphorus source
115.7929142617586,74.21066328717998,26.0928205624061,5.606141987114018,20.75438761449618,1.1830268160584785,Potassium source
27.682933321213614,9.843610382870558,52.93653371565588,8.38411298105512,31.578191065020576,1.1415068556578,Nitrogen + Phosphorus
25.83571861664199,51.585940349976575,73.92825366808032,8.164606104170778,60.159003774667546,0.3570202245583825,Nitrogen source
54.52799216887273,5.041727432587551,36.5096557025455,8.399641333951154,41.901901967995464,1.3278509297178775,Phosphorus + Potassium
12.610193268156484,71.00433800448322,107.83356670192303,7.287014130832295,18.137563358263268,1.3388209025659648,Nitrogen source
108.98502875571785,20.07850219792553,113.41800347771716,8.083645292870106,24.3413510633975,0.7119669386089633,Phosphorus source
47.03466747582367,42.36697940928005,107.79003102435101,8.06021574733979,22.297090840242706,0.9164726819711924,Balanced NPK
68.74375995068488,38.77987139064473,88.61807771289322,7.2608940164237605,29.257526668104788,0.6526228457657608,Balanced NPK
107.72051076868364,29.432892288090827,58.84938484317703,8.40513831697244,70.00965967175962,1.1086518206595013,Balanced NPK
43.44249933359548,52.1562493251715,80.62222507541541,6.440467495825868,12.528294552810788,0.6764870187550138,Balanced NPK
65.89468198627078,76.2606631556918,90.0245594490412,5.377743283254498,31.09956125597861,0.8781890468090001,Balanced NPK
59.62268030850981,5.384202036106513,112.86100023191986,8.164139258940335,74.66211993074371,0.7571213046384013,Phosphorus source
101.67130576212854,58.14029531506499,66.29194369677629,5.269962625658161,21.74963967202637,0.50970303917707,Balanced NPK
108.55017529019337,54.90261793432801,118.1334091589612,6.982511933713818,15.92932962726247,0.8210921231531556,Balanced NPK
22.296289839240547,72.60224560700459,40.62777575345605,5.690444613660886,45.81421234986169,1.2492128725104574,Nitrogen source
66.13828342468915,7.866244600980602,91.72510781326251,5.119249675847575,52.30648717348369,1.0020135122056353,Phosphorus source
32.9371332964366,38.49315019666184,10.681107742357707,5.992877739379514,53.35458621979369,0.569420185403103,Nitrogen + Potassium
15.23940754912033,55.569807512228664,91.66347074747463,8.020451966696694,71.28821734472568,0.8452118662848704,Nitrogen source
54.80949914904527,48.93988891390229,97.19359989935377,6.663662619016691,79.66167497712057,1.028770296907962,Balanced NPK
43.89172197494487,64.52818350493048,26.584292673610854,8.27525503714012,33.82463492228729,1.0905619608141768,Potassium source
78.7839007861278,12.190481585835817,89.3781678971692,6.09136536320894,36.68266225406935,0.3254818007140557,Phosphorus source
99.1092773453766,69.52040731699141,24.769405141151775,7.84414301578162,72.85997234233818,0.32648254963561707,Potassium source
119.71707016988556,5.341275640241126,102.66462547047713,6.954017468711441,77.00985165362735,0.6395298937077784,Phosphorus source
49.69327544330423,68.02833914465691,88.17545986695758,7.1018144629071625,55.106922397252994,1.0874295538806795,Balanced NPK
15.262581063192355,13.833752161733669,29.938250139910174,5.6187542694966055,69.00346774247697,0.7128627581759659,Phosphorus + Potassium
63.83664750578705,11.704752674166755,105.76523802411029,5.035922372523163,15.830727217581135,1.255742184140481,Phosphorus source
24.365675965813253,64.50183041563021,48.545932067336736,7.716342651262242,13.524873972130806,0.643640624135417,Nitrogen source
62.94012754936238,51.927838317947916,101.98420704467863,5.8556403448069165,56.122190870861,0.39730156738366323,Organic compost
97.4684768042876,74.99159039628456,15.20074105730769,5.279503267399528,65.12785733447387,1.3442990425025338,Potassium source
81.30395356484503,39.58903595748338,94.5973655407276,6.048982594024229,79.42279607234816,1.3023913642978127,Balanced NPK
107.5846316873933,69.11620388781294,112.61746549242329,5.225731417638887,73.60394345118141,0.5231835941770367,Balanced NPK
49.50902454382853,32.792773273059126,35.56772454966411,6.534490467003066,45.38639764559229,0.3932633890826781,Potassium source
49.547071865959204,31.110984465231706,84.21374272605266,7.0327433521095895,60.1276430702274,1.219126579565334,Balanced NPK
83.37067119212418,23.093324503512463,65.2331534849811,6.633012112622299,15.183513589220112,1.3628260862929598,Phosphorus source
20.057889229588362,78.23319415744041,13.492044221461665,7.553875974125248,30.13021517875865,1.3761318879911666,Nitrogen + Potassium
100.64351101150174,6.875817723705375,12.414573971875829,7.111168613539903,20.471411031653496,0.21840622527108733,Phosphorus + Potassium
116.45382645316343,52.464689587606955,11.191594032836417,6.716819225525292,21.027578050257034,1.2467367629938328,Potassium source
13.1550312035487,32.818701360369445,36.18311547760519,8.433055629968425,15.467812909486092,1.1358558713491411,Nitrogen + Potassium
62.58306885127916,66.2367409925497,33.56690131384311,7.993532912817667,76.52570736757372,0.47703978260325813,Potassium source
36.701931482281395,77.27506820563414,57.75401073182043,7.92335088180411,68.97006680449648,0.6041083252578672,Nitrogen source
29.66635745686587,32.489769840661594,75.1093114143537,6.739800116755958,61.575783943484524,0.9134516990933463,Nitrogen source
98.60662834243249,12.795339679654479,58.30039202223321,5.056219647102836,18.45649770907074,0.6309594728806043,Phosphorus source
109.166431943922,33.51164528698824,40.08134595023139,7.347760062352277,59.24297050102154,0.8257272064679555,Balanced NPK
41.73706239186343,27.635784590414243,30.41006934442642,6.269062723993743,21.7777447977301,1.0357995970395835,Potassium source
108.41587381779034,24.068979559156773,36.64366717827116,8.143534367032235,49.76231985531687,1.1487078057172815,Phosphorus + Potassium
107.80478540142212,54.872960311346816,91.67047422489375,6.354314399923436,75.67177798111125,1.1150699504983188,Balanced NPK
17.886406452313846,49.641243490934976,20.4122386259902,6.827416661398418,16.194121123435913,1.0154134090326457,Nitrogen + Potassium
60.200241007536725,46.48093589381313,81.38456136077261,5.876218236073339,32.36647660671275,0.8266884289319858,Balanced NPK
72.29426090631604,74.27346675617595,48.70933830429652,7.071056071260999,74.5781633099263,1.1331747013437758,Balanced NPK
46.11760306836466,36.102961070197345,106.66625396141097,6.531903017228803,27.643061720518517,0.879991773401233,Balanced NPK
30.45980166846693,48.65339134867299,119.06518501185079,8.392479460525653,52.965962248661306,1.3521633229888093,Nitrogen source
99.6668077282568,76.30017454432624,106.04057928947958,8.14941333195041,26.068321435503517,0.4054243473785437,Organic compost
14.83689980376561,54.447942849047955,112.68563562116913,8.478474945132946,69.66397868521958,1.2803136187156046,Nitrogen source
67.07710743536566,38.896860298362654,80.4348141040411,5.079476177726648,65.60265086327385,1.0547287750190943,Balanced NPK
28.705393415258573,52.67726428814375,75.94163966639015,7.757999818917117,68.6234250389684,0.5294452987124368,Nitrogen source
99.59253552878327,18.657187070986375,53.36340550148301,6.724263408112678,66.34518881392862,1.3714050464188592,Phosphorus source
11.893829649966419,60.29333750341455,106.52732364579244,8.340068640459823,28.752243396332286,0.42484850306643496,Nitrogen source
64.8839344840932,72.57524815992163,44.717492110786694,6.767712464698578,79.68884794668502,0.792841967116827,Balanced NPK
79.10756586875327,79.66967787307804,50.3984412169099,5.9552549744247765,29.791768379471275,1.002117271421288,Balanced NPK
27.897419454743925,17.339006225432513,38.61466701613962,6.893273862742101,69.09230696490545,0.8880519671562883,Phosphorus + Potassium
96.09055981168112,76.81678237155818,91.40016672368344,7.249759877736444,10.573608475862587,0.7829347738692018,Balanced NPK
39.4854435438233,43.43170989340408,114.61929134890825,6.121566053811486,21.254745320632857,1.2736650529410225,Nitrogen source
118.96412844486795,63.50532663920804,25.22311923857847,6.927431982894113,38.36331761523175,1.0234625644620963,Potassium source
83.5473252615548,65.53176567073653,36.40951686416558,8.376374860440947,25.02823834314606,0.36132741513481714,Potassium source
101.17583682103145,39.74368823464972,63.9253297770044,6.115574122822478,13.248926237329234,0.45168140958536185,Organic compost
93.77977440424544,21.83047330479108,119.19325087766035,7.751793695196311,69.40131033608463,1.335264897116195,Phosphorus source
89.07949183234089,39.96371028411487,110.87135621100552,6.492843713006897,16.707335529482584,0.975375766311738,Balanced NPK
21.612126490141993,54.15412993444218,119.72794334147068,7.363227939952022,24.738647048055885,0.379217365910241,Nitrogen source
49.20248090830198,15.932387456904486,72.66626335347712,7.740844552759197,56.069684264970924,1.0023581028201534,Phosphorus source
57.916713123137264,17.954691232756538,80.15576181574666,6.467717181831433,31.382303393579427,1.0570721536834446,Phosphorus source
51.638965223230905,17.62477663569122,63.186492994262075,6.012139595462768,61.344210949288914,0.2611872846350823,Phosphorus source
103.81283439870295,39.60096986700164,11.753821332547872,5.466768631500762,76.18083410515698,0.8981086675998684,Potassium source
94.53998690823708,71.20829104484488,45.23359071183973,6.914209571795529,55.5226773316342,1.29406062817741,Balanced NPK
56.209832500203504,76.3814584629126,76.78327514329912,8.058553083861606,15.835062357005743,0.802345037898275,Balanced NPK
29.708641092347385,73.39123465557222,35.848605128874894,7.495430468000544,14.400856911911466,0.4610980331563404,Nitrogen + Potassium
45.18377285621456,63.640499212734284,37.62834525920439,7.859095375353753,65.20275348487735,1.4898643493464043,Potassium source
84.48545385850156,52.80782191716946,76.16895108522803,5.383666983690479,45.925549842020075,1.3069277519737057,Balanced NPK
12.294248052204466,14.499133927518772,76.06041888439456,7.96455548828126,31.513223331826424,1.3329217140014404,Nitrogen + Phosphorus
47.12792845149163,39.90937831821037,114.83337338482565,6.461572305651568,51.96368792275051,1.416105415675651,Balanced NPK
39.08203915183989,11.895194755002798,115.38328590207881,6.9594036102300665,77.60883763502412,1.3267680099573174,Nitrogen + Phosphorus
75.40891563866857,40.350550537203226,62.827525038663346,5.581057734325188,41.74934124476379,1.2682515337525424,Balanced NPK
118.76670369490132,77.02565479184449,115.83964495480726,5.066538108014798,46.10404401965967,0.4601704502796628,Organic compost
77.68126491124761,75.937768133771,106.43161665173304,8.033038668720067,35.60028854305922,0.8515226952593207,Balanced NPK
41.0138740252871,46.53907481673345,43.37266445393081,7.830559495719852,42.50935268323853,1.1105184261349987,Balanced NPK
105.99339273508508,27.481181827424106,78.43006638416051,7.960346172111706,76.55128188067397,0.41198661387532604,Organic compost
84.95622462038875,37.64141077045944,41.40754062634865,5.552053278533118,50.97664441986816,0.6343141716362843,Balanced NPK
83.47380562911603,26.074761690644777,10.06506699885421,7.685297241761839,21.29290259706122,0.5282543681323106,Potassium source
35.888962746922374,30.668076197372454,63.38761132710693,7.8435827104899065,55.51539807333691,0.38979778578608015,Nitrogen source
30.204365502363512,68.5296986937262,37.48410039653899,5.765390892651723,10.249908468151409,1.2062984477719971,Nitrogen + Potassium
91.22970077966197,31.071061191355717,10.804633422660034,7.749513682695445,16.955564860851474,0.7986083163298829,Potassium source
102.41623786859407,23.321158679849457,51.763556686810716,7.312996896907548,57.12139278011869,0.8015182899682922,Phosphorus source
57.712787054158866,36.463190442238826,63.463597571331086,6.213257561323321,27.949011583905065,0.6108667980560576,Balanced NPK
62.55440110023034,33.660565619097575,74.40918132454505,7.208994198629292,79.73005994228505,0.9997203071671936,Balanced NPK
90.80964971767541,12.352384224511535,93.64936918956927,6.781162197098263,70.65906617575476,1.4621813874487228,Phosphorus source
35.340217062257146,74.65063339372847,83.88049646158291,7.586897781756255,43.065274655978286,0.6612316566543978,Nitrogen source
98.00374296798108,6.647884494013995,69.46553010245222,5.258404210327235,27.824438292610473,1.1427588534076405,Phosphorus source
93.02124731602719,71.6782500348956,88.69809579010699,7.361610916333223,76.15821081750404,0.8986324835504143,Balanced NPK
81.92698138430943,70.10471406313489,94.00646608012177,7.69473942139785,47.57290578103539,0.8861982489526099,Balanced NPK
81.3577359667016,57.540979279799124,70.07120251293335,5.649134297752628,27.38881462069191,0.8409976454733732,Balanced NPK
32.44713497773907,36.7615535871912,26.185512331219666,5.511813515963426,69.02506211085036,0.9049249938399373,Nitrogen + Potassium
95.84783759998064,5.865453101744079,41.419406351360074,5.0618822336934235,10.236750181946697,0.24162132575615164,Phosphorus source
67.36766835656157,11.811654148891819,97.82113880743829,6.806656694275081,27.174714294467087,1.290254287189648,Phosphorus source
66.0601430733959,31.30992787011694,72.47457115299716,7.354130565957217,49.11625889471179,1.4126208709789092,Balanced NPK
48.93711024280778,35.74620578713369,104.47398972841363,7.231206418408856,77.63867245231418,1.22981405542628,Balanced NPK
66.42211066574052,52.60387375251011,54.66928501380506,5.446759667339583,38.49773789811546,0.5659315144888504,Balanced NPK
84.58878472597824,55.18979155578946,113.1104682894309,5.278101041690001,42.72979188170696,0.7182309395518154,Balanced NPK
68.01822212854128,13.967230975635484,64.05691940668305,7.299538512937643,31.965041265734246,1.0455748097247417,Phosphorus source
39.22388550888224,32.697905564913476,109.80171303497153,5.087704367291982,29.09764037408433,1.416443303605798,Nitrogen source
26.17471003235846,34.80558605532187,59.95052342517644,7.284265680610117,52.82413033436913,1.0147910468816772,Nitrogen source
113.44518265097226,34.45887040978869,63.87941169559794,8.373909573677667,18.97067498643391,1.4326752410907933,Balanced NPK
114.31084530934021,76.51062174183515,17.373197992806467,7.021482160223723,68.67202942780365,0.6078119719248009,Potassium source
74.96176817981062,24.233389798578482,24.25747926660528,7.982897312042028,78.68542636227623,0.29067033389190794,Phosphorus + Potassium
23.345298241891467,49.145517790238046,19.494240140965008,7.209078765766485,60.36400206285414,0.7390182665012177,Nitrogen + Potassium
93.18674834387075,13.522176584658544,43.136005404095876,7.826736141607816,16.184355603844878,0.5706111542906522,Phosphorus source
78.32790867870003,23.554398003395715,62.89636828876997,7.930170360687151,28.87664672291525,0.7666061002670783,Phosphorus source
12.007759734745793,58.127710787837515,49.05651292669498,8.010187606152577,16.19930856178115,1.2168994568516893,Nitrogen source
99.51744292378702,63.20516590332912,90.78174149572263,5.832262547223412,39.171274286170885,0.7017380528645754,Balanced NPK
36.51418904894968,41.876783459639974,86.72863395669019,6.6755437160003535,78.21250729687642,1.121385974394828,Nitrogen source
58.69690129666683,35.29681543310228,74.19672869204271,6.511174012126707,25.535680990039424,0.8773597602079788,Balanced NPK
83.99860655775028,31.88337090486055,41.1656093279704,5.760874106031137,35.39752575954108,0.5176778229638697,Balanced NPK
93.9408595376006,52.903567952283375,41.56254544792442,8.471409468991784,55.19704942307442,0.3852148115647809,Organic compost
101.22710241350879,61.52765711225844,65.00315101222441,5.817122335277187,66.76133774805126,0.36187368258012464,Organic compost
55.983878797048426,66.29919459109942,98.1584876830179,7.204622829133516,10.541957675026962,0.6330590027495271,Balanced NPK
103.8517711265429,59.10243813839447,99.16548407460418,5.220434378914443,75.85386119672165,0.4977648560707506,Organic compost
46.55223103230272,68.04372677617808,54.68410795220711,7.250768450265559,48.66545013753032,1.3258991944539256,Balanced NPK
27.173588923434934,12.334338040242208,79.55891232929119,7.956245972376643,74.61711358819531,0.7199033343935441,Nitrogen + Phosphorus
90.83422613049163,34.30898752012099,45.07628708208425,5.084742881099534,27.507737493424695,0.42122394558543175,Organic compost
39.54738802952052,26.65453452913331,104.48004180321524,5.711816383005306,67.35091212100573,1.317145098686391,Nitrogen source
61.01538752022109,59.338667483484365,45.046838890775206,5.06219826113865,59.6756066004514,0.9883366531253033,Balanced NPK
60.74999991433004,72.40175216734883,89.99836232729591,6.489534251338455,13.736518881570122,1.3389114555499422,Balanced NPK
118.3107087489026,52.58907793188924,94.5020666482251,6.771086938472372,26.564998429575603,1.3856877382695665,Balanced NPK
85.71856908416412,46.14222951588304,85.02927880754511,6.791514885308047,14.086914589882,1.0585734872115895,Balanced NPK
10.573857365944757,21.525934342617727,27.157719402260156,6.190427893945401,73.58209477213424,0.3036121100922476,Phosphorus + Potassium
49.31468798541418,61.96714632461241,104.9400780787752,7.576451979609649,77.56481418801786,1.1046926532929329,Balanced NPK
91.9280961748694,36.65508015513137,43.22586064293652,6.6165636451369,63.75418884331878,1.0453419747186024,Balanced NPK
94.90888779455634,52.06899392201451,90.64114825103586,5.544841756276904,32.65609732914045,0.9295492971452595,Balanced NPK
11.820215487019622,73.42229202392478,36.343881072476364,5.309757692458143,56.497514904255794,0.45186076122378854,Nitrogen + Potassium
71.8128184522563,23.673250505508832,28.2535669578677,7.572486293763902,37.186095721446115,0.9467696776048358,Phosphorus + Potassium
33.77369144100669,46.43109150552095,56.33534783692284,5.179285557691248,60.86842714086305,0.9180736373115852,Nitrogen source
112.00738394019014,65.59624745222712,72.82311332194607,5.150708605076397,62.6343023779433,0.9137574606270356,Balanced NPK
101.85346739017312,48.33087643407736,10.22302274286848,7.852192389686927,65.94916964192292,0.32922345570632006,Potassium source
85.22058121872605,44.457548887785705,74.89088033624874,8.112736414109873,27.469797142573103,0.21710786154093806,Organic compost
32.941832825309156,73.6344526429888,33.256547040266916,7.360787093151899,65.27799793749888,1.257173355487939,Nitrogen + Potassium
11.14807696348142,5.7051808402282145,118.79111171538737,6.845993800912959,14.459234751660205,0.23485154455550286,Nitrogen + Phosphorus
99.18483513701824,72.87163411410637,67.69417482320392,6.300999240351892,59.16496131702958,0.22910485092736438,Organic compost
108.88073460561831,24.206787572927013,30.99996320327091,6.087773253329521,14.460934500869431,0.7064285300104762,Phosphorus + Potassium
88.62226306636371,42.365477095884025,83.47769362878705,5.748201847509105,37.852331223823235,0.8753257972421127,Balanced NPK
72.9814318885995,18.979736297165026,98.8436048661611,5.315756773142237,16.88010755804636,0.5246109411073612,Phosphorus source
81.97013600791344,10.781537211183906,10.84981568273408,6.652635514558288,34.26599445370983,0.4037702084760053,Phosphorus + Potassium
82.151625779809,53.10735609742009,23.40821487287132,5.804304683368194,35.54855230062543,1.4870518748908232,Potassium source
94.54496203872462,30.287400260597842,116.19816042941395,6.592262382643147,36.62323587830332,1.4275715216770561,Balanced NPK
90.97930298776974,46.08831969899172,76.0766213666917,8.40483681006971,20.703108497515917,0.6512631157915014,Balanced NPK
56.31180081492935,78.85245372137261,19.261349928979822,5.390778944789047,40.47592389198522,0.42001675109017245,Potassium source
85.33131767054286,32.05081492367769,103.08282110174133,7.62013692249104,42.95647562190538,1.29847320902844,Balanced NPK
21.090072947971162,48.58242534464211,76.56462634907945,5.861073898404291,13.473492854319511,0.8957586512024811,Nitrogen source
66.50447545158359,54.02088195128694,33.4221615019738,5.628751766147406,78.45411225489798,0.34779504386994753,Potassium source
119.93494446234436,58.998258061431535,79.22544621412901,6.18924223420092,70.74621720196313,1.3830800959772713,Balanced NPK
89.4072399993183,58.241643438325326,64.24700961255982,5.272422028761962,79.93203308312184,0.2202219955964122,Organic compost
64.49371393242404,32.53507345158948,95.37455945592453,7.575231273330146,53.963479522927216,0.2971601054090848,Organic compost
36.0534392515075,12.061882237355299,117.68739978875475,5.44724013526025,77.70349070221965,0.346525824176002,Nitrogen + Phosphorus
104.84533785354209,48.09726310833571,101.48982244633737,7.219118853813217,63.81860169735759,1.1500550806035168,Balanced NPK
38.62056745781472,75.12862193777822,80.80107146471234,5.707294415013556,31.422942120113724,0.8929663093411704,Nitrogen source
107.00094079435696,64.75648399970333,43.225280738100096,7.4097020929592805,10.115978105290198,0.6324333617382334,Balanced NPK
102.35547465835056,16.34008984293613,48.873479020371825,5.003651609748009,11.619290834440791,0.38982468830346484,Phosphorus source
21.204936082841023,41.72970077989959,109.00048026999693,5.296245972409937,70.88858086614394,1.0686051898205458,Nitrogen source
28.57843629711932,26.73023706526266,31.36018308114761,7.76254459864458,60.75702493902689,0.5957321502259671,Nitrogen + Potassium
15.976776255401242,17.65555699793508,79.28639974588027,5.316304822441312,47.55258505896875,0.9968077158282054,Nitrogen + Phosphorus
85.65289693146681,14.401680876168674,60.56764689457634,6.621888176730408,68.46978178776305,0.8093321126130439,Phosphorus source
54.747533645095885,14.259533678795304,86.39107862328834,7.169263184713049,60.186489526659116,1.0531682314573363,Phosphorus source
106.28122104885473,70.8009579704771,43.8451583456652,5.638442206804329,74.85342509082896,1.1269518772578193,Balanced NPK
116.80751402363062,42.27167777005572,115.84676922522006,5.429515778661843,51.32551934092173,0.8457558971060968,Balanced NPK
10.290941363386608,19.467403600921152,26.881936634566802,5.212832509615438,76.37043529046298,1.4549773402025055,Phosphorus + Potassium
108.09249962673906,79.16606536054385,101.3730639104444,8.262633745355927,23.834179067350085,0.5339490171428845,Balanced NPK
104.827270911685,40.95977967219554,88.8669670011789,6.966681821877232,31.394711807166797,0.5702853021296744,Balanced NPK
92.29975617535084,44.90713347719676,49.532424868507874,7.159638944833882,39.39563092132747,0.8175972962216462,Balanced NPK
84.5700671482883,39.34739014779871,114.49346741435242,6.698174216592664,77.32759743657118,1.301994601080681,Balanced NPK
108.00200979990706,62.24564973278014,76.49782050604603,6.864336813060633,48.61585846544461,0.46189116365935906,Organic compost
33.58343601786105,7.562137118356225,92.01163327264433,5.437022270871658,50.75043919288258,0.3793000279935196,Nitrogen + Phosphorus
17.32014045989427,45.01957764107948,106.04054820681222,6.246050522861921,74.34592561688586,0.2133992796217125,Nitrogen source
61.23129092103747,16.007333081394183,44.73585375349904,5.083061048699055,12.474324104139829,1.1266577931142352,Phosphorus source
81.99940852850483,20.625158848337584,109.12638752038185,7.407919276111954,33.53211701622044,0.7299491323257497,Phosphorus source
42.181137662467115,67.29486587779245,64.33559277277251,5.473576558193386,24.11996219324523,0.5855527954039961,Balanced NPK
54.34684920904477,49.44799263194018,116.05814781727395,5.916750253203416,32.98824959953039,0.23113760064521985,Organic compost
50.980715055354764,55.63080996760194,115.93673323755498,7.59066335098705,18.259755886394654,1.3570501829479231,Balanced NPK
102.2547041768619,19.176683296793115,112.77771641331873,7.499346655663339,64.79721373580526,0.7968815634178945,Phosphorus source
32.0752060206336,64.93289109040762,62.51870192521102,8.386006211303462,20.733416335485202,0.6620245681040562,Nitrogen source
90.91017536814559,47.921121237896386,57.660258111527924,7.455636880106296,61.33457433212583,0.9504887171080103,Balanced NPK
45.10137382609209,51.40695904715527,69.97667505739713,7.7917960042052545,55.742049170590086,0.8458032717267505,Balanced NPK
12.057517574338942,17.520523915129814,47.02537214779981,7.104825189600115,65.46511263626743,1.4479403533053072,Nitrogen + Phosphorus
75.97859335694287,59.66329965359841,78.35853254596702,6.505972029520346,52.67736806745191,0.7208748666873259,Balanced NPK
59.900332661317236,73.32529161930657,72.02456282310709,5.351438303694149,46.66359721687498,1.4392382793678569,Balanced NPK
21.0047155085117,77.83904810913504,118.64043854379555,6.962496081924487,33.27071106228539,0.2112250759892607,Nitrogen source
11.705551043584222,34.10715510959563,96.1378973328944,8.298307328862215,20.834481358443384,0.8340783870015098,Nitrogen source
65.18981981515313,33.52275315467739,69.39516729118255,8.237577811327645,40.69704053621227,0.37911364651878554,Organic compost
83.19945242023407,7.353089340005122,113.41267909408204,8.289606796316134,16.449982250805142,0.9161528995924961,Phosphorus source
97.71294052538026,39.8433859809514,62.664879800601504,8.395700012269709,26.13556650858425,0.8842032455669016,Balanced NPK
22.64649776143047,27.683011270912974,103.59948702381648,7.507570301171388,52.84026508269671,0.3480551344324786,Nitrogen source
103.57684044907202,27.358197291321876,68.84811283458995,5.817161444505492,46.45155979984578,0.9307813952907864,Balanced NPK
47.45152859319354,42.94412352196932,54.66576134328033,7.4412339356518835,48.0723933213024,1.3414989304019966,Balanced NPK
15.460615327243342,6.9978994000263315,30.740428796510727,5.415018015746886,46.81270409574021,0.46017426706178016,Phosphorus + Potassium
11.76534871264592,26.196654157106828,66.01233415147001,7.499893018184177,40.68763648194502,1.4515286268899856,Nitrogen source
31.93979284974111,43.55464882567962,37.85021021805362,7.823337680395761,23.14309227504885,1.450081413783985,Nitrogen + Potassium
88.8267145184499,46.764881085766625,68.55828777344803,6.268645825643247,11.471824211620316,1.3896608956959624,Balanced NPK
97.44310697930955,15.114356179881051,23.428756681203115,6.078352351470155,63.41975828693795,0.8541145392428067,Phosphorus + Potassium
81.9630871699734,5.464570999774913,111.60750029939587,5.579900345340556,32.32308927299584,1.4312957347504487,Phosphorus source
90.61828887642262,43.33000290923586,104.92076157337452,5.214418073505196,15.340498306070653,0.40170919448425124,Organic compost
39.102813648673106,58.17722509625982,68.56593920277064,6.49115604160194,64.78119436538032,0.6123087778702694,Nitrogen source
19.400320478593507,34.75747874878493,94.3052400911717,6.659300003100424,78.40035527479245,1.312965494658715,Nitrogen source
97.00492442941704,62.9885449803759,73.92364764536455,8.15402395738685,51.29104787851563,0.6842974588215265,Balanced NPK
31.54915107319899,65.98211847512236,50.82510298823093,7.768161320364932,78.81019741451006,0.7183185780604993,Nitrogen source
47.48153981881376,17.756958935387715,62.28867612515651,7.289064617406936,31.89507159915715,0.8313652916601728,Phosphorus source
69.07800783516993,25.642800607442762,12.586258470461562,5.7546837113698475,66.22047454186708,0.5614810460715647,Potassium source
11.520412600654856,36.87114925139002,85.0718365417508,7.633433038735147,38.972883801303865,0.9434159089327456,Nitrogen source
92.00590766806974,71.69311267629864,80.38891594818435,7.418019687359397,16.907258948015468,0.7465853739897597,Balanced NPK
107.78547348415091,17.054004195868366,44.09553632481803,7.372872475431972,73.14517747877179,0.2767524766294779,Phosphorus source
105.75411740570294,21.52420354121609,104.6941391990141,8.112324477348215,64.28376977383967,1.4009615144828715,Phosphorus source
115.72738978183189,74.38895770610029,66.44419773201173,6.622868671051219,17.364438198637018,0.4809182596516405,Organic compost
81.76019243758662,14.550636698454031,113.66185824851225,5.794660983708269,16.15516927929923,0.5058189050071441,Phosphorus source
15.380274846878454,17.45672189003033,74.64524699306686,6.0120720350796075,66.08122978417025,0.7261538556634635,Nitrogen + Phosphorus
88.53610712290305,58.12204157965556,24.93560651093322,5.198034843527188,68.93957929855395,1.1111063029828503,Potassium source
29.24790001155152,55.99939225864015,46.241477764442074,5.198639292552084,26.01339093182139,1.1825463083245586,Nitrogen source
52.97999731182418,45.86465146530848,25.019639719714583,5.324311587376784,26.74765671890097,0.8142989434194794,Potassium source
103.16902888631047,62.25437122844684,27.607085245589534,5.250150627830551,25.78554218050151,1.3080270301161239,Potassium source
66.74322428193877,65.51769359819093,50.65404210298106,7.066550831186242,51.63129900383048,1.0147465236489224,Balanced NPK
61.71664020999702,22.94297009320062,57.13333340033722,8.41165459755603,29.04785759523419,1.1422768327071635,Phosphorus source
113.92020686718023,47.46917553595896,63.82695829508652,5.422932281667931,62.728703268372975,1.3849383182689998,Balanced NPK
117.87532969208148,20.124312581581513,111.20609543160832,6.295937840313648,53.340675933550784,0.490745827090334,Phosphorus source
37.322874838383555,51.42186186949849,63.33161683939777,8.375394160911458,28.512474456351992,1.3414476603479573,Nitrogen source
60.652213831067684,15.091554922277773,36.303938731866,7.64494866163378,67.86436241350583,0.25143234117840757,Phosphorus + Potassium
55.10326002163221,42.06294878481711,77.65366912230078,7.277159995250398,68.13911151031147,0.5554064329840187,Balanced NPK
22.312094549082524,18.986508023061177,113.0530854282528,6.91338744967389,25.33664246793381,1.2216242043782573,Nitrogen + Phosphorus
74.57081405638382,32.54958492373026,12.013278321500895,7.7397526113190755,60.22090961043762,0.540738647179918,Potassium source
39.21819715136578,25.36160221293221,83.74617577296813,6.029620493696552,31.72539285223862,0.6896046920582988,Nitrogen source
117.82214588999435,39.507380520603164,51.511289085382295,6.64508042175539,60.34424533927922,1.3487979558893801,Balanced NPK
118.98819978732276,41.45481715025858,60.61573373743977,6.156090542576745,64.53648302396802,1.0522620183977596,Balanced NPK
49.97009649300773,43.890626119722604,32.64028506136804,7.428977770208419,27.6486482979469,0.6544098897293275,Potassium source
17.49304387609016,21.49028284624112,31.437080590737036,7.573573392277627,58.61274519078701,0.8995869515113957,Phosphorus + Potassium
52.57621626167378,71.70598396906864,107.24916824954637,7.109923106196442,56.0563631516415,1.2353859173973383,Balanced NPK
89.50524544833613,21.867611164068556,65.3696771865773,5.531600662956034,66.65665974433486,1.0496499230038223,Phosphorus source
117.70003392249752,15.23822648273465,66.11624531407446,7.534036183914814,70.7139632775096,1.3094170506104352,Phosphorus source
32.21994064706757,78.67407039949015,117.94770664061994,8.391705267410508,52.95289667869187,1.2815158360159902,Nitrogen source
18.36369684708849,24.159531253108543,20.119549051357996,6.76946250964806,77.53111116578103,1.0439219753018667,Phosphorus + Potassium
60.73773287252264,64.46268019495267,70.53698238857781,6.601766834326384,54.05297267128533,0.8653408929254116,Balanced NPK
80.56997336322648,65.19777655658687,60.86603627001744,6.452574370484877,49.10658760829349,1.3761797243441174,Balanced NPK
56.5280512134801,68.58122899907642,77.88791576395911,5.043390013073939,43.33418000832024,0.47369605634221335,Organic compost
26.54029960830981,22.58284147414922,88.36612818681238,7.195839537147727,47.579718983243595,0.8438491025459316,Nitrogen + Phosphorus
52.80958064095949,71.49259215357253,112.5699661872926,7.675532291382406,30.175718254894484,1.388023307161262,Balanced NPK
100.10489144660946,14.301983205816185,47.58453058493521,6.146620777151833,61.10327468191595,0.8810681287669533,Phosphorus source
39.35730427821582,22.309596269131074,60.32555474104948,7.330849604164483,45.61081538754003,0.5393435621151376,Nitrogen + Phosphorus
78.19835780630129,79.9184230787152,29.4335626380512,6.8493985148952,36.295929098005814,0.48394064724392244,Potassium source
106.30414520559391,76.83278768752784,48.52153607989702,6.215517034539136,16.423345960930867,1.00307918056855,Balanced NPK
12.91998925910607,42.215781397499256,26.80959859474083,7.3531139962852246,75.02370658910402,0.3154174949498906,Nitrogen + Potassium
95.55145288906064,67.29260770811612,29.382693790797216,8.229248055712148,53.46424875721827,0.8954180239537826,Potassium source
83.85537552606253,26.608185102618855,12.795195340434207,6.547179282747299,62.0342482593513,1.3942455104090068,Potassium source
57.31141990278404,24.77357687013084,24.44250530579253,8.274230171707407,26.16615531150341,1.3843926020589155,Phosphorus + Potassium
30.213182391782148,6.359955437378699,34.664235796731234,6.724763379081044,34.40934965418306,1.3800369575596827,Phosphorus + Potassium
69.95929904009776,13.83271145150002,78.78651852883118,6.361313979583384,57.5258941781715,1.2220297055347082,Phosphorus source
118.410658946329,48.24845440854278,50.342573740528756,6.517601230169387,38.18352207763289,0.7856985316757485,Balanced NPK
13.306453545447308,23.549617904138437,118.65368849146185,8.248050844944512,13.380227719439333,1.473455140967867,Nitrogen + Phosphorus
97.11495788999378,5.206034460317067,110.48099107352373,8.361292309598447,54.01306126475001,1.2248277023110412,Phosphorus source
46.57848209471082,47.92409461616863,90.47049440519294,6.964413124564243,31.322355153793318,1.043960352695926,Balanced NPK
102.22608181467979,67.70061611394715,24.538806362335997,6.558972786636428,12.711745611267144,1.0225966377679636,Potassium source
36.63784363254199,74.77661285308864,78.00815370188505,6.40216165159831,61.20242324936809,0.4696092036952214,Nitrogen source
20.05749864444589,11.55361480808931,74.10856758326386,8.111039909859542,25.59306733473322,1.188062901489479,Nitrogen + Phosphorus
14.13858782520486,31.500505489824295,81.90881605138765,7.891876969025425,76.02342463001993,1.02234147444683,Nitrogen source
60.894165581841875,9.547729401345268,40.321241152533915,8.230891320376596,50.80275801561481,0.6454804748118809,Phosphorus source
37.369856067214265,13.524277076574204,92.67654763638153,6.44331647788408,75.55845557629264,0.7907092245543517,Nitrogen + Phosphorus
100.02142199561007,14.767821743285795,26.599839000438593,5.956241701597449,23.386426160235796,1.4697627634339447,Phosphorus + Potassium
98.8955925721739,31.130918254543648,67.18054728892963,6.866368408688798,52.50463384976885,0.3347017721827472,Organic compost
48.387818151987865,11.444734959752823,111.0971740537303,6.412088557635326,60.89119309713398,1.397074332355498,Phosphorus source
44.038105868295425,11.58868965580087,46.98378693969388,7.348456398059065,44.985822655185004,0.297439638182138,Phosphorus source
17.72158604314523,57.4671203868499,91.01998729264083,5.383277233303437,65.6302524633202,0.6492268569304676,Nitrogen source
17.50300519511221,30.039577934154806,90.3522619676078,7.295223836787829,43.70296141789178,0.5635484839686619,Nitrogen source
55.97243009451738,33.62080103921588,52.902499656865,6.7139253264487415,41.86986863769315,0.3332095774348981,Organic compost
41.91865227992729,14.683197191378653,76.23058360455214,6.479852559849675,57.03479955558276,0.3138841623898594,Phosphorus source
47.93999800537904,18.526380275018123,20.129648596425373,7.707063726869062,19.16556349313968,0.42738939349523425,Phosphorus + Potassium
50.345546858286006,26.957209258130415,111.1800557215626,8.460262522328794,39.56804909655482,0.4614752843035204,Organic compost
64.79228549221128,42.17514528018956,61.26425033932985,5.071176800986217,18.986386812727314,0.38331116533648324,Organic compost
48.69372117275545,48.55909016733541,106.5627879999239,5.781746656624652,63.98400404671454,0.49407021717098054,Organic compost
13.587837142658728,53.739374893186856,33.60962238557169,8.218792529192044,75.33935896593556,0.3365413244159051,Nitrogen + Potassium
31.41905481381903,20.781020661600998,110.25823567875157,5.273083319340852,62.58176261728566,0.5740160150851279,Nitrogen + Phosphorus
74.067801754451,18.296154342812788,98.71826234230664,7.347701793172654,11.480271651879807,0.5082723205495232,Phosphorus source
61.298528930052015,44.8381588812223,100.99986276350835,6.354376005764687,74.87910844147835,0.4520510216895745,Organic compost
104.34842810664581,72.82246475191357,78.93556635563206,8.386333329794036,38.74111073979781,1.109068112463472,Balanced NPK
11.110744754732966,25.60103406958216,72.30059069618491,8.065768163632708,76.70479707788346,0.9532633841965188,Nitrogen source
104.14575865840868,64.94243068096375,95.10413880045688,5.3901054300556295,43.504729638779516,0.8321373149013123,Balanced NPK
96.62040570014675,48.95806342916615,100.18379699683487,8.347577028672546,48.82646977747358,1.2292243439332515,Balanced NPK
71.66159850637996,51.92770103777129,62.36069599316831,8.358583773190343,67.23041157770666,1.1775237966326508,Balanced NPK
46.254165775225886,41.40612430666938,104.91998721991698,8.277341329870849,79.82850073183923,1.154758011955041,Balanced NPK
90.39224076058164,12.040651294092307,92.669491600759,6.213594600927236,70.52364750592207,0.21462601282861524,Phosphorus source
112.78242060999307,41.2910630330632,24.075133066908677,7.103495043523291,58.442509764451685,1.2137378117666346,Potassium source
87.20322750369976,46.5031470602172,19.01384277935528,8.020144314019944,78.8383146049827,1.211409081888712,Potassium source
13.821639296175029,61.67734065683253,39.660514057470095,8.367350646892017,14.44552920100157,0.3199359106786274,Nitrogen + Potassium
29.95073711117793,61.486858321337245,81.65454584289449,7.545328469244323,34.77189708994726,1.343448483898441,Nitrogen source
59.08816838376072,15.058583153815714,94.42214410667704,6.853384320252106,51.53877073480219,0.7006570559353149,Phosphorus source
88.17914941314974,7.6675965664195,64.02933423077275,6.495055019390303,62.253462215225944,0.5456299723350408,Phosphorus source
35.708257507462406,28.98742029435069,62.859794967061895,5.7345708963031,57.89449094909112,0.6310946384299367,Nitrogen source
56.367992720484,46.81950703148154,51.45628677478273,7.454294741026777,55.933663868208114,1.1838853511410983,Balanced NPK
67.53050355607202,32.55663909130796,32.12404821581281,6.529101393980758,71.11102748470856,0.35733392845617007,Potassium source
33.69419316692003,54.89343564911176,73.24468661521593,8.20664934156543,12.03232900187822,1.3420711723164402,Nitrogen source
89.8038911150574,63.163751534678134,51.65337871898668,6.0756382823044355,11.006448378908619,1.223626713824722,Balanced NPK
27.770853692509874,21.959688120458537,40.42175921914858,8.04386013406695,30.153027800858553,0.7533882033951804,Nitrogen + Phosphorus
92.20789755775839,71.92032505800029,97.03007797628598,6.873948533996644,10.152543882911013,0.40519496358900475,Organic compost
37.896304612829766,36.03241654966584,49.84085760874361,6.800422201231665,38.84192693444674,1.143886715493754,Nitrogen source
15.745377947024663,79.60461319046826,102.73647377910075,6.172383335334689,37.7761475790343,1.4528187221596218,Nitrogen source
112.93847225431364,34.488017415610784,16.557741165095393,8.457882283686814,55.762736620742594,1.1009023535620879,Potassium source
40.20550071898161,66.40283523078533,71.3230063993606,6.645848168377121,61.884139365777244,0.6834693186335434,Balanced NPK
57.23452996554967,53.9245121005567,80.35450621402092,8.399150884548922,49.39959164874966,0.617281084072295,Balanced NPK
41.618276521670936,45.05142548027654,23.151483598357792,7.058346178847171,37.31784585476854,0.6575962020724766,Potassium source
31.172508941185548,42.15600218262995,14.139623534329811,7.1251437404747175,29.9884358994119,1.3765910346090824,Nitrogen + Potassium
67.89980842967188,63.54404277634264,103.63077487616954,8.07644113637364,70.94416929586569,0.4931093572961896,Organic compost
43.364710574628496,58.09535839242031,69.13802262377506,7.132663007390125,57.44105204920975,0.34852839946946557,Organic compost
28.5137083172552,52.837716878725736,78.7908451850252,7.861010646299281,58.5647287478215,0.4699796286376015,Nitrogen source
17.707960372336665,34.326857943614044,50.8399582654191,7.685956121422599,57.00383503359776,1.333863195529994,Nitrogen source
65.46879573694977,26.652430925723298,65.46754120043735,5.75425704395093,14.237142527335832,0.8495879665939512,Balanced NPK
55.49656254757179,7.41717899867567,89.34011217392323,7.2552289341605425,15.166151923143865,1.1230306495292899,Phosphorus source
19.11045248911178,43.82424747876686,78.44715455788655,6.746449423414388,62.31841034902289,0.7012366085222459,Nitrogen source
33.42511278483813,41.480598652384295,47.64606287572095,5.529467225015331,42.97584137083536,0.4618595232285855,Nitrogen source
61.73258214955851,49.43960164934984,96.0417369826289,7.9860809456519055,56.771431555970274,1.361604853494192,Balanced NPK
71.35681091803878,58.28241923137021,94.73988668008548,7.886960794161677,62.62960149620544,1.373138363709042,Balanced NPK
62.01403048609924,76.51115823758032,54.03152547531243,5.245666568778653,22.748084221454427,0.9257456579792662,Balanced NPK
11.604669851501017,16.804561070998986,51.148508385510766,7.185039897266893,21.588508463690758,0.9473234534372508,Nitrogen + Phosphorus
82.94601978383763,62.27445736806132,82.65266330540753,5.875289696183682,79.81521436602866,1.354723281587643,Balanced NPK
51.0870858147828,7.189224643105669,68.15790472698848,8.028163883212812,67.5360285810607,1.3668241503477414,Phosphorus source
116.64678827644485,58.4771105798823,27.863729617739732,5.12744598070237,20.59850974917951,0.4614298379880709,Potassium source
16.752932923515225,39.008879365650095,96.22654845925021,5.014881283914269,66.25384221446282,1.4028995394401318,Nitrogen source
26.718455271746045,6.6009618945733495,62.73014381080891,8.03985573701972,61.57819951267258,0.24510881945831828,Nitrogen + Phosphorus
84.05908561025885,66.33086933399497,39.8154613431227,7.286946732969472,44.576427169953185,0.4673177865118758,Potassium source
109.16603393067453,21.725627362138212,102.45229669417493,7.455793185504376,25.463630800299363,1.1247202052452294,Phosphorus source
12.860541017314484,22.720368462130445,41.39455080762649,8.1121647769904,74.07712426713368,0.5522896843094196,Nitrogen + Phosphorus
62.21244257533588,78.62175855311241,83.25752824903599,5.2439933868544495,37.40024009513765,0.747869750422929,Balanced NPK
43.70363313655671,43.99349028732346,90.96227927222581,7.4202523641840115,34.60837185776771,1.1576316540060942,Balanced NPK
68.74813566865654,62.71349123848608,22.527791391674157,6.416660035449336,37.625481782078694,0.6573436576121612,Potassium source
86.78372650403887,46.78463891807765,52.4481257866007,6.877058081537958,59.307504625770584,1.0776656814987275,Balanced NPK
93.67415315454475,68.8606316200443,91.33310567242889,5.630486973031288,69.26052162412921,0.631630199112495,Balanced NPK
83.25730813531061,79.32273037655517,42.41062649891423,5.945738262899118,22.751441628757764,1.479301340919787,Balanced NPK
56.9629105486429,63.78990955385747,15.416345419444621,5.631484004117401,14.42291018200579,1.2603255368484083,Potassium source
21.720884651548822,74.23711857329238,83.01332100394303,8.183382689773971,38.62010539991572,0.8833552002758192,Nitrogen source
13.032951057385905,39.94294328926176,74.97886318158174,5.352065281225016,78.68646895262917,0.20570831864995845,Nitrogen source
39.41956719335534,51.17161856628627,64.74021332636644,5.837195396983992,79.07275736159174,0.44554062455689036,Nitrogen source
72.51870868267406,13.691305853232256,16.175372297959058,6.70755116628427,66.32900460958106,0.8907095371071982,Phosphorus + Potassium
42.29934790772979,6.254726980131032,113.45853078487907,5.741596077478825,50.220029888482465,0.22018413529228362,Phosphorus source
20.692502091104206,17.76271359435158,22.354525328674367,6.857637849142282,37.793739048656306,1.2416705219897861,Phosphorus + Potassium
22.782458992246383,37.33010088005902,57.107602000155225,5.807841299914604,16.71730392473737,0.2138616571185628,Nitrogen source
12.071067482672147,34.89687743487454,15.97050170831816,6.380951454900682,40.61866756873444,0.7790017395738635,Nitrogen + Potassium
31.082101848133437,42.40364691892319,53.154901066059246,8.463344429875564,13.175831261373409,0.2700420599591033,Nitrogen source
100.69828717649747,24.95142551253878,30.21651220254077,8.060698415081855,47.29103688676423,1.0005265620073625,Phosphorus + Potassium
10.875674938836768,24.556325323847297,38.51232778303962,7.663122691136872,36.98865760333902,0.9506658662416296,Phosphorus + Potassium
112.50939418685203,78.85078617134535,24.006227639105845,6.945534871787744,58.93993603235372,1.216668623348769,Potassium source
111.21190133567573,59.625291552448324,85.89287171620859,5.18934185528056,48.137341130987096,0.9783950547882672,Balanced NPK
86.61473563680006,48.752247162972765,55.03951109972968,6.706101142680921,77.71237126842829,0.6278349962661771,Balanced NPK
96.29026624166151,50.55800886467456,58.821403029259095,6.450114782783139,47.60586390819718,1.2397302517404896,Balanced NPK
23.436516970935838,73.29930350496846,95.15615342518582,6.221598934899106,10.71271054974196,0.3367934425966711,Nitrogen source
25.883487700936303,12.76850207587015,21.305687744186677,8.360508126018562,56.09220122265025,1.266830344679292,Phosphorus + Potassium
71.9095138508423,51.461352386803554,106.90981522242633,5.916892190486614,58.616724925346986,1.369101672715067,Balanced NPK
112.99214902375836,38.303617959465605,104.23834277000068,6.763508469208839,28.052018534250724,0.5262467926315857,Balanced NPK
59.694316628553686,24.341639335292125,13.297650761279826,5.369414475004649,69.44540949561264,1.3472613758225915,Phosphorus + Potassium
106.03482405495893,46.528425671621925,112.87390920448695,6.7468241415853125,42.3781302118895,0.8166968034206052,Balanced NPK
37.952312656934005,51.012752670207234,59.38462488074148,8.411301834044199,22.03869773426786,0.2997155360771744,Nitrogen source
48.62538013699804,21.166243452814673,119.10950433400193,6.955023908816521,35.18023411578111,1.0355634782035403,Phosphorus source
59.8422654631351,20.661885441402845,53.39712380240377,6.002240251270002,54.63148044721795,1.2615391823264859,Phosphorus source
38.88348079108188,51.59950041411399,87.93278482455007,6.295037856860442,44.12749531984856,0.6664616763209776,Nitrogen source
51.01954651253112,38.466240644118336,42.49652182921348,6.709154882635438,62.65716555901919,0.7125870485894501,Balanced NPK
113.99815815675109,21.349664650317507,59.44552236424695,7.105897535000321,48.02850950261443,1.4310228707594437,Phosphorus source
45.67608397277543,33.32241675050271,75.52497264863558,7.087284127793952,65.12086807363426,1.232870470440398,Balanced NPK
11.195805428655676,62.31495362998667,88.96555415199254,7.050195630141884,32.18907258372272,1.3791728866321222,Nitrogen source
91.2041588928639,24.296555261937716,43.57422199327404,7.486594983003036,74.2358023133937,0.8377035318640838,Phosphorus source
106.71196593780407,33.65858674812063,53.46801224222838,7.40079420614249,13.53763793793922,0.38059838005760754,Organic compost
90.12675113957584,23.156411903774593,29.258696456573073,5.311684535359319,25.739813049654213,0.5256121814971633,Phosphorus + Potassium
47.52774369215781,75.3747165125066,80.90803573990638,7.426597594068171,19.292387255906622,0.4504666951696114,Organic compost
108.85382105358143,52.5731845182233,99.0616094857806,6.25111921422689,50.40448112258465,0.8528698954233278,Balanced NPK
32.59532111795036,66.8577133286179,46.71318640182027,6.634106092765771,19.3095167916295,1.0298637044017118,Nitrogen source
97.02489880256623,35.7791230523585,117.59452110624812,5.901543854164085,71.11564030366807,1.1375801459413024,Balanced NPK
111.99877890384678,60.548616008294275,64.43375054965614,6.447146622358854,68.05796407331496,1.2924725145491878,Balanced NPK
74.77943095660856,57.65932449387341,60.91432897542555,5.764299573385933,13.49863352483743,1.0498169969478834,Balanced NPK
83.61343359122839,54.89476712816252,71.86482120684857,6.198403014857329,26.94256485188823,0.28541627239001044,Organic compost
26.280960612414084,52.12236382362175,94.48784800937801,8.176679931726653,15.874173300759491,1.2582341094688514,Nitrogen source
75.71617565032459,27.59872899316513,89.83720196359096,8.462739115793767,36.559234895786204,1.0156692829163614,Balanced NPK
38.69158593678134,20.377105970472492,26.404440460184322,5.112537630053344,60.66673232765335,0.3897466530799047,Phosphorus + Potassium
84.39002277983421,70.22066561392285,103.12595913510727,6.04637761064652,18.708433741794327,0.7759838281903615,Balanced NPK
29.941812934248098,33.01309230379894,72.57035058647958,7.255214363317296,25.282663108213836,0.495484943613522,Nitrogen source
105.2564174380175,75.86658156462171,80.66906862416569,6.948881207691267,56.06512784325703,0.3672066161698393,Organic compost
108.67429454933422,20.644675187718477,83.664867057037,5.776897330798017,59.40540733318767,1.1794639586879037,Phosphorus source
91.51505661731267,37.152389340009975,76.77357736353147,7.092960244015648,60.42189976718939,0.848701125031093,Balanced NPK
65.80230816111948,56.330634881197106,28.7165998973712,7.283679408173609,20.376167684189486,1.1422855209692426,Potassium source
52.78044265389472,67.96870357075659,19.725306430793736,6.611832104730037,21.705220952162524,1.3295221532710348,Potassium source
23.777281161000857,41.38964599322842,21.577635160959474,7.791993588627843,29.742770304254442,0.9722769557244286,Nitrogen + Potassium
28.715806741439895,31.370441031255076,22.50668901223263,6.927908685312653,10.241717495286979,1.4909929387219074,Nitrogen + Potassium
55.79067489965515,52.20853978056444,41.545910497693654,5.886368566486205,69.22944545920225,1.1856377541468799,Balanced NPK
80.76212305329499,61.42286809445315,29.284446827595264,8.269322865150734,41.83218430900312,1.3293251681795024,Potassium source
90.96626133944493,26.44409410790359,72.62485890618873,8.383260293953484,12.596169669622203,0.7544262489725919,Balanced NPK
78.25935566064419,30.492204533014963,44.97077074081782,7.62042070771051,74.14288261613838,0.8989168317276435,Balanced NPK
114.30307103507285,12.595902312918637,35.02174084014108,5.306991806241641,40.487399951728975,1.0147291351113497,Phosphorus + Potassium
32.051911260933686,38.64040114335151,85.28340545186528,7.238205463363499,54.04973637844285,0.9878419452401359,Nitrogen source
118.52713533023305,58.544112711355226,109.84403004786299,8.331055745899187,70.17751766768598,0.3237185186645364,Organic compost
68.21689714698495,33.61343610331946,20.677530335689344,6.97473136820962,24.897716954285546,0.956258380809005,Potassium source
99.91277780150241,34.53785497843137,114.48114295330925,7.68263983897208,66.29974598909317,0.34597880511545637,Organic compost
113.60603917447425,7.589687363379648,102.82847242762502,5.103777320219312,21.372020435622602,0.6099486227089671,Phosphorus source
91.15366242556324,72.45653120171116,83.31486397509859,7.547189928641683,30.284097801246297,1.467989461471501,Balanced NPK
54.850763979595314,73.46853527180173,95.71797023110707,6.285432943518948,34.01946811086272,1.0833253063912482,Balanced NPK
113.45184300407722,55.42583469801789,104.31697305396783,8.381989857324811,33.10018402564492,0.9000389825567343,Balanced NPK
77.00189514316524,21.288249175627524,97.73036438709768,5.9161533655597545,59.48122500714254,0.8809714686415544,Phosphorus source
102.03381557340518,43.36662961922965,74.53340326838817,5.633753168750456,66.57307325248958,0.7227616764534397,Balanced NPK
73.77189265105253,68.45440745978877,62.73280662156036,5.960626254998946,28.578519748417776,0.9362238090807495,Balanced NPK
42.032446118477374,30.391244332381753,35.828567847771964,6.5620039239093675,42.625753397230575,0.8836966652319613,Potassium source
75.21400601111554,49.092874753089724,50.39770797891762,8.15237670490099,45.81595682035156,1.281750968815101,Balanced NPK
71.31165598499089,32.79598976831472,91.25128389866234,5.619360288639834,77.87762240952503,0.9439933290289433,Balanced NPK
21.45822361680863,36.60186986790793,88.37920746675859,5.238384011202779,28.296632343471227,1.4016864158155777,Nitrogen source
49.182327924208764,16.937197127940827,20.822096543882985,7.1667192892618985,49.06931917080641,1.0420641187140744,Phosphorus + Potassium
115.38404342038528,9.508869773365038,31.74381199992851,5.818385134477186,39.89622085997746,0.35733424188485396,Phosphorus + Potassium
55.08569145400815,66.21459715418385,28.00236101590093,8.20803163231863,73.78773905450572,0.8668833997746921,Potassium source
104.61733138765327,58.362561116796265,49.241230043834214,6.966130244364847,18.163158886676165,0.8444910845084592,Balanced NPK
101.29769585419652,48.89299982693912,52.02336750335677,7.322458743277906,78.37988106049885,0.28772598807456323,Organic compost
46.34007546561841,16.695444608205158,115.26422692199753,6.910656536739454,19.076839385648714,0.9958210760301494,Phosphorus source
65.04622089696338,9.449035196684328,105.09661302739322,7.482186918326171,10.366715672978371,1.4475739275179804,Phosphorus source
27.519494992102643,5.019650531079529,56.99987100579196,5.492738628862804,49.91035502899345,0.6048584997510772,Nitrogen + Phosphorus
30.369589520968702,78.90087300964046,46.60019177868756,6.451566426536224,30.596809714113267,1.2880830754620456,Nitrogen source
31.64624855087232,14.574314596329192,106.96035352190616,5.641759182662881,70.05566058908799,0.9516310895032358,Nitrogen + Phosphorus
100.57088779836171,10.261855255539174,115.9983000458153,6.049169478518654,14.103886289731292,1.1943515314153665,Phosphorus source
29.62991137905369,31.333390605556318,75.41218872075689,5.240157374309932,24.135348840637022,0.835793902928899,Nitrogen source
56.40932674168359,46.818004182929336,90.14961407714502,6.23547295369076,38.30839861107617,0.5540957702724425,Balanced NPK
47.36667059681732,8.827187975880044,73.81365459033287,5.604725538921116,60.140071644980374,0.254851506109359,Phosphorus source
16.58635329548798,26.351707441453165,58.22446696061306,7.427629232422852,58.452838377486,1.465392809985566,Nitrogen source
48.68089352807792,9.4513225039132,104.73908301810108,7.55723183801935,14.768534854940807,0.30833997059390816,Phosphorus source
62.42995720924448,30.62337128451522,75.60092516076404,5.767063200518953,77.15373872303313,0.8657755647075493,Balanced NPK
92.57907184012073,14.433835720821952,77.86175457958132,8.028129266573394,11.609344264084756,0.9019820539695294,Phosphorus source
37.14377862565309,40.87915982336249,99.75946425068447,7.415247447458516,62.81493908599293,0.47518770754494044,Nitrogen source
101.57719220923289,51.0494087087236,17.623232909673437,8.01948272109546,13.902866831109053,0.23740180444232065,Potassium source
101.71218952996908,5.976777991954567,19.727750373674876,5.0593355059346,71.61951197645755,0.25810413501273377,Phosphorus + Potassium
50.99477959325163,21.274427745266582,47.582711412174845,6.0170741506309104,72.15102080535402,1.1993172223493842,Phosphorus source
107.3518563485131,59.00319616323769,46.33828992318499,5.65045791844706,47.08456362757901,0.6636688604172293,Balanced NPK
80.77542976669598,7.919944408301625,88.42802317265291,6.04845711949229,42.3568353291408,1.4721981424974788,Phosphorus source
33.713298907156414,13.824168704742164,33.07952469193056,6.230262339786512,47.53647026299254,1.4742941064232016,Phosphorus + Potassium
105.68717211956168,58.62173340699223,89.25824993557798,5.993241887491217,74.95783984019971,0.9014178090630303,Balanced NPK
27.87726805857944,76.2726887027109,65.71785070285932,5.544292512086248,61.46625164060086,0.5039271384621207,Nitrogen source
30.643363302140813,25.069360689465228,73.61040929341823,6.024063108609086,12.85694316320555,0.7037461709645265,Nitrogen source
35.78263626363764,43.35855064660238,60.551776404237174,5.273290762195496,27.171983318462164,0.5659295619308875,Nitrogen source
63.32102954065081,66.66641245536465,34.04629684568192,5.553653351364944,10.071510426232965,0.9884541459250691,Potassium source
45.820384160641716,55.26165143858634,85.91566338670445,5.156462335282716,39.288818800855836,1.4583775065689728,Balanced NPK
40.26581767888359,44.716282604784006,69.15949277008238,5.911929400862971,64.54794582374787,0.20478772248352037,Organic compost
34.94695575194316,49.439545519759264,110.90230333746507,5.033359035933791,52.0607503185529,0.20437672693210385,Nitrogen source
78.50992045618447,35.86965581733784,57.789972838208755,8.386283684021354,57.757244055828316,0.4553390224873358,Organic compost
119.70709363174667,24.25082988990161,85.44975049258711,7.381032484061496,69.48075121717741,0.7185269378120915,Phosphorus source
86.55609644379079,51.94558054097487,58.00619461386429,8.205850978416041,27.635071534797113,0.49155564923256667,Organic compost
79.34270807255706,19.269997870877788,101.29942874872125,6.188863396414365,39.476963262718144,1.087010614869304,Phosphorus source
107.36118623007401,56.74756106177724,20.362574746877208,6.183213456293817,62.50440410134649,1.3800758350687443,Potassium source
79.72098298297902,49.71162720348312,51.7141513591118,6.673180809002827,40.25592827158897,0.27172941951884194,Organic compost
12.403817559367312,51.30528756773637,66.08226621307503,5.857117813190215,72.49256741468406,0.46857337004235655,Nitrogen source
87.05487080367449,64.12721832390827,102.42496727983485,7.938354784888964,65.592722884859,0.795140225156064,Balanced NPK
78.63027159603891,69.32835342150234,56.23183215212873,7.347992413503,21.167543166947212,0.9341003950210431,Balanced NPK
25.51504935993968,54.521824480695884,51.45140485632835,5.797450270195911,35.25202732624247,1.1118422593592017,Nitrogen source
109.88367665016341,5.846071152182201,28.463274157180397,7.470066690941932,49.81144032148794,0.6149379616998008,Phosphorus + Potassium
81.69395783771405,70.03906719773381,38.377653978432,6.699852620576223,11.453713890794505,1.429794773407464,Potassium source
98.18081059982777,42.881790262850195,119.11977900284441,5.7707652031937835,62.077938429016015,1.2003585350587962,Balanced NPK
101.39413933935431,56.382222768762496,30.96496627404266,5.319669418288668,22.625004550393168,1.3158140790103798,Potassium source
54.21946136049344,45.9624566674628,12.791029457637743,6.719999851319404,38.64884878332744,0.894928317216138,Potassium source
51.28007786308833,10.65816509712591,14.835635135903091,8.32428939922431,52.26730597394337,1.036415153532335,Phosphorus + Potassium
110.69606790827706,46.31461284348365,77.71081206760783,6.83063505228648,22.31821225247678,0.6049641797828385,Balanced NPK
107.27739027482052,38.2898247358588,32.456448879980535,7.898141381884857,16.1113421601649,1.031389371855111,Potassium source
87.01369289896505,27.782622494513298,28.357327212969675,6.569024682396458,62.8522613328904,1.3526990253057247,Potassium source
99.68705883129572,13.214689853492068,34.50542433714988,7.159450072772707,59.69370777910849,0.21135970799904344,Phosphorus + Potassium
25.68311017721311,12.051268097814777,47.52201688373261,7.382808068170809,76.02359153352413,0.3163803014283557,Nitrogen + Phosphorus
65.67004783362368,32.9349946921865,53.81537133922151,5.238162114254166,30.182462280531816,0.5281927948737343,Balanced NPK
89.01285092984307,53.13937491740361,79.99414918770415,6.817403885290102,33.945963157735946,0.5169296633495672,Balanced NPK
11.241217893859243,16.094603371036648,34.18696947886944,8.414472365581535,77.93161594539723,1.1979660091692719,Phosphorus + Potassium
77.13586261849464,55.16063032237779,76.06039587248627,7.263905500772445,25.346583599400024,1.4697124916308215,Balanced NPK
93.23023713949492,22.568279602976098,66.5012733577866,7.762260586099228,73.78120752421924,0.698997849456104,Phosphorus source
63.210330998879016,28.241201931695244,51.42372892784111,5.796982721669187,12.093819361019465,0.7412300367014815,Balanced NPK
61.76364527789092,63.49226844139032,67.48837190740566,6.142390285216811,42.4269979159476,1.23497264777318,Balanced NPK
62.90460454294894,46.6387258169125,29.029883896942437,5.0267234939060135,75.07736517418859,0.5483543352630288,Potassium source
48.23325109873105,13.613492530803255,66.42977686923058,7.579845962639086,58.02469595832343,1.312282749231395,Phosphorus source
41.522710258409646,28.599746017928975,116.21308972678563,6.598099292826965,68.4159602337984,0.9949526520095184,Balanced NPK
29.89512807187878,76.80786107502588,45.688706964398534,7.246270319170504,27.81609537798191,0.9483685434284308,Nitrogen source
69.5226018992808,24.577866897815653,118.76479727981692,5.4923923192271324,41.01087795837068,0.24079073468026824,Phosphorus source
85.09948355338466,39.65776929521969,71.6101815113087,7.444775200485525,63.48061187750326,1.455575998570744,Balanced NPK
105.03957266747223,29.28535218033924,89.99912065442454,5.265875481051001,19.53448001366349,0.7974964022861653,Balanced NPK
60.558699853330744,42.93129896426169,62.27167094020424,7.244825377164239,76.80418131090066,0.4244958696680553,Organic compost
49.320870699861075,10.569910744499829,31.998151386833168,8.45556784893617,12.768970133719549,0.47778117007494947,Phosphorus + Potassium
56.91547506050315,26.950201045434305,69.97455170413207,8.466563032348898,59.27532944232191,0.7276184482134633,Balanced NPK
85.12304128453054,70.41924639941534,35.19030859164324,7.509253093875148,52.97652323060099,1.1539663807405196,Potassium source
19.257616773763328,59.97062058779794,96.68283555491642,7.40531263847756,23.806836886157505,0.4097477519137218,Nitrogen source
91.22143213695645,53.578130202857444,118.19990288418042,6.591608613459954,26.052152570509083,1.200638698870546,Balanced NPK
92.33778197045216,44.20273371704111,92.06540707966008,6.08707347041088,25.100422959610633,0.36392394220976854,Organic compost
41.9525706350676,54.09249024397904,38.42731762373293,8.09203621062998,27.483418338069743,1.0897820951987827,Potassium source
68.03211544878738,20.866033122731125,71.1816729674164,8.341565899887266,76.09242727974475,0.5790722674941851,Phosphorus source
69.01374023369539,16.3141935058374,61.593921830461966,6.125232192536278,75.0638199670079,1.0224861195559645,Phosphorus source
30.34201748463522,79.42542850167234,86.35930116129701,5.471364031239302,65.96861849810409,0.9248259061328823,Nitrogen source
54.0287389275334,19.723791399578815,40.57204687029091,5.58540195055863,66.23484969662198,0.5548674851886821,Phosphorus source
61.695805915318914,77.59357315586021,119.40129315119552,7.769438419716195,65.92374414007705,1.428300977547179,Balanced NPK
97.6505202993843,38.821348844317164,16.634199695498182,5.7292946614010125,41.11844875707928,0.5450332144925537,Potassium source
46.2100908611229,9.419807583266591,70.73416682729359,6.2305299107835195,28.11882149758958,0.9934850451294639,Phosphorus source
40.445491625401246,40.71974165329196,37.10423884581964,7.381799564737607,69.79070506421562,0.30622377104673604,Potassium source
100.18353361049226,68.87736232982797,116.14205707185656,7.897432712969044,48.66735788657192,0.2913303080099242,Organic compost
18.189362249488838,19.75255770140903,59.180968879062014,8.344038733549022,22.274755560364913,0.9004365222903514,Nitrogen + Phosphorus
119.7877973400816,6.033343564034519,15.168046148582281,5.944693393902266,25.760376567167114,0.8481818498624696,Phosphorus + Potassium
56.249720266789964,48.77325394348437,26.178515980267434,7.4004493766340484,25.028559606156037,0.7875894481868146,Potassium source
13.668514128456001,64.83954303396297,78.9817712000371,5.730704478129433,52.12260840672358,0.7681096276572161,Nitrogen source
100.88945281141291,78.77903420213741,23.697249390752265,6.715373139538237,28.06160930636042,1.1745868204717154,Potassium source
13.790966020359258,45.84313020270034,104.28047617229873,6.3625021756606435,68.65278553771583,0.39095754140578165,Nitrogen source
111.01582341037144,64.3589327148169,53.02083315855884,5.457197197226841,46.429588056690946,1.0715541660429768,Balanced NPK
24.18191948217025,74.98807495116576,93.89719101671523,8.3307096990382,30.94703581887698,0.7634593358553288,Nitrogen source
36.41201796769415,25.533761713478707,25.981536535905892,5.438325940487179,56.954910747441126,0.40402632635771696,Nitrogen + Potassium
24.677863294378806,45.09392937542882,87.43978850078207,7.72313462251252,50.616732692961506,0.46202983964251715,Nitrogen source
73.05531197430633,51.9348002769009,38.390717090114855,5.5056985668845275,74.79554917860783,0.32473131347362777,Potassium source
40.48995485407084,22.358622279357284,108.1182747421408,6.756857687265596,76.96056262580413,1.276685002980788,Phosphorus source
93.03582542688213,18.258461763361698,47.87891407667077,7.870946342912992,78.84715474464278,1.3412970293109896,Phosphorus source
114.32533822855486,53.13873327730797,63.10989907717858,6.801525359941099,42.09442626541119,0.4013314784971639,Organic compost
43.63382930493687,11.77805670383411,19.741617827749053,6.09142073147958,56.628809502219084,0.9978230871234206,Phosphorus + Potassium
71.54093688545157,61.16992069833427,56.4960758509233,6.547356589598133,46.261288432045234,0.28656770238950974,Organic compost
73.98613359803926,61.26795259143776,39.00066170055544,7.991848574964916,28.635145517701066,0.8671775504726973,Potassium source
106.192176444987,60.359642516622515,73.37401713934842,7.179559961706991,17.622058131226826,1.1091177394222405,Balanced NPK
77.31183551833895,11.340068663862205,23.673972801626466,8.398519216166683,22.467804743114698,1.3645049356155219,Phosphorus + Potassium
40.34172697212834,34.70910940194096,71.10382196952668,7.19053896315479,44.844536481144665,0.6529689775030743,Balanced NPK
64.85561220861794,57.551551815865565,53.61313847663205,6.908360768647654,36.54212754520715,0.6289048026778393,Balanced NPK
42.87004651485338,21.796549041897794,93.68470612110002,8.44363767605287,12.02956717672211,0.4548816265629667,Phosphorus source
116.067478635774,30.63313999719254,52.78719813331599,7.3203872335277875,34.68796320955472,0.840510591797661,Balanced NPK
109.07914925271848,47.35878579037222,83.35684225958953,5.759793193697576,28.301664420265244,1.3590248501811875,Balanced NPK
110.93406074726511,65.52343661515788,23.42718274372293,7.864863707081703,11.345940881020713,0.9755207903839564,Potassium source
84.27885819399009,36.98019738805543,62.71348075642534,7.596472582715609,72.64136572282696,0.4461391337952347,Organic compost
25.233316675555077,52.24940559222032,35.383555801348884,5.679786489625956,24.244393449814666,0.4558901413917436,Nitrogen + Potassium
62.48299268472973,77.32924582273144,101.08769855410327,6.901674575040725,15.681567708768043,1.0748108942257004,Balanced NPK
59.62567021678945,63.376995001524065,64.3353082520965,7.338958084187334,24.00346726159328,1.2831800631325074,Balanced NPK
95.73664673183035,33.05109076741881,116.00085698351458,5.56138171513262,11.400928092180502,1.1920786865003732,Balanced NPK
76.06239233392144,13.319123091410658,27.545730954438383,5.458075880603221,21.679720746195294,0.7998295049078128,Phosphorus + Potassium
15.605852876554192,43.953987797890605,76.59107234710234,7.545788601923216,76.22232402964875,0.3072202645168625,Nitrogen source
13.867366193634473,15.435396513666975,47.10461746001089,6.838765999829359,10.300012626716814,1.1000805735931747,Nitrogen + Phosphorus
115.25706657924563,23.73341930131829,10.967674314501657,7.636358686086005,63.90352238411644,0.2565622053770932,Phosphorus + Potassium
77.90545212900201,23.212979464245258,79.61621265942604,7.5423248957319435,25.592025019761977,0.5389874531445595,Phosphorus source
77.27317710593027,48.669696254211374,107.47834027883327,6.786289541551823,65.98371637503777,1.1516092059235004,Balanced NPK
83.22699994496574,19.382973338652057,40.39964792165638,6.983693190751627,14.61605653950517,0.2585642080683848,Phosphorus source
15.479871083330313,74.09807691595078,85.77664120581872,7.928665268828269,77.43917836587678,1.1112598761235655,Nitrogen source
66.68534225850897,40.926343153222085,92.06299208299743,8.037640372286702,68.07312875573197,0.840828915628903,Balanced NPK
95.08599404109555,40.743983589757256,52.28241641100154,6.041850469136138,13.818195670583359,0.4615113004784688,Organic compost
90.30077602835448,17.878311406033795,109.12947611225235,5.275039256114429,13.578881359251085,0.8254072247077848,Phosphorus source
34.493034046154605,12.721470509766561,16.58547413142705,6.8455378587968765,28.16249442429705,0.9224963406041746,Phosphorus + Potassium
26.312756487725174,6.831802150621889,12.998513884264366,5.39435496760093,65.72296936830982,0.7830682110885212,Phosphorus + Potassium
78.62464844068185,70.62420791736858,33.386535510667535,8.049720110674691,62.19448271272217,1.1477235440175368,Potassium source
105.78104141122448,14.440826545123187,69.45512462563117,6.6923666260410934,56.47996768355949,0.5093855253248336,Phosphorus source
24.00588859839586,78.00830254522117,61.22496769407411,5.812071003537823,19.00592899032042,0.9716777583001737,Nitrogen source
26.25384940098388,18.7281976502466,114.73680117501635,5.102079819437564,23.078115641046693,1.0725847107606254,Nitrogen + Phosphorus
33.85834227774223,18.645500330155585,71.21502802595526,7.435847466553989,40.14429220120856,1.2156742126351958,Nitrogen + Phosphorus
99.67310617544558,51.73132021072132,73.56009305469401,7.85706788468802,11.052095878183291,0.8638252726224325,Balanced NPK
24.160583034031646,21.61675720298176,114.38991623451288,5.012985835397876,31.4909812211054,0.40066931624547875,Nitrogen + Phosphorus
72.74586147616566,68.31949413613611,52.997767015306536,7.930148919660855,40.816551713323335,1.381757135832583,Balanced NPK
103.1639459345433,18.411462769028866,107.35704308225083,5.673974295861488,44.327632303091036,0.4548050815524594,Phosphorus source
52.51087219866152,78.92032157304445,94.1654209541688,6.939258197910501,75.4834971138153,0.6676145730690402,Balanced NPK
29.052644647458806,67.17144581692234,11.339289703038883,7.8160838885744095,11.530001711491169,0.5696945606695725,Nitrogen + Potassium
49.10496320929523,28.88968451570789,36.777524324406045,5.3786246126779504,10.222604994368737,1.207125403179515,Potassium source
60.26073235365161,17.145806223333565,19.039473243240217,5.974532302112879,34.806188639799494,0.7998439549744898,Phosphorus + Potassium
21.115886273309897,78.49425043256814,39.56209419570587,6.544535630480387,59.63108014140142,0.6032473892644644,Nitrogen + Potassium
19.07466572123227,33.240534168034976,70.81599886959232,7.946138719487735,35.75482552200789,1.3563772486884476,Nitrogen source
70.0682889906093,58.81149808958138,13.318247427609414,8.135045629685877,24.941295597251216,0.6236292614049221,Potassium source
67.60208041028625,76.98724124442354,48.02426206799896,5.771756093196112,77.25090354071662,1.2510036387314332,Balanced NPK
82.97622411506626,35.72272641765674,56.25004779136259,8.327346548408084,14.827094973617253,1.184750267195802,Balanced NPK
76.12655251617123,77.6326430247773,71.42458454292631,5.981890103267058,64.59431440634965,1.481317152264771,Balanced NPK
109.81990208674416,27.10544133009594,48.098532048426804,7.64187067317024,51.87333422016869,0.2150965903300887,Organic compost
25.604781271744468,11.41190401701851,29.66015881626052,6.067184147543025,77.7039683092905,1.0794101340069753,Phosphorus + Potassium
16.023741696376476,50.55238480959762,58.0330726954369,7.639138749441706,71.87496388166377,0.284777193927141,Nitrogen source
117.79257698654214,9.342894176358417,90.56106838886646,8.160961940579593,62.620342223138174,0.39602622217004524,Phosphorus source
32.87920000920468,8.088430201524499,24.417911285016714,5.213557702627627,13.754713243178491,0.9307454254360927,Phosphorus + Potassium
18.43701961604284,36.87962309227117,88.06292751464144,5.052971649985789,54.72143193570182,1.1843390262641234,Nitrogen source
69.03371036916931,40.66938091525807,90.3924950303246,6.854064176592371,45.64981266270459,1.2423612897340257,Balanced NPK
102.13102357760877,32.631368269988144,55.70270024342053,7.802660802591305,48.14076621760162,1.092857450635601,Balanced NPK
18.269254031193128,12.152655466892714,68.49815880873827,7.8672964047905545,32.15794650354347,1.4488219424291344,Nitrogen + Phosphorus
93.63578589998883,63.62837449150855,101.74373351847107,5.890708697030654,33.12279197822495,0.35396133280371167,Organic compost
51.83914043375809,7.687412258423125,92.66362408281515,7.808949918825357,24.953573311013315,0.8368687437547024,Phosphorus source
83.91920567568667,60.69053987840622,116.63821544907958,5.702286534583169,27.27067361094231,1.310042867391649,Balanced NPK
20.693453806939225,63.94116970105429,24.66747939029287,6.625647492281494,51.457020688740315,1.198240849782182,Nitrogen + Potassium
22.59826390184991,66.80435690537995,103.56132981856817,7.777248142028258,75.61178741326707,1.3338926889923093,Nitrogen source
94.47765966465163,48.45018647331119,98.9487036363678,8.41366504511585,54.6123474153394,0.5153866603405756,Balanced NPK
37.263045691038116,64.69904320573973,118.83949519591842,5.736091420769888,77.90592876291528,0.5487758984543158,Nitrogen source
55.40832222118481,73.11149580636715,115.79959141020672,6.9843404339997885,76.50633286236842,1.295144802124383,Balanced NPK
105.3035085859579,70.1186252102424,52.48736896431962,5.107331241849183,21.525658675748247,0.2968088779121793,Organic compost
36.66380150354088,9.147042710844351,40.46348106690578,7.061360261672004,19.874190963345512,0.610465656818711,Nitrogen + Phosphorus
34.65496094354512,12.132665475310235,84.37084471849673,8.125592185034392,60.11950509892962,1.0894785505223197,Nitrogen + Phosphorus
118.13200712688658,59.84563278715283,15.181287347405647,5.76386257702523,54.62234819100627,1.0307576397655982,Potassium source
101.58582588889286,16.91261098742524,117.93384920605783,6.807018418103013,74.42887131041952,0.8881459320049587,Phosphorus source
30.560628430602826,31.32641211078555,34.328295163947615,5.92478929185873,72.32504891734165,0.6906129713293351,Nitrogen + Potassium
30.093805022462845,32.34067513901311,77.89834116908654,5.703101420340456,13.568673543972167,1.3337560433509383,Nitrogen source
36.31423551673307,75.22721474303947,15.18584515041177,7.277933735670958,56.566976981662314,0.40283664658403867,Nitrogen + Potassium
83.17552570908688,34.07281830699456,51.994587203349134,8.07117826844744,76.66901891434358,0.4211481121964077,Organic compost
85.25088946671501,16.60326167894496,13.850056207544675,5.523357959602438,54.42590964760961,1.144368589911415,Phosphorus + Potassium
65.77403301622371,76.37492372713031,94.0590158852173,5.565663782920483,24.555632490013537,0.9749065445486207,Balanced NPK
46.663066394032164,5.066981153678211,12.672372307722076,6.428346444830064,46.65307411444093,1.049314369491944,Phosphorus + Potassium
93.94538022318464,77.65691548405566,102.27518450986187,6.245791293283764,47.428568611927815,0.48069601745777685,Organic compost
116.56284443836827,45.15821992471178,37.46372762223448,7.534153168737706,44.152322677793244,1.4957425921114784,Potassium source
18.218164547361724,30.160413150722718,113.60370839755761,6.614199768164052,31.82561641881067,0.9863338748325512,Nitrogen source
83.0942904885962,11.96056152081955,38.53260934146171,6.081413579605878,27.206737263886858,0.697740900328951,Phosphorus + Potassium
46.81793497149005,59.85662358717664,75.88279552495062,6.50218007853219,24.000281560384106,0.7468312655760079,Balanced NPK
29.85324293724355,76.41093940815213,29.11509936952517,8.0053707855656,53.090653163125666,1.2540631895944672,Nitrogen + Potassium
107.74175048961092,65.29887109893531,74.82243857438192,5.934478518151009,56.200410466138145,0.2062966161789608,Organic compost
51.521292709508835,69.34727659483059,73.85898110346731,5.912182937499034,72.45265814833385,0.2198497779490023,Organic compost
107.12175857359159,61.95906789651936,26.101387117335243,5.22016512479995,76.5864767317804,0.2871431379308946,Potassium source
117.11377809470368,36.547177899362424,48.885475576443596,7.275154050722298,44.72327209818068,0.7070621370250836,Balanced NPK
80.4177911272205,31.254990121363257,13.778906906654068,7.886237852211087,46.02475451051817,1.0926898516606882,Potassium source
73.26912736899182,51.06442593601932,34.083370625083134,8.271312197176165,41.34059041072653,1.3961258159116212,Potassium source
98.7609824410995,59.00613828546311,60.61296479400222,5.079252755818487,32.06485047187918,1.0643148703288123,Balanced NPK
46.37186729024498,12.434552695664584,66.95346855488089,5.540678412392072,31.435435831009276,0.8524869360258893,Phosphorus source
22.790781190110316,13.439640373232047,33.10977034040387,7.071319870006244,75.3238521484101,0.5107476507425408,Phosphorus + Potassium
89.180608299183,19.20338783106937,79.90664820186446,5.482017829450218,69.17667583775618,1.165261681554848,Phosphorus source
84.8799089123953,6.099633215254162,102.00508367804271,5.527976802641937,47.34423107037055,1.209660129559125,Phosphorus source
79.4837568578482,66.42685502895307,87.97373499535384,7.646266439067695,30.913817110819824,0.6928375566020306,Balanced NPK
65.15982237207555,48.96205590402268,86.08381144997239,6.94451156325064,59.73200635344362,0.39597538688918743,Organic compost
53.41112756435622,73.49790832537613,33.86527947989677,5.502813039248647,62.13654867765334,0.4527578886597443,Potassium source
60.337047660148286,58.387377484633305,63.333509394378936,8.155288412193084,71.47039162600623,0.8538357349029952,Balanced NPK
115.69343010204433,26.883040183561903,35.72811349582936,7.345857204017024,50.094745541545535,0.526438980113614,Potassium source
50.82446047350436,22.477025473622415,36.06748603639131,6.286498213632968,74.69537795056699,1.2853672279297197,Phosphorus + Potassium
66.3660003649174,40.832713540820585,13.46263737846387,6.618036578123843,53.66437944620584,1.2121672691833645,Potassium source
49.15776612148404,73.95415729613357,102.42120618668618,5.28781704790631,73.20636382212645,0.48967806098616834,Organic compost
111.56498310768424,52.30098632441512,55.311227015180116,6.527578932230299,49.395205153062456,1.2970347259737118,Balanced NPK
102.06147687370505,36.117729267809295,103.39299633269093,6.651839368775557,39.22856493778512,0.516229459084716,Balanced NPK
101.07230187158268,51.50476533418469,57.42295873138076,7.3183182871749155,70.27083922244545,0.4571709863056026,Organic compost
53.16862759003485,33.5225294411496,18.362404583434966,6.169238891019424,63.32551029488636,0.5293421821229709,Potassium source
99.20065420641292,76.64401733041153,34.63675037873915,6.433832030848173,19.193382677593974,1.099787306746213,Potassium source
63.041997832520565,49.15334567014752,95.65626738393802,7.716626881511951,46.118294660821114,1.3470170604958733,Balanced NPK
112.51244057203857,52.3034980651515,14.224704206174783,7.715879978313689,72.43420471691135,0.9236302265956071,Potassium source
87.03936513745911,31.703318003174154,65.23148475601546,7.793372342787874,71.31728140413162,0.34978114626856843,Organic compost
11.890451793149387,33.019391169161466,53.00093777315185,7.706656313912991,10.601805970791066,1.1932042254689654,Nitrogen source
68.99590881804824,57.33690416484693,66.0184451668485,7.767537159599906,40.59485722257331,0.6495931174245948,Balanced NPK
80.01709569461292,38.33337194459874,43.3769080726434,8.197412407810258,60.629152399810856,0.45594067274447647,Organic compost
91.41165670554804,23.92976111417828,57.4400644734404,5.7609771372282434,17.930849175075313,0.7187827525491783,Phosphorus source
71.05895347688678,27.659127301967146,18.250329893395314,5.873730588276875,27.196016873882066,0.9679778721617474,Potassium source
41.03635467324942,45.03319039320935,61.73735942514352,5.93225227217528,61.88520228237558,1.0678685869312978,Balanced NPK
84.83002594420647,37.51858898889141,44.8255980284038,7.067593467460322,77.13632356560404,0.7641482372806092,Balanced NPK
83.1811707944492,38.17622516317041,112.58618263739861,5.926508404080254,42.08799615638989,0.8417479535982948,Balanced NPK
90.1512779599431,59.09816599840774,91.33860898731416,7.565290858412059,42.88307859479985,0.40223384666261763,Organic compost
105.74819219689115,29.362490315638627,22.134987564081946,5.450736896916389,44.63311432383266,0.7537141562214376,Potassium source
82.98793086768278,50.88991441813061,21.815315667726928,6.038620647732489,72.73783587351872,1.1966874354888029,Potassium source
105.7595322853806,6.649071698270166,110.32975651795104,8.01377306470033,41.65939866858507,1.0756644487774676,Phosphorus source
39.91929744884864,54.39411605375065,97.86483851702484,6.6924455436099155,11.97914521406259,0.7412489974966832,Nitrogen source
89.74782727273565,57.78170951235375,63.4933830618309,8.449981763925198,18.19321086615322,0.40577464105038646,Organic compost
38.41600841575769,65.26586937313142,93.91001221868673,7.704666439438078,71.57359944031629,0.7757840486950993,Nitrogen source
45.04302669369048,50.02865777955673,55.08589072315767,6.833442149227064,19.815212486153087,0.7152972618421904,Balanced NPK
61.989744680604105,11.55803258577406,119.39447822438677,5.13225074054541,74.36609303154299,0.30425761475359714,Phosphorus source
104.52274086354619,46.118133271218205,31.596835485081126,5.8096493610669775,34.61258536922122,1.2322295411250526,Potassium source
26.18608366017835,23.16735681997547,86.19457236858067,7.1489696287321145,39.457720013447556,0.278697097421509,Nitrogen + Phosphorus
71.43486681857514,22.19159477958165,77.33103596558796,5.960805684978395,78.62316734546533,0.9677721614056605,Phosphorus source
72.84361013750177,67.75762883119792,119.2481261983378,7.727101974723602,51.572684719004016,1.3225822292915814,Balanced NPK
29.93299704487316,62.317202848053284,84.78887613249931,6.971378781891904,70.67293125071106,1.122554279788896,Nitrogen source
88.84068066049403,73.23060959818297,86.93532683485651,5.893983701787062,22.853765093880455,0.867155873745304,Balanced NPK
35.84033726279746,57.472687460398184,102.69805432776003,6.021356030571001,73.9432087633065,1.1709747155050692,Nitrogen source
118.6955002901345,19.902823552381836,60.77017735939705,7.241077707307179,63.404228631316535,1.3855124929540015,Phosphorus source
108.03970351219776,22.709143736571804,56.47182295438191,7.514067111692258,19.261997020614153,1.447174809967708,Phosphorus source
92.16480429640501,67.16314128775558,109.81888239959468,5.6228315332323975,39.54916907547954,1.0471707158507952,Balanced NPK
100.47072360182145,60.35033064347021,23.368420997014688,7.259851848135513,30.583758269096606,0.7284471522859848,Potassium source
119.36528549555501,16.779185855804066,21.481858765488383,6.432004444549949,70.48896360381971,0.41087075374857196,Phosphorus + Potassium
18.794810745073754,36.41367007006148,79.55278816163337,5.5414237842279235,66.32121943172928,1.2996906568264504,Nitrogen source
67.48555184487398,7.284789309080345,66.77125085724252,5.7496378646926924,41.226790586067,1.1876583968764731,Phosphorus source
15.986074655405014,5.011402205379091,24.67939918647321,5.158792633053034,28.22940544328983,0.7255484731810553,Phosphorus + Potassium
95.76793287054811,7.274542151458794,48.608916947998274,8.253054075031994,50.3466116952806,1.2747924659498195,Phosphorus source
63.186550604040335,12.293016335750893,30.563302445339268,7.653288170536243,70.48752675991848,0.8078043561986521,Phosphorus + Potassium
64.17022871381377,38.75917182465274,12.019942387397094,5.3342844493588775,79.4321653132616,0.25461772478476496,Potassium source
48.38659630252899,56.80146796550653,56.731403846822914,8.439323334484246,12.291708274379687,1.3369266476974266,Balanced NPK
24.821869772947903,20.361656814508052,68.11341599698707,8.0500913598386,38.985674787147815,0.5816460427972197,Nitrogen + Phosphorus
54.18392065094969,12.075749457042354,102.20577560882143,8.203252846287096,57.30422703640953,0.7780705156185663,Phosphorus source
77.55658775126953,46.39001055334626,15.67106677311652,6.380474664982849,55.97800779664126,1.3021388023478575,Potassium source
49.48702951724883,66.44540836126751,93.26075517598355,8.25258548030574,79.26016122891305,0.2542519330235523,Organic compost
58.12177681572375,63.01701441755524,100.54832200946841,5.289989780372733,52.46134187316529,1.3679883360688065,Balanced NPK
34.97649783533615,31.051930417283252,53.43327474251558,6.380882135951502,49.319438850805476,0.27904835295146413,Nitrogen source
95.7108751787552,14.215780960169651,99.46475626254777,5.05983026461327,65.09181867470551,0.6618472561126852,Phosphorus source
82.14441168725105,18.437901755011936,69.07105837452914,6.046889769787021,10.274726735710523,1.142683319274497,Phosphorus source
24.42934768248294,75.47781622509774,69.80969543630414,5.005860107322608,76.1446093267205,0.37261880897172195,Nitrogen source
101.73352985486174,29.695837885294733,72.48682335283334,7.925038387783173,13.511071198432301,1.0840754082854447,Balanced NPK
26.344059238281805,58.729694532154525,27.677440907374123,5.076802830210399,20.88066934970648,1.0134591246725089,Nitrogen + Potassium
118.42994713266155,77.75914935352121,92.0260381004762,7.886031594975713,71.17751706960696,0.8868598924261586,Balanced NPK
35.14627397956008,54.58218023266005,25.575213449870432,7.913262311018925,38.84637220639743,0.5464393086142271,Nitrogen + Potassium
102.78038053315018,13.3394386779686,117.23090489479597,8.326441361181704,52.615165334104745,1.1257654785129423,Phosphorus source
14.08643772654353,37.78122746584225,107.30782826646669,5.040327541290669,30.3433949244818,0.6599928593930698,Nitrogen source
84.25876014285225,57.862923554919675,17.170857895684684,5.761303526176054,67.78481098371935,0.4493630754075128,Potassium source
41.51872183660096,17.168323952801313,92.97480236921096,5.0948726040409955,31.133911886311306,0.8920096882111248,Phosphorus source
10.66224678285322,76.54895850965549,105.62180688794297,7.26560681159941,40.73915858660525,0.40189898100781674,Nitrogen source
70.90032814952139,22.940597929294466,80.18190987055398,5.509551322953162,60.19834764921801,0.6197767056428933,Phosphorus source
65.217989519735,17.13692058542605,38.19045108864783,6.575741161282936,42.0726902399219,1.4997111267351084,Phosphorus + Potassium
46.89635978551321,11.328337444761997,67.66404797294129,6.126390083794853,71.44436611524252,0.4733876273623262,Phosphorus source
104.12293894571292,54.768297374718586,30.678840542914738,6.418365063033094,44.4702764056031,0.8783387741374513,Potassium source
53.68044022009434,48.84708586213076,88.84154474601382,6.771643311695298,52.17031748262842,1.317473930172402,Balanced NPK
64.75269901180947,36.22244190889733,37.252597954052234,5.459777141443819,30.457995112463585,0.7280127378682824,Potassium source
94.06834617732531,21.307159136673157,87.23606780521924,5.276618652364021,21.087386284244403,0.6242271167606788,Phosphorus source
61.680415994084335,18.569630525305634,22.323403254989074,6.980389121436193,38.83915525592303,0.7406600283102263,Phosphorus + Potassium
43.874135838691394,32.84356504414906,30.248205602164322,5.947043424843419,47.95910422009652,0.8789794048970097,Potassium source
109.65201562023188,67.44049390052162,10.781157202592247,5.804173701007159,72.13866342874597,0.6091791973089971,Potassium source
62.547621474153964,55.6238694553286,69.76928606520046,5.017037897650877,24.459442582043863,0.33057157543379867,Organic compost
28.440978308678815,16.052651963813908,78.50566982544929,6.422976214864708,14.658589758930951,0.30697755348816747,Nitrogen + Phosphorus
114.53920405513801,16.607147749158358,37.922411560239524,7.010032241749607,23.09740905690166,0.4567882101724069,Phosphorus + Potassium
17.984642444407967,78.56158601137649,76.66555839407243,6.8541038876966525,72.20694042878495,0.9727527140559988,Nitrogen source
38.939159053957894,40.4193726510202,62.533654573798856,6.3932785575970845,62.75413434008965,0.34258763607322273,Nitrogen source
27.513625137100295,32.914720007977095,17.829030514707,8.45588439517852,44.70560816903903,0.26513802014915644,Nitrogen + Potassium
76.86858141729313,63.58284330580107,54.848787530791526,6.68186274140578,59.04200017881641,0.5039631246736512,Balanced NPK
75.74302756996981,52.32089944067312,98.51080305812651,8.118750740976939,75.86216996366984,0.36422430894621904,Organic compost
99.78943383414473,55.65730814542761,50.780094299032434,8.229839105447011,70.2081910817264,1.2066665099185785,Balanced NPK
16.32327565737178,18.275512191689998,111.01621041686018,8.437827476834242,29.411279564812375,0.560603105786871,Nitrogen + Phosphorus
77.1335386885387,10.713626481762656,75.48470169452571,8.390411815769873,30.78670095899306,1.1655685578682708,Phosphorus source
67.73908169359682,26.548349866632027,55.372662232484146,6.928786784705624,63.31135901383023,0.9030334927021046,Balanced NPK
111.76543146783695,13.771153075351002,115.3467443964305,6.927279950178788,37.42706736660023,0.29886638350200606,Phosphorus source
42.58730399052246,37.845089156836394,113.07733824977976,7.647488663368616,14.13314599221757,0.6262614859299159,Balanced NPK
64.05755487540101,68.75638791628904,95.4070236848664,5.756482009899997,13.532169461827452,0.3720880136499609,Organic compost
65.36186478464624,11.740820417575009,37.47335394322315,7.87471694934471,38.136717039677606,1.4949904428843592,Phosphorus + Potassium
93.1581029354818,24.868870139476634,10.832737695904179,6.845226162953923,59.40990429946142,0.8105879595196968,Phosphorus + Potassium
109.71551265289048,62.59631953198672,67.22960350070923,5.066233697564208,33.677283638532245,0.8427305776309806,Balanced NPK
37.52577755531888,67.82389410566071,56.69182732704408,5.7133017416417875,64.53695767510689,0.990768915561653,Nitrogen source
31.678629152759704,44.95595360889821,86.39733611732917,6.569516638797308,31.166743167648516,1.0965692848855493,Nitrogen source
85.59926941382103,6.27030714206097,35.753783991614085,7.262106195505724,25.690134891155964,1.4514513072385204,Phosphorus + Potassium
27.907003031443555,61.116204595037544,119.81548895657652,6.213024633851082,52.21891652697552,0.33742556073260965,Nitrogen source
78.40058399081069,79.06420849502226,117.0145086226765,6.441223663939276,67.44343186605496,1.2745796128948683,Balanced NPK
45.99932845188332,66.7060727165437,27.864503935898618,8.426077187819802,70.49190494214977,0.8637712186579583,Potassium source
52.385426263120785,75.94614743052672,17.82387380050575,6.744363489412367,44.086283030984106,0.6957221072103217,Potassium source
22.389033721883926,23.853598762647046,118.14300685820375,7.8278298598374985,68.67982099355231,0.8623910737209073,Nitrogen + Phosphorus
82.80079741756987,42.875444805093125,84.50953452558082,8.02213948515465,26.98162924890842,1.4361612527118726,Balanced NPK
110.49729984091071,36.44684706618236,117.44956373824166,8.088834517926806,12.805417620621562,0.2547484169695711,Organic compost
87.80130370981794,63.775397619845364,37.35556116821385,6.745578271001579,47.74738915677585,0.7792744888223317,Potassium source
17.60346721023679,21.417207658300075,99.59618130594676,5.255804096363724,53.54984564868624,1.0244056599543496,Nitrogen + Phosphorus
115.21391459520535,79.05884298608785,113.95467785358248,6.894625023472967,12.924300554929612,0.560490795522161,Balanced NPK
62.30450978728877,7.93398816902134,14.080706553674581,6.134080695034353,37.11413068571112,0.9550976825804796,Phosphorus + Potassium
112.61434144684448,34.33826994338478,15.289963622421183,6.8901526817638565,35.057371344396266,1.3714346488877684,Potassium source
57.46478758375306,29.13480654010089,89.62682823706787,6.7263853183991955,48.856935587946836,0.39768764008066454,Organic compost
51.2711978015919,8.481804511521066,93.03666795325508,5.8595358197973555,18.436103260010682,0.9663656400258251,Phosphorus source
73.73726201936955,28.684817712573103,115.85862957372156,7.224324587023194,74.84757206483593,0.5907743883010165,Balanced NPK
70.69833652053069,36.014054664540424,55.46116869750092,5.167185626855016,25.374547138577938,1.3301230839922644,Balanced NPK
103.48408314835488,12.882350741407496,11.996285246237369,5.357160193743754,54.71609804196786,0.5117697774551044,Phosphorus + Potassium
93.8886633278071,5.437185857217839,88.73498437982452,8.10236771133445,13.136453213350585,1.3276134201791105,Phosphorus source
110.96556924721493,45.18801125254243,41.298158927484025,6.969849521756753,31.741067432875816,1.413172891094355,Balanced NPK
69.79949211229541,64.90283257787323,77.09672259461539,6.00942536385814,45.00908085043929,1.3438587308085126,Balanced NPK
52.1160245402085,30.599887712237,115.2073514428052,6.169213403945414,70.1650753700825,0.43176493620220935,Organic compost
97.08974582851566,51.14762377582208,23.221623661281782,5.223808079588168,30.88151061627363,1.0546928140628102,Potassium source
49.61250997562287,25.33642680013126,74.00504330795151,8.333941747067685,18.52969124628756,1.0379557053396669,Balanced NPK
110.36423699038768,45.582534467993455,116.06049080717936,7.092631028345408,57.082142832668154,1.2286640371861388,Balanced NPK
31.9695940058356,47.01440792722692,77.5689771793767,5.4205168275478535,41.88582587457476,1.2018818819954973,Nitrogen source
14.47768561930604,36.01190054474411,26.028940821439623,5.615120091415774,45.88021602165384,0.23832636449873168,Nitrogen + Potassium
56.745239330655025,6.927887086678365,111.81161145174525,8.090338885198225,24.81467584386304,0.2855456786648723,Phosphorus source
37.56992214702675,7.129393280487352,90.82676760205807,7.008630505379692,48.068769375736835,1.3075638843767388,Nitrogen + Phosphorus
99.02437046522257,35.666118385097064,77.13705812252523,6.546327766352055,53.68067897831884,0.39698231107762183,Organic compost
43.00882598823345,23.891269384681728,28.421371529243586,6.448433308731872,60.85495783773306,0.7148736746956312,Phosphorus + Potassium
118.08992032590011,27.656800822349226,114.29427602470302,5.677437898796899,32.454221026342395,0.41330590967636827,Organic compost
36.17011657022151,16.78336778163834,78.731004230351,5.702153026713015,15.959250646373155,0.5463469474759766,Nitrogen + Phosphorus
84.62400750347267,37.147347615664266,27.17738928303617,5.222075661344103,61.054829450281254,1.115342562160937,Potassium source
60.76771844218917,44.581174378436366,36.45421465621567,6.698678898310632,61.0024630039354,1.2029924025660197,Potassium source
47.45443585185673,55.91379168867478,63.513286566049814,7.587675346937222,58.35464566152066,1.1754637085637238,Balanced NPK
28.137171361660297,29.15915554928536,39.14821185373721,6.564740989394794,42.54387218520248,1.0674993581204122,Nitrogen + Potassium
72.65678474157949,48.490615475190154,79.62833239703212,5.955113970120168,25.829213385279434,0.47974512034665306,Organic compost
95.73930624145673,12.294628197648755,44.770197642142215,5.980955406804586,51.43480277845192,1.4014490599190466,Phosphorus source
106.64541154880219,12.904049108925182,69.42312506247117,5.130190865083021,65.4684321413608,0.6871336694967005,Phosphorus source
33.63512646640512,41.30764410435646,57.861365508181684,8.300949232543633,12.32306989527278,1.4349794004556524,Nitrogen source
35.780836822088816,15.877412105729839,91.60061883230823,6.829019252433455,72.69531853637764,0.9054282306844512,Nitrogen + Phosphorus
65.60143725753578,20.462140894013608,114.47511661082802,7.325715764181254,52.1098104957506,1.2270724728399278,Phosphorus source
21.13980855940096,69.98100848508805,65.05309819153248,7.807745705683759,59.884157422254866,0.7866378831467871,Nitrogen source
94.66808062678835,59.05183556689479,10.409407115220805,7.482366033689086,45.61520889998861,1.2913121118678759,Potassium source
99.06089072431708,17.798638551504077,12.39345343912264,5.687138998914459,61.878768983968655,1.3327568054760948,Phosphorus + Potassium
87.06314178907924,66.54407714453308,74.59649640012653,6.772822368589909,77.92548165240598,0.30476720606075075,Organic compost
56.34896951520072,25.854292453164838,23.425607175174623,7.119519491593601,28.42752639165192,0.8018539100433018,Potassium source
25.02474690066068,34.248988329478536,32.028032871360836,8.139279789124696,46.56773114918627,1.2394066605850722,Nitrogen + Potassium
63.42989655707836,8.178823321120925,86.40089157517222,5.167382012198546,37.65283000134836,0.911021161056663,Phosphorus source
95.78111470407097,72.39498249540866,32.52951591664805,7.32250251991087,42.91601064925357,1.1977704212754214,Potassium source
113.3828127563609,44.9725335594425,41.544811634645576,7.7947821904076395,46.87151163677405,1.3469619138352285,Balanced NPK
72.2680453379666,75.28422152043719,11.929028068257745,7.586355902448357,34.25765708394074,1.0692064863535327,Potassium source
113.65814455413133,54.043338287147435,91.9483913576654,5.553176577226749,21.9362632800389,0.9454543023805018,Balanced NPK
57.36649205509603,13.336290798266822,90.11688844562133,7.446348123282156,16.41030458333223,0.26325382307845613,Phosphorus source
51.669465422591124,52.47006436545132,108.29242698492827,6.520769505911243,15.887209098838415,1.2926058712631545,Balanced NPK
23.73898408792751,52.80434676949268,55.47987329468174,8.183495467525105,59.3437637495405,0.20018537486346305,Nitrogen source
51.00381324715941,18.523180836977012,41.188465173825286,6.3963451660315584,47.896957083867896,1.2378961901161982,Phosphorus source
19.507105855213663,38.08275255323542,103.57900402215087,6.512630828616182,46.35065039090542,1.2121877515942614,Nitrogen source
88.41838658801825,43.24983044596272,116.38023785294914,5.126747430109588,13.815718063048331,0.7555712308239324,Balanced NPK
27.363424936323383,21.23812646801772,26.50907876132097,7.423291312565876,39.488795526217956,1.2844271531539355,Phosphorus + Potassium
37.54227169239889,51.75698004249417,33.47860114370245,5.050694626073184,58.22428672391597,0.38917591088586956,Nitrogen + Potassium
86.3191720837523,56.80035745440951,83.49584156584069,7.0718591873228345,71.94455920051234,0.2983276600420391,Organic compost
112.50009023584472,9.947701520968483,64.48556990852471,8.231315431792803,28.82504968344091,1.2892759302226284,Phosphorus source
75.25080552212042,69.58893073412713,15.342410439013388,6.945794725103856,23.205575021020096,0.22348910935877137,Potassium source
85.78497759045298,61.22629977190699,90.9925795180812,7.544413603115134,65.9959278747782,0.8104666924286128,Balanced NPK
48.23335011901815,62.82223380158641,83.31066361379729,5.700022281950402,40.47052353325689,0.43682445769896017,Organic compost
95.67937140884112,23.53482111655629,78.49651724898882,7.5737857957623005,79.41228132430139,0.7630853184600588,Phosphorus source
105.97065647962451,54.826544571864616,10.929321966752699,6.369476814542732,37.58826756112904,0.3555126950487508,Potassium source
58.07989579390208,13.734470907401995,101.89229380219614,6.266640241010846,22.81852127903158,0.9823697739130783,Phosphorus source
104.33403350694387,75.11956678303844,108.37142913677525,8.087184136476935,34.363604239071066,0.8570478691098264,Balanced NPK
50.84396785912758,74.16962254903446,20.210879290325707,6.940118861286886,27.283404709528277,1.3054865218199088,Potassium source
47.314016185842725,69.77631666448251,112.08472045988476,5.601886765140329,62.79768807946288,0.6549717372886728,Balanced NPK
54.36037876118763,25.578595757090003,77.83333209869427,6.201084945070373,61.84310862932052,1.2120396342469053,Balanced NPK
53.464550903420026,5.3558021858270335,17.268945731493965,5.958342786935999,76.77112237020023,0.7119521296893709,Phosphorus + Potassium
91.86588058485353,75.20584395098446,47.58466360474394,6.964514832439859,69.66244486621153,0.9992372461788475,Balanced NPK
22.34426693758014,62.71826935183162,109.45018066702225,7.69071531956026,62.67771446845856,1.1824052180805347,Nitrogen source
77.37927650570076,23.585744863877828,110.19226212346658,5.451175520149881,67.9107022474619,0.6671865709274216,Phosphorus source
84.12020993004518,65.38228331958794,97.84479282793852,5.563999139899649,52.764265789543,0.4789314430975724,Organic compost
22.331471179386963,43.517098308064746,118.6279756247994,8.435823772706684,50.13808270049482,1.2038264130850977,Nitrogen source
37.46457631905746,21.82716390451268,87.71754568557874,7.750998390435308,61.928598666665756,0.33585981915055696,Nitrogen + Phosphorus
49.189980821059265,8.313512445076869,96.47784909918747,6.091112275903849,40.08143703088007,0.9525548475330077,Phosphorus source
10.060776060804962,31.559015758556377,90.0011422282675,6.001228496281746,49.933420394972615,1.4703227819766498,Nitrogen source
22.997191943060017,25.118071841499802,85.23631679719078,7.094321307976774,78.46023682102636,0.24498345467956822,Nitrogen source
106.57935514486205,41.64087901657293,34.95889035297078,6.761774950727332,38.85373408275211,0.4331351964946023,Potassium source
34.13353089060256,26.610618461060234,70.74187317106912,5.290847765530977,16.219181141010985,0.6312700018096268,Nitrogen source
87.80199791896459,78.37288353933438,11.32036077036092,8.403192254935783,58.022906541847114,1.3712816005295612,Potassium source
68.99721937030802,39.7204473496213,96.36756574237397,6.928888096828176,72.81558466954657,1.3609821846343892,Balanced NPK
68.35010287240372,48.03234809163116,60.19029093199628,7.4129216995721965,57.76492791388107,1.0457711620778942,Balanced NPK
16.85849063836877,77.26870450016276,46.9162472839687,5.861758077364498,24.77345925384487,0.2900686853152809,Nitrogen source
60.27432884441631,8.117497356998673,27.699496436552344,5.0184630884690185,22.22769119854624,1.4938191347238952,Phosphorus + Potassium
69.55990978169372,10.036144423527489,72.05614260674031,7.102769539000656,48.34087949330366,0.6367843871168547,Phosphorus source
82.29653513396046,15.695689486148705,34.151923570905694,8.481522146686736,39.09114855422044,0.39212940176728794,Phosphorus + Potassium
33.87279523344269,59.309907623002005,22.787520145376455,6.238927670059198,32.987756664116084,0.49637547445072444,Nitrogen + Potassium
62.4521774351458,13.259595509333195,60.222385717942366,5.114171200332573,77.92393431029382,0.9863359646090586,Phosphorus source
18.257717985735745,19.304377541638576,91.00945558917195,7.560850719268543,35.54883820706047,0.3929684389536744,Nitrogen + Phosphorus
68.952000975146,25.729794531442213,20.648942708910702,6.210994897191779,62.57088035104931,0.6603820778387476,Potassium source
14.485821697878382,14.029796385305442,75.59806551114556,6.827534833191074,57.240389666623,0.9432753992477236,Nitrogen + Phosphorus
64.69516394860673,40.63401203360998,115.76914940697597,8.018015689614558,36.801496156829316,1.0495126759510895,Balanced NPK
12.247608541042837,6.571308869872295,45.042940324565244,7.641684508099465,74.78209979958119,1.0878686285700183,Nitrogen + Phosphorus
87.70284069421812,7.408878007854592,112.31752662649531,5.303777011267204,76.28357100906588,0.38421818797494267,Phosphorus source
13.672296790110137,47.27074627462509,22.501315974361304,5.100853011739296,56.7479197943043,1.1597349238923802,Nitrogen + Potassium
42.22359040249331,45.01311675686874,74.46496823360097,5.5629661462294475,40.804429004874564,1.0280596129304482,Balanced NPK
107.42616937573145,36.41464710268202,86.92668194935332,6.755882598595806,59.49596187078435,1.225680700991319,Balanced NPK
68.36066154801657,9.582722763522156,106.29444422894598,7.103478202129379,52.04499868367929,0.8623044960122612,Phosphorus source
29.136830574866238,41.46307550000756,69.05058491561888,6.343179107805089,20.43720784160083,1.1909079828354172,Nitrogen source
60.22484210595918,57.54964247729317,15.167800730280112,6.7653239992794445,15.16455890936124,1.1535997330470473,Potassium source
73.90572589729004,38.85433298456967,117.0126505054475,6.1410580849798055,39.602274262583244,1.1587890738322906,Balanced NPK
67.7556428411197,54.38908474615342,117.39078914030038,7.434868983971706,20.54960964062974,0.47215132313018066,Organic compost
105.68420555130251,8.598056353407422,66.00942334760785,8.170844397404183,64.33594638658008,0.35036722048214664,Phosphorus source
91.45115222803457,33.65513352931727,109.14132863481697,7.004784571327484,48.41409450932488,0.21132480253538508,Organic compost
37.46217658007399,35.956571073921786,89.6309986272779,6.820173855118321,69.67772561450474,0.24465533339738504,Nitrogen source
45.51781055642464,49.81921942877104,82.46315965987303,6.758432341822263,37.91967861620541,0.29302270729291774,Organic compost
86.58666722556103,72.77946862430194,98.97218414598028,7.454304987366739,54.39126241789484,1.2036529392478914,Balanced NPK
95.4404836731002,5.520532774288054,49.363327358588414,8.038187700536565,69.55484961177228,1.1229420521176479,Phosphorus source
43.99775039639451,64.8434317391895,35.47102120623968,5.784346683941283,47.50135042875678,0.9427432742756192,Potassium source
48.64610069158881,50.28314023527208,88.00234359700737,5.630762485326389,30.2030649770709,1.109789553349644,Balanced NPK
111.99762910080372,71.33315599581205,24.26118753439718,6.994038740185155,66.01228747714849,0.5085245184093061,Potassium source
80.75097537178141,37.07284765278237,82.90044966911978,5.112371969684414,31.906709128398653,0.5995258763424788,Balanced NPK
56.05405067389067,13.590349541935574,58.02808446394913,6.895243870687696,11.866122298638523,0.5911896076868268,Phosphorus source
29.50203156294436,77.91220004471089,24.323783609360145,7.195954045496524,38.12971201717619,0.5735306504973112,Nitrogen + Potassium
103.94832057790015,54.80653847322614,78.23321707049043,5.327801540568366,28.127851035009954,0.5594399116744088,Balanced NPK
57.781772663899666,74.11010855379502,54.40179669760485,6.148073540833618,14.965580161080805,0.7004452485080042,Balanced NPK
15.759332439998392,32.390334483207106,116.45628324341537,6.946212636571646,24.620936446488763,0.5889857665828355,Nitrogen source
72.82099795891708,6.446408369254651,108.95282866262775,7.023483388437613,44.45987713259542,1.1311039952585196,Phosphorus source
32.02872185516557,6.623256688177396,77.6743997869371,5.560008436397333,10.856797108477817,1.407591743911875,Nitrogen + Phosphorus
96.7260672177527,13.565081771257555,108.59859531504667,5.236508712060886,66.20928404168254,0.738813045854984,Phosphorus source
66.99991573429023,55.124646847477344,20.863772026851514,8.17714763647738,20.05486123188216,1.4240594841524414,Potassium source
20.063112862652446,17.90062770257419,16.331127194414755,6.392247275187817,51.360629048949015,1.0125970869219245,Phosphorus + Potassium
101.13708515807636,44.628487535894834,66.1122786266064,6.141510717796041,55.577385831848986,1.3810875981008162,Balanced NPK
49.08303268839076,31.726603186573684,47.765701730410036,5.795946427196412,49.66974035419388,0.3372476512974816,Organic compost
101.82768331728285,15.331457876253323,29.13228774926277,5.2400098357045515,36.69430199667104,1.184938892420962,Phosphorus + Potassium
110.11035464909155,37.57105858026807,35.865018605818896,7.539791252079395,58.17006925155589,1.0861381733739646,Potassium source
58.77656940375662,47.397369613164614,16.816358209581196,5.875044353986589,74.8861578719904,0.2543136301189047,Potassium source
43.17599875605306,21.998323384697468,24.32628202002506,8.23523125468093,18.812723974386955,0.8361827351649569,Phosphorus + Potassium
102.34604354944726,5.29040079760006,21.938044631215497,6.196629705697056,20.32605025618529,0.43745747923527173,Phosphorus + Potassium
75.02713946413681,17.797340671850908,80.2731954595111,8.20431480163991,26.06000871834044,0.47597050629089205,Phosphorus source
11.253295021734145,6.099979497741979,53.62892170535286,6.71164727987156,22.796755202075392,0.6198843596466423,Nitrogen + Phosphorus
25.434094639404265,56.09353609357776,53.223317789434894,7.570169389216835,48.52191416384119,0.6904888834017591,Nitrogen source
78.90033505064545,5.537682714547091,85.94008970397293,6.298669631875501,45.95034249902586,0.8804327147193172,Phosphorus source
71.42536012986471,57.67898850370225,22.171074175247888,6.71142216032588,15.820710557405054,0.5043992564004227,Potassium source
30.819096418606076,49.903200681894155,76.67072353437321,7.908147992523807,46.528602189161475,1.1680820704867292,Nitrogen source
107.79857785069375,15.015230888599852,89.30662739618359,6.147776340481432,29.46446253922947,1.451877429566799,Phosphorus source
32.71024395666764,73.59147807994216,100.60881219374147,8.075213588555737,51.01884315833029,0.9601175470979924,Nitrogen source
54.28402918065539,35.06895419582378,103.57339185627325,6.357143063544623,44.068781458439275,1.495310711351505,Balanced NPK
48.97452433473533,66.69437626142613,40.491749957443346,5.087757703929714,51.539950422398114,0.8231497711811198,Balanced NPK
96.53398816089026,5.311442753257654,17.761642669924747,8.008876202012198,43.658169132139676,0.8582854650833802,Phosphorus + Potassium
34.76176410929946,74.44408298266026,110.58626513835641,6.8084283529562155,25.24764826007243,1.4776288748331348,Nitrogen source
108.17020516067142,44.10582566888567,78.90383949553986,6.538837315602548,24.424044266627977,1.0858860947877793,Balanced NPK
83.6047553055867,46.04945702102105,99.58905657453883,6.581428088764585,70.2641707335084,0.48212385831734295,Organic compost
115.79859948055301,20.381019891362854,27.6131032577388,7.111891274508414,16.515595136605103,0.4183105632308297,Phosphorus + Potassium
90.19379319138783,28.111364730155696,98.01334342421109,5.5444349336799315,36.97110132759467,0.7021743319972626,Balanced NPK
62.84363312349875,35.779415264970964,52.54642924513255,6.1495315231685215,11.060544600693946,1.0015675027943893,Balanced NPK
62.08405036734788,32.99619866650468,33.255626216938005,8.119865292986775,26.652567706934033,1.397201843118226,Potassium source
33.8990380832081,77.85695058819108,56.18340558786452,6.864510902808867,30.916735989089318,1.4209351624785558,Nitrogen source
41.08279326300325,59.76588622203131,12.253991775200426,6.955515596959597,61.910290508815805,0.8121352408142719,Potassium source
80.76488268743417,62.60426632624851,65.02618003000612,5.763321949259479,37.774040862072425,1.150012710191224,Balanced NPK
39.82011317430103,52.402596890018415,26.31211850582362,8.256026316163577,52.208818763328246,0.8087517677891618,Nitrogen + Potassium
99.2675340014533,64.78782891473085,20.70553437260538,6.074722148598757,42.10040903020308,0.6427019462190781,Potassium source
44.9030792588081,31.414272310349634,25.62542623741998,5.417960677767005,28.22175591456718,0.29110624887619485,Potassium source
66.12419924857889,16.485220066737973,17.43238814678726,7.930010265208548,51.12566543658687,1.3678680355215762,Phosphorus + Potassium
118.17320461853772,49.514852294826575,97.55750541779341,5.558396929401249,58.88580905209494,0.9144204624586985,Balanced NPK
84.40321571200911,12.854314804935573,112.93966287194742,6.461205722129875,64.30595010045703,1.487795616242435,Phosphorus source
106.06431954802919,28.377911295741754,54.21738302199296,7.2702893937942505,47.661621157350446,0.7333905973279669,Balanced NPK
81.87066740874971,73.21462770056682,44.04455061330724,5.449184182117198,57.302469491349086,0.9664734993937782,Balanced NPK
109.61468334568305,60.69944271487707,53.681303506704744,7.216652726771267,70.3656927501874,0.6517151069170437,Balanced NPK
11.520920342209095,51.97553677804225,12.851792493425723,8.2811796557182,21.773919474792358,0.6865426474728387,Nitrogen + Potassium
114.09125310444864,10.994794608723636,10.477678725409826,5.362727949256914,79.02269273740967,1.4632473944731057,Phosphorus + Potassium
52.30590170998779,60.71642204776987,90.95267920577072,5.3493567218933284,26.458394696854164,1.3556770433476149,Balanced NPK
28.226649063314735,44.06415176357912,36.85676835771188,6.951650948378818,23.75714893920147,0.4804727238502377,Nitrogen + Potassium
15.147896303846787,79.26285408562453,22.44047527655282,6.454665859783161,39.229058709478764,0.5947141132146933,Nitrogen + Potassium
97.3389319269855,30.326893369516153,78.79953143285056,6.900501334843318,70.48202180662474,1.265327420164015,Balanced NPK
33.97420497359613,61.25838460135432,97.1825303904113,8.217149822933832,77.4252322113057,1.1580597015299101,Nitrogen source
59.49242890874824,26.972800177202163,105.11292222576078,8.2044407106484,16.829282770922198,0.9206195351421522,Balanced NPK
24.21137058664005,23.868478659804275,52.151574499955395,6.089074753670214,60.119925594599046,0.3026561096123851,Nitrogen + Phosphorus
77.51508957573279,48.60608967356728,96.59144816284322,5.33837472954345,33.28232376423401,1.1062344510201039,Balanced NPK
88.2855817772342,38.72193454359482,60.7946376641876,8.377357583643759,32.835959093030354,0.3951491059847747,Organic compost
114.81262714904783,65.72061074458726,36.07692213211111,8.000399265136496,27.661099104310384,1.275681717558936,Potassium source
79.14189985583424,41.19351653347336,112.08801977215494,7.832787755523816,19.09475524457979,1.1172396442389287,Balanced NPK
96.84521474274425,45.584571815584205,40.36752160795269,5.820655411461236,78.19021794713757,0.7678315043429864,Balanced NPK
67.07075084884261,49.862429915415085,21.06945435832882,5.284533884550052,23.86958355772265,0.28492778692144277,Potassium source
108.83195163273699,16.101820307418606,34.92260891076992,6.88058625814816,72.73429581333772,0.2637405817536969,Phosphorus + Potassium
33.757190339941005,58.801281158658675,67.10977931024681,7.080814248152211,11.186766348054373,1.326846802836471,Nitrogen source
73.66148017063657,67.57758786682174,116.0119364764657,7.5625652299611374,12.170734143315574,1.124988305542417,Balanced NPK
71.9817741791624,12.765469527807387,39.74697692627032,5.590943353823125,74.73889718629525,1.2338683235494305,Phosphorus + Potassium
87.09392906298267,62.24904794348845,76.13706669593012,7.993433057193219,26.002570393253365,0.5256559388161486,Balanced NPK
75.09246210316846,65.7601549327303,101.9367301169594,8.416885957115529,63.359941221302876,0.5025658366844331,Balanced NPK
35.371560512851545,38.41915587156828,81.51658476772212,6.795472060683821,14.723107497719239,0.8264710587261044,Nitrogen source
99.88085509432112,23.023610935233094,79.85358853191582,5.944018323009774,48.89683103416632,1.1112725597770412,Phosphorus source
32.79444771648622,60.46603478081318,84.41703382073804,6.094659858953749,72.64822858564014,1.2146683939681986,Nitrogen source
67.32460615594755,11.201344431226978,58.468367020589916,6.154476844541078,28.371178699890155,1.0366456297019087,Phosphorus source
111.39031706083213,15.991569587710002,91.58009683067716,7.176002080691752,56.692258050667114,1.2987412349917458,Phosphorus source
51.299924674285606,48.46657667057719,40.45059690505681,5.994740679114424,45.929772415383376,0.20949019480396625,Organic compost
37.29268217242645,16.372158222677363,23.185472064992254,6.3462003885734966,17.305326641495114,0.40057606600208373,Phosphorus + Potassium
83.55872289864752,53.8506592821111,113.95200529832401,8.220956335006807,71.17582432890516,1.0982406698085423,Balanced NPK
39.324829808506074,18.36183056824657,114.43596034265565,8.358701464963952,45.31041721969437,0.9129377815931659,Nitrogen + Phosphorus
10.591016776913605,16.143919724265366,70.05937283541834,5.636275904403592,43.51105393221237,1.2333905444507398,Nitrogen + Phosphorus
98.0855757845774,69.62437340714006,35.92832819296956,6.511640476065679,53.879179346468796,0.9554118936459195,Potassium source
119.8980499087969,25.721106215609574,17.84733954489543,6.357517039488261,46.260950423700265,0.7034109834464082,Potassium source
45.130058238490264,24.29445617423775,57.02327966053165,7.412207382887054,20.420596922437767,1.3251940997404648,Phosphorus source
80.52344625351631,13.052787741816312,12.587154819750655,5.179749770695278,16.325788028521412,1.036600800959887,Phosphorus + Potassium
113.49421607703685,14.997758309849566,41.276558512158644,8.030477663640788,45.39713936027633,0.7552724915965539,Phosphorus source
62.05542405102695,12.58403140122029,34.154856476173464,8.367058519340937,55.03973672388247,0.5721707995159044,Phosphorus + Potassium
114.16754204079538,34.812145043664344,25.49503598149291,8.378607595480212,56.61520940547442,1.1786601119987918,Potassium source
12.476301270045589,26.23590760896098,113.9970440196563,5.544339267144265,71.14343899241791,1.2016083422997446,Nitrogen source
51.636927228184334,71.5042274700232,111.49776104121455,8.034033821664767,38.523606800048995,0.9632755686388592,Balanced NPK
43.67419004213497,14.746488173599227,109.23231036390112,8.434047535283701,14.101026199280561,1.0940587940007631,Phosphorus source
114.41735194795898,50.59382865418819,15.180525493068028,5.0521983794076935,45.2871679830785,1.421928510673632,Potassium source
40.6752156727831,31.274467963593107,97.55935041549345,7.805815960559321,76.05473196963584,1.2902734548195867,Balanced NPK
75.33131660461528,75.40659501737414,77.58598821050663,7.105527085159594,11.085177850776455,0.7920943742917861,Balanced NPK
14.724629552716333,72.40771733885133,11.151767418037544,6.074506657808994,79.65466369295632,1.233584540359418,Nitrogen + Potassium
93.34359565870002,58.46605448924834,15.636457405548425,6.008698803852851,65.89173832571421,1.3642175276624273,Potassium source
48.50615545875474,24.456217947058555,35.948486812586324,6.918223604847622,30.404078781266794,0.22773782986779545,Phosphorus + Potassium
52.98248749616937,46.53001246289708,79.76673669794397,6.200341495254728,31.9724431090337,0.5690397758060534,Balanced NPK
78.56579203618432,26.271901073507244,110.85380980228281,5.985905831422803,65.36551856860177,0.6156503595013848,Balanced NPK
79.8214702777647,57.42617941537002,29.18106848452816,6.329881147406601,18.9307405464746,0.8638523357261823,Potassium source
110.03626802289567,49.717687682324616,87.18261413945373,5.990688428526898,42.77578898100918,1.1630124014783516,Balanced NPK
24.443163235754227,14.128129779475513,34.68780643714897,5.828798476655323,77.36785537405368,0.4061909590764139,Phosphorus + Potassium
21.567028602292098,15.326188372721465,32.32021482239916,6.29051864081599,23.800738378857957,0.31414023213107,Phosphorus + Potassium
25.02800719917996,64.2251017736265,67.20831015761101,7.610583838162528,22.368958885983474,0.5967244880650583,Nitrogen source
118.0535994272299,11.425113476686288,58.253742220694946,6.035197165486466,10.513412967105221,0.918187431992918,Phosphorus source
70.50058319575173,29.034547278463375,61.94844151590953,6.371816375223277,42.49439924851221,1.3024631360349763,Balanced NPK
88.53706379261658,26.018346789347735,36.349509498603325,7.538261784607269,25.71603568042488,1.3798616230290088,Potassium source
101.60981432567807,23.93892856707523,98.1650278223803,5.66971630469631,11.740270895709855,1.449456787223493,Phosphorus source
93.74857308314921,41.67675627578377,102.75303605151944,5.265374689019929,61.7777706583203,1.4432234543809135,Balanced NPK
100.0449754634278,37.375678299370485,48.09420192864684,8.12345569631681,30.405493502503194,1.4186826361099174,Balanced NPK
45.183444539004306,14.37611091290744,35.94788592707807,6.818191498798044,19.177422641357772,0.6939443025363703,Phosphorus + Potassium
109.64412143910702,12.04157319847658,77.59986470990334,6.413176213144256,55.32183966869945,0.8364905170503318,Phosphorus source
106.4375540837556,35.187369653226426,65.92713589625477,5.455479687572556,44.32146137601577,0.3491501005198657,Organic compost
74.14428592118492,37.05453182092379,96.17081037485997,6.464669421119424,54.141679334022314,0.27669008105304904,Organic compost
88.10203078648706,76.80753366214611,59.255660496086946,5.034471699926892,52.25526590653603,0.3887304572237582,Organic compost
61.47653169652345,7.4341739117792365,58.709280382858935,8.060700494143308,19.477073097624483,0.8478234399282356,Phosphorus source
37.925928204304284,24.577298291830417,80.76333947027261,7.618970254135322,71.12997500901659,0.5617200656337118,Nitrogen + Phosphorus
17.785386054072177,38.1711644146073,74.30503979031869,7.588532055512819,62.92501811461681,1.3227023918870588,Nitrogen source
13.428068980537034,78.57485452548373,116.34972367920336,5.124414708045113,31.930687282698404,1.1952054102555856,Nitrogen source
62.63614181222442,5.348129566524625,49.01873670367752,7.026286304014095,71.57060868985775,1.2780269707027556,Phosphorus source
114.09513496052111,40.09461391191444,97.81011862495485,5.352574575342753,46.29205098089697,1.3915549934313298,Balanced NPK
102.27323691462209,54.17073870342986,26.412365383975544,5.637284409520642,57.50565966664041,0.6232381657673012,Potassium source
46.239274210940984,68.57170898494107,12.251384595355288,6.373812555555997,26.675434272065125,0.23523036006715875,Potassium source
33.82304438159164,18.81856208591332,65.4921669183735,6.523171056608345,43.01896678697588,1.3412846794982276,Nitrogen + Phosphorus
64.38712088566479,52.92535283833662,81.22316112337414,6.8090603849628355,31.334199723669798,1.3741061801341246,Balanced NPK
58.1993071719507,47.834598711210575,71.50587571743233,7.896733146120507,47.42345844836954,0.7939737474995896,Balanced NPK
60.606712743831345,63.496144562272704,46.297261888614614,8.271978991376056,69.26227702974333,0.3798518790900141,Organic compost
44.89629230928353,72.9214899413443,40.62084842316711,6.111803893416969,25.221918975120605,0.27071226937297377,Organic compost
62.63017403486298,61.613976185418835,82.59971496700278,5.096687402667552,46.63680344555609,0.6293758770529385,Balanced NPK
80.59675544014411,35.38698681835646,117.85830938295865,7.899575582175072,59.02596388584898,0.8703671797158881,Balanced NPK
75.02241658783487,38.16016537442752,97.41228879345024,8.178819480154136,79.93665793968486,0.9784793879694562,Balanced NPK
85.00739727095238,34.98968841124673,10.932051697147337,7.4613286923402535,75.38248045470355,1.3175119166455145,Potassium source
106.64828503980735,35.15944588051275,88.49066834314755,7.234504927659362,47.8654364246169,0.3971057692067564,Organic compost
73.29862630780414,27.394319181849152,87.39480867936862,8.30698349790451,60.93604618229488,0.5373875888124897,Balanced NPK
61.17726245943167,47.364928633649576,89.87681140274597,5.517466287182244,46.79147668573951,1.3181774344754664,Balanced NPK
13.034685720074279,59.568527459582185,106.84801460010152,7.785172972814703,75.22873833249676,1.2175236343802631,Nitrogen source
66.98254839576117,40.770071530931176,13.502364818764475,5.065097784782309,54.76282196223819,0.5580232688018336,Potassium source
43.78048990379069,65.52992429251213,22.239852805874627,5.993421198882462,57.95270015373416,0.23973609395198484,Potassium source
67.17681389781485,11.409569170855326,93.78224599998944,7.221038559829001,52.598636250781,0.48767057238480294,Phosphorus source
89.71685698542402,27.625936597275484,72.78962654936873,5.322104116555999,16.726056317265105,0.4521872991471172,Organic compost
33.76055675040785,14.482431757750279,23.007329284518683,8.076608510172264,48.82433781898588,1.0088301330069143,Phosphorus + Potassium
41.66039409616323,9.161552699595855,116.5101107241288,5.189098495325655,67.58385783154623,1.0646123612234712,Phosphorus source
54.827311590718274,60.99479778858828,94.12056200400998,8.074021175227713,48.1447718220449,0.4778193757936837,Organic compost
72.98366621358142,12.448631637428992,51.38518876552704,7.136282899453801,27.632098679770856,1.324607573519908,Phosphorus source
117.36570298683856,10.693255266021646,32.64819438465797,6.655540612762574,12.655899817101133,0.32080566139040545,Phosphorus + Potassium
109.07041359709199,8.41473833760787,37.223267793260234,6.482714473819382,11.432145177837109,1.2537719407824666,Phosphorus + Potassium
101.30085449090245,34.60026802604397,32.19623485980189,8.123253126829729,57.49892596830608,0.8810203141760591,Potassium source
53.16375885403457,45.44576353149635,37.446269327106094,6.573600268408965,58.012840567041465,0.7347665242701045,Potassium source
85.34500297129946,60.4044174391396,92.90831059266422,6.992122744727792,22.907158580752245,1.1107276017490464,Balanced NPK
100.12091647551989,12.071662882225272,108.55625706585599,8.294552421368515,56.77651578537254,0.34438434882236746,Phosphorus source
81.90598749522121,31.70513064812992,43.40101241910906,5.1286740366853,60.738386062229914,0.9366839110240179,Balanced NPK
59.58724075442401,34.151630698820426,55.303744485009254,6.585831292327934,43.42420291007463,0.3269847815817172,Organic compost
51.835310565534286,9.802751683440484,95.35239891982636,6.827838061260574,65.96606306203765,0.7581160018382764,Phosphorus source
26.840821145469082,27.468165896323523,35.72467192181341,6.5396637742590595,65.22375969589206,0.35162296829354767,Nitrogen + Potassium
54.01101921090664,11.884338253494175,53.06016185257904,7.038828534267788,14.828234383773175,0.28663438647854766,Phosphorus source
90.35611227051639,35.56233187848372,48.652049586040505,7.402119062219448,15.933434546188417,1.3176294532519164,Balanced NPK
95.29686118335817,34.22335721322414,61.55781836314615,6.392004432372088,64.96611491745517,0.2376921204167528,Organic compost
83.85275162157066,27.691081449448866,95.7501834015802,8.443680930084048,29.528476353198776,0.779607261935962,Balanced NPK
70.23498909997238,46.32868060635917,27.222773459618843,7.0413615793324675,60.6738759435258,1.4272370292187535,Potassium source
89.79181257114179,50.248021101047286,35.657584958846996,5.342720557206855,54.403424193842476,1.012737542276812,Potassium source
102.32947322108336,38.45765586659142,28.924773726790793,5.78654364926857,43.347923311298636,0.6056684644375874,Potassium source
29.82938488312522,13.088845401661104,55.35860129234018,6.181314022720182,77.56928290488769,1.3133365818067733,Nitrogen + Phosphorus
30.1840549069573,61.501500898438536,62.82176188023493,8.241345238246133,52.57436428880465,0.46519145620410224,Nitrogen source
31.556510081482728,77.54743850219901,111.01040841792393,6.69000717348783,49.47582639451241,0.9112272034931366,Nitrogen source
93.98247663007594,40.586444316617815,23.48931652825781,6.134992023129609,49.779322747344615,0.656396705041939,Potassium source
99.49033229095433,76.0928752339081,36.61979120114885,8.112011346965671,60.09947852690802,0.9630421493888048,Potassium source
24.34296732138521,35.82126589321862,119.48877553642927,7.269229922664721,51.41783802558965,0.24630239253843206,Nitrogen source
45.29771669550418,41.61168425147697,80.58313152099768,7.999905784312466,42.064794462381535,0.5567894949532647,Balanced NPK
40.94103294019786,15.335818726702579,26.009267564746317,6.068615417474685,63.66091983560392,0.7371868335293374,Phosphorus + Potassium
104.55234965971573,76.18648718541232,18.29621640450597,7.4878800623870205,15.968612073195384,0.2932466094332665,Potassium source
40.33461767090972,12.620191869953652,82.9269007221339,7.506418473962902,54.74849905791453,0.9479639281026933,Phosphorus source
95.93630136206866,62.94338068913489,105.72816266402165,7.426185310267747,34.91120547794631,0.8820847019442593,Balanced NPK
63.96600258687923,13.090014173203636,99.29174022469137,8.194988495402505,78.90862235167086,0.5223579582480833,Phosphorus source
20.520421417536035,13.328138880354361,98.47266706729803,7.2110958973503285,62.9284100901428,1.3767553245352862,Nitrogen + Phosphorus
34.88961847834384,32.306398510599195,97.16082066389434,5.907871638351652,45.42285998287973,0.7764858753194974,Nitrogen source
75.48356768364393,79.11521522146474,21.408650709519414,6.696248342277382,77.12907685294263,0.6522399409164172,Potassium source
91.46570420102181,74.69528185655443,36.46681656439107,5.284830888634301,15.298512010024147,0.2948917114628179,Potassium source
48.55729380513745,14.466097286461824,54.55284163559576,7.639446522104736,30.875833822409497,0.8232436364957145,Phosphorus source
24.010567660134846,57.37172839559563,44.94422648677248,5.4732901786481065,76.82693897938957,1.200509187485391,Nitrogen source
81.75604734583752,59.22497327576964,56.804155221886695,6.044158846729134,44.999066294976906,1.2728354218176907,Balanced NPK
116.01719561726915,50.396097819471706,51.39955939907732,7.513720970023784,58.794745356421444,0.5217035537393093,Balanced NPK
57.90654289536045,15.051021318059341,54.2506171799373,7.669620817002613,31.973192052781556,1.0229425220652688,Phosphorus source
46.04146421365793,16.0327754403966,91.55263107596042,7.062592852964085,67.78203639128651,1.0826403394575435,Phosphorus source
99.89113708746997,16.621105972588023,77.60420405202422,6.285825064980644,62.25545286022385,0.9541118585645822,Phosphorus source
15.959810818258514,45.015948215000265,91.87204673985981,5.919759366858975,55.81685547873628,1.293203500841503,Nitrogen source
17.168429811769084,48.35167782478466,107.63609876843553,5.442469613422711,28.84733724756686,1.0137012512893353,Nitrogen source
74.37022791559048,64.50470916403353,79.19581626014752,7.015457553557189,41.629597084541714,0.30172406636372123,Organic compost
75.01971419600952,16.74693732878556,119.54344400967068,5.2747502871985095,15.30014126200117,1.2235282616841112,Phosphorus source
21.128178213919917,35.380720904928445,112.02489306365067,7.757588637333722,26.298953677366047,0.5263388258548805,Nitrogen source
75.1497280378266,41.482935426680406,22.84209972703757,5.555265690701067,66.20274322790007,0.6482279910798776,Potassium source
97.8913477065018,19.237047121424574,75.93757814059488,6.767880548125998,32.84698337597296,0.9911501503258848,Phosphorus source
23.698832695920153,69.23513021533014,91.77216798502084,6.004406640863245,50.61062405268609,1.3728195756030275,Nitrogen source
56.453526981661,32.25062074690268,97.88418309637547,5.00415107304104,58.04612652655911,0.4805478795808866,Organic compost
86.36716937075094,37.842575337376914,12.232474755597824,8.059909477897369,48.25778301811716,0.607681615866303,Potassium source
87.3717601712145,42.19553762261679,13.84434544924305,7.275897403420961,77.86721304390385,0.4885732594889767,Potassium source
104.92187040152336,51.57461851172632,18.5688224599622,7.554912426120371,40.9043108066459,1.231854168145254,Potassium source
79.93201175158853,5.208849846990611,23.89269271090207,6.2335386700485085,43.72980222738089,1.4117654734346863,Phosphorus + Potassium
100.41694286970026,65.12115936986842,69.35340345818791,5.325022968106723,62.206525817933006,0.31251281880727166,Organic compost
20.05924863730687,24.1314471521166,111.48201086069392,7.624715747997545,15.365678585363561,1.3945835908257862,Nitrogen + Phosphorus
96.17126981189037,50.2732091206179,23.965823058380415,6.120429969929695,31.04772765991439,1.0320612823827662,Potassium source
74.66565836012417,25.79307453331325,44.22091638815734,6.8145460036286885,69.17846178538639,0.3640925458127734,Organic compost
89.83118784606717,79.6755667609966,92.4706168078309,6.545498902962903,61.21721988181561,1.3188924128328154,Balanced NPK
94.53501097079204,5.956812646766939,24.46428665599101,5.374999137583646,12.227816192535357,1.1288799018962201,Phosphorus + Potassium
39.41107896131122,59.146745492482786,83.27082836473114,6.832639039355939,14.179995650434854,0.5968980895047548,Nitrogen source
12.98262242228401,73.25151809157428,43.94969777824117,5.332323436464989,10.176268144652136,0.9949664647767062,Nitrogen source
78.30659546065394,79.61939694827504,41.7470106335553,5.162838187944106,64.55676485707284,0.5959565437786418,Balanced NPK
46.37249446361051,73.08007541239708,73.29073046316059,6.401223769309332,76.53903955403165,0.544878509896989,Balanced NPK
12.36257030449798,22.315646256939388,14.853856230956083,6.427115705046527,68.17465909922362,1.4677334457499938,Phosphorus + Potassium
87.03530119593164,74.45861819244602,54.938523421679676,6.059483190215044,20.795766000046804,0.8511449091844525,Balanced NPK
45.96318612449063,13.065327254086466,112.51065571565171,5.432963321385758,61.78175883992852,0.2884975927571912,Phosphorus source
67.98281136851654,55.61018988947129,35.79879297826196,5.264773769960084,51.5355222394369,0.9837789657353184,Potassium source
44.318074880322015,33.214501264570046,15.01663418859812,6.035260057898988,71.78217325316177,0.4226828630536035,Potassium source
61.48570838340619,55.761966587376484,98.31704840478957,5.284022092468815,51.428528686714124,1.0154772261471143,Balanced NPK
31.711949423616424,7.313638779345126,102.88035882668471,6.540244412258129,14.25454877596571,0.951437321342891,Nitrogen + Phosphorus
51.46042564840368,11.01509826302881,41.58223555506018,6.143908931578755,50.24334869303285,0.72433359941106,Phosphorus source
21.769139561820147,52.650156413255246,90.1679107082493,6.775560402865632,14.434552036957314,0.3341922321445857,Nitrogen source
113.91104672077678,19.202401815360567,43.82440121790962,7.406298005275346,65.4284931185303,1.384324596371294,Phosphorus source
53.470433025352484,79.42190031453555,21.427958532197003,7.89286989605144,29.047430702250445,1.4182181979249253,Potassium source
105.61159407737155,62.17029551973403,76.41222004935267,5.750597185795415,42.33477523728975,0.24522157217133222,Organic compost
88.03439311765206,13.690945058990382,38.41170569015456,5.857673570781346,65.15640590769334,0.7208421531413063,Phosphorus + Potassium
68.79950753577106,20.646391710584723,46.75123254993892,6.791646300757392,23.594272265173874,1.0967562518672385,Phosphorus source
59.41941161173911,78.77378125593951,37.11834362324372,6.386208600414742,74.7264017879831,1.3517966047753336,Potassium source
63.25867770622162,14.269517254127251,54.965951715540086,7.055657176309229,27.796039636400863,0.4484727415549313,Phosphorus source
68.45814287883394,18.20179940834808,106.19882116116335,5.259843055002131,79.11804728356076,0.899325913016636,Phosphorus source
118.19185525920263,61.36370379497765,26.818789359465544,5.796031347308723,17.486283269338458,1.1478108798686582,Potassium source
28.552432015892006,58.59347711508978,104.54483396921347,6.441000553755204,56.27262569307414,1.3637545162791485,Nitrogen source
92.84381711011926,14.80704646633786,42.17634573313639,6.874731658208325,28.498839502165637,0.8577009445022554,Phosphorus source
114.81138282363514,38.987529959671534,38.78368340455179,5.513025375726527,73.07682521185428,0.49873114583166805,Potassium source
31.298210826103027,46.335296147796114,60.78821570804802,6.349827119942458,50.50561778420251,0.9402276526900784,Nitrogen source
17.524276998260767,36.11889966128568,89.30852776525384,6.335877014209551,79.83615433427059,0.5060005792621799,Nitrogen source
64.60007148581678,55.54469603917843,70.2648954014636,5.136755926740625,45.95663308985757,1.4563553199123422,Balanced NPK
54.73302714818731,13.713415903969107,12.338424733154397,6.442926866706783,22.970777303062007,1.285108370651107,Phosphorus + Potassium
114.74832209817647,75.53975545040244,51.19824875485542,6.591649712824114,32.05558096340275,0.36776819356748003,Organic compost
71.49426825662206,18.96539393947001,16.534901730164712,7.9730166403511085,65.89611944597067,1.404167149218495,Phosphorus + Potassium
46.01463441717472,70.30404090180308,53.82971230263341,5.254727996781815,42.048877340944124,0.9199219989540184,Balanced NPK
57.53017707455908,63.90768997102069,48.70105539964771,8.223713558688639,15.191436109158587,1.136529540031884,Balanced NPK
112.18757772655866,46.487165616543514,106.65461266609532,7.42140915283661,11.01705343496439,1.072618037738185,Balanced NPK
82.22178254790778,5.002059862524476,55.007680047683664,5.135797959716676,30.509915824816524,1.4825572226211656,Phosphorus source
113.43126015319606,56.364445388191804,50.3537295184815,6.387581754959236,12.675028112441726,0.6397703936417214,Balanced NPK
96.28229845303748,43.95147152558977,62.43455536647688,5.318842722300294,74.33003339975684,0.5679951852258965,Balanced NPK
52.11930908451162,29.803238952169878,46.16075127555104,7.09763384162871,53.89226402776519,0.9781307372342698,Balanced NPK
17.534793973308258,77.7153111830772,88.53864656722907,8.089550392515552,21.17685279505773,1.4117404912129339,Nitrogen source
89.38487331837035,42.55368023522309,12.544576361872057,5.8861501952695185,68.71189578528697,0.6929362095710762,Potassium source
84.6104400120104,59.809477248110476,95.32146787180042,6.3382329903842916,73.68833647519247,0.5798599468101754,Balanced NPK
101.96710581541403,36.85498028033858,35.76517382193102,6.202072730293981,65.9694407164366,0.9993317376747048,Potassium source
25.0346580117496,14.297544480114626,85.59208874861642,5.8382229578174485,24.606163944232243,1.174352296999606,Nitrogen + Phosphorus
45.49190401854941,10.12289449460879,56.73183587420214,6.992125464856373,52.10424379043045,0.2760570305405758,Phosphorus source
59.89152406259061,31.967149496810656,59.38282281904666,5.14594055860205,30.69248373492568,1.0364961003774573,Balanced NPK
23.850799759789552,76.94152916173262,119.33018251192689,6.261548050721193,57.6668805428534,1.0259465797273695,Nitrogen source
28.38812972258833,34.11455821053905,117.87109218262404,5.446859935295022,50.26237403271712,0.978934967358974,Nitrogen source
28.427797039399042,45.14361097577773,110.92083028252327,5.4047967412182825,23.28200961469397,0.5323171556113713,Nitrogen source
92.60775430607117,48.293856340780586,65.39017300456824,7.77222473582195,78.47870014513656,0.4547454667538551,Organic compost
99.32554607111891,32.75662780350358,26.059034613480094,5.897820353247289,37.95075381640285,1.3689091598135483,Potassium source
62.62504843156026,51.072729695057895,13.655791180002339,5.224023491003627,75.68328437692314,1.289813156690654,Potassium source
63.860471574772454,20.029869406577944,14.419318327652153,8.41372098155908,10.397060151632816,0.5089421209275136,Phosphorus + Potassium
85.22932701946327,75.34236921575533,22.876524006623743,7.708618496390586,33.223769154933834,1.0836339544237636,Potassium source
20.629655343789327,69.86126201732912,87.79463273564406,8.344606438084206,45.16934102925069,1.3539987292830802,Nitrogen source
69.44384900271706,43.45918894395293,20.407146333752827,7.849593169447898,38.85417631801357,0.9800325576423699,Potassium source
81.5760791623696,63.1108476629883,73.28787441421834,7.169686918808483,46.45282652202945,0.9981372398954709,Balanced NPK
58.86519146750257,63.23086362435867,99.1557972752543,6.8098765080159644,20.26396275156682,0.6855473641416172,Balanced NPK
102.39325366127089,73.75617516199202,39.37583019114295,8.293859100890842,29.369926992211333,1.3945398955705008,Potassium source
112.89790786412621,42.862393161368544,114.5607369662814,6.9224532805244605,36.5223201619641,1.2532073568284947,Balanced NPK
21.937431166318635,21.24913012619946,33.45751160783941,7.17725735002209,59.62109776139078,1.2886530375855456,Phosphorus + Potassium
108.98481610559479,70.62856373640834,85.0194056606122,8.201893371110339,29.288117917320907,1.142858704095466,Balanced NPK
18.433417488620314,14.392131855493702,34.87343584582703,5.359368598319093,77.59660926237397,0.8061174983076049,Phosphorus + Potassium
109.73747965255792,40.74739609815636,86.96438077919075,6.126001785791865,76.54658170329873,0.24536280033373759,Organic compost
86.71450393430689,76.2784994741287,96.69634927363849,7.896586976644614,30.94141139722567,0.7874023871502014,Balanced NPK
24.979902342540505,33.23041740332484,10.927879494478297,7.7256936200726765,76.7108643076629,1.1111041559234218,Nitrogen + Potassium
99.1327353018238,43.51022941064717,31.083531732939292,7.522854115630985,30.949866342701117,0.797382506177351,Potassium source
109.073462917593,32.9702849364522,41.83064694222567,5.110930763077679,59.101981138606334,0.4797858945872088,Organic compost
80.33582944005356,32.495313042577045,96.64432531035891,8.114630683020401,26.49922670020574,1.2300044307928597,Balanced NPK
26.809516607446767,15.569550900989688,57.12902176942872,6.13578325478929,79.10104397164491,1.245172679051808,Nitrogen + Phosphorus
107.92605749101348,15.199824264888305,88.53570524363347,7.114995070663266,16.946747560591863,1.231762672437126,Phosphorus source
103.91599811187109,73.55697470782795,113.38025899918489,5.377336991990141,71.75206015692878,1.428968024924142,Balanced NPK
85.98736145210714,18.788850194594325,54.0921438303363,5.315385856760145,10.297251183572751,1.396080709827202,Phosphorus source
116.95722505287253,73.94696678345947,37.935884130374724,7.173888256749595,44.97883375275169,0.8448618430553982,Potassium source
57.116720412410686,75.58853417141638,96.99783354156173,7.964039985909745,12.422747280304257,0.7355352172532499,Balanced NPK
75.77760915581027,54.404113290145155,108.43677492944754,5.584510223323921,16.30256995667387,1.3611585235233046,Balanced NPK
65.72811659964884,45.441167234572674,107.90007245486076,7.624334903073778,61.15281424625493,0.44183699955454414,Organic compost
78.3551321834063,38.75534203000772,77.21456485971106,7.014870121735727,11.839598243710718,0.6470380271117899,Balanced NPK
60.3583527769584,42.516644122221464,20.941619660814332,8.14488615476958,33.402098489354536,0.8362485680379019,Potassium source
83.01001557703614,58.93112270628132,51.58302671301992,5.451894892039709,24.512236846325898,0.41456741467151215,Organic compost
36.855158497157944,50.27347484995992,68.93347025070763,5.590206567386947,57.70615530677927,0.28281610904419086,Nitrogen source
110.05677239992583,47.46431238347129,74.94590573650626,6.000628444957437,45.81459021139003,0.7541344779204753,Balanced NPK
114.58210906939796,10.716609305629794,60.460919920546885,7.770310726675106,48.12039635909793,0.9347833502928689,Phosphorus source
110.2337176122415,33.17695885947332,10.227079108400991,8.239849947779703,12.31418238141945,1.236625361079211,Potassium source
25.355364027549413,6.551314080662397,49.01372610215017,8.024197493645854,12.585650834798548,0.5414841397051293,Nitrogen + Phosphorus
40.695415093079,12.11051993827172,20.18138478969859,8.178632153045827,58.67069584795086,0.6044787957908404,Phosphorus + Potassium
36.2152859605894,8.216090966504996,49.46659543527549,6.053970981614233,74.19558660044724,0.48666113465248295,Nitrogen + Phosphorus
54.5661968643927,56.15105645923344,45.32984123034899,7.736250859615973,60.8379497433552,0.2461096350546211,Organic compost
104.14136905916638,32.29250537702053,20.54413173958978,7.444209595038675,62.30026538551486,0.29231260720455376,Potassium source
48.93127207505524,72.16103664325524,83.63817662905822,6.868725948417502,45.287909184338716,0.9909412323486639,Balanced NPK
81.83230287351151,10.162743407949868,46.75631190125767,6.843281832759297,61.12390311112693,1.165607144698089,Phosphorus source
76.6060265435447,48.98936229925858,50.45259370118303,7.921450232822404,74.1480160833157,1.3002126340052895,Balanced NPK
105.91130932521274,73.16075588004722,32.2269999058385,6.79856800089078,47.4178208413097,0.8310523753384143,Potassium source
103.33373715261078,29.37791999277904,27.744507691440404,5.960052147248925,20.018935547609132,0.7262270586068877,Potassium source
22.849220994147444,11.568182248906254,59.61057744634324,7.1039926188587295,52.534931542551554,0.31997264922660446,Nitrogen + Phosphorus
116.87324454781248,14.130971652297065,82.65098106896885,8.110241738788064,71.93362294659681,0.8657676560939849,Phosphorus source
40.51980814021349,67.09021093735059,77.38487758291258,7.768663081266622,37.99944236828213,1.3874572581287599,Balanced NPK
112.25519360339253,60.301032178365936,113.68235141719276,6.587243726467254,23.612453406259764,1.052675260597069,Balanced NPK
81.87015983866462,41.84915192602506,38.66804180485697,7.18520033454873,22.65458171111281,1.179288639465088,Potassium source
109.7493235833586,17.496590439523903,100.22984358940867,5.6946520595881704,45.02969999819252,1.4080199520794037,Phosphorus source
19.098178932010892,11.732504004086437,115.45958318958965,5.555972743828292,33.94333401103901,0.7966922002700592,Nitrogen + Phosphorus
10.736557705320994,19.10602940013286,101.12459625019554,6.815988438020062,37.572859310429074,1.0865605810474774,Nitrogen + Phosphorus
45.72460806712092,37.89038354022373,119.30989877691614,7.71000152326606,48.77813135961265,0.8847690982812493,Balanced NPK
102.86991548975035,50.0650212029793,47.32065202155094,6.46227097263076,22.837278663019944,1.4473767542048037,Balanced NPK
81.74269421995766,34.89278155685429,49.587671322493584,8.174473099402627,35.22208875716557,1.1832742327884704,Balanced NPK
101.89689566331585,73.23502543661382,51.03570397838923,7.678644161570762,32.8817236785198,1.4272248629299797,Balanced NPK
11.227617785301016,47.76428371496615,66.09471305833222,8.071678671221798,25.14185763617588,0.3134742716738474,Nitrogen source
103.10835187883413,31.25764215679924,45.741117228585736,5.368586636126078,74.40412386347577,1.02284517849017,Balanced NPK
86.14021541712144,72.34534985227842,102.8239979758049,6.581348547771938,21.184042907844457,1.074008073447881,Balanced NPK
81.57867539555447,8.530968877464394,108.93414803988748,6.173337345189439,40.01458232444206,0.8679158142038312,Phosphorus source
110.3221160049372,17.786740292236715,50.555877372438694,6.754691771593004,79.432910851712,0.7716763612612783,Phosphorus source
53.839159340127,75.12701079602488,82.76443474224952,5.572509915548991,22.306130308094254,1.0377884915185305,Balanced NPK
61.37608807650807,5.672604254260992,59.3451289111274,8.28893358616509,62.31652197661449,0.9261832618773551,Phosphorus source
31.471572698207755,30.17300458306304,119.63032114507817,7.306687820693721,29.34013039450995,1.159388088456768,Nitrogen source
20.050135845251397,32.79367790400177,35.20439038241199,8.136028296917509,61.460185970404055,0.8467498209929487,Nitrogen + Potassium
54.85801318944814,69.3940398909124,31.497485967714137,5.2616698203629335,69.62395476720982,1.3134449553136651,Potassium source
36.73840744830245,19.64628696252863,89.34378898169783,5.501848101900178,53.53656979005965,1.111604999398273,Nitrogen + Phosphorus
78.41779464666759,37.019628025649915,99.7795489132263,8.254942143184216,59.39960771621669,0.7446366287993995,Balanced NPK
119.52714494903205,38.70618804696257,22.788976824149934,5.63903779183636,34.3561105972491,0.42245166528653266,Potassium source
95.61216824623584,6.057927411982682,54.6471630321256,8.07372483824508,18.241571434750366,0.948908964381918,Phosphorus source
112.72338828119064,10.369724256930214,48.46983353797717,5.131816183335801,57.75360274544208,0.7427491080534494,Phosphorus source
114.20535234401378,56.84674510941563,76.21346298290374,8.18612813072997,19.076359395951563,1.2184784733284482,Balanced NPK
90.27852009284575,55.493822473796385,80.18844571891859,5.435305499855906,66.9830362285135,1.0257002844053174,Balanced NPK
94.86202769220978,70.70675653458181,69.6668582652438,8.349098329212168,17.644096628142385,0.20524922502141077,Organic compost
46.2937975551864,21.241257108500882,70.89708782019191,5.981033887500313,58.16963454647067,1.4289270558107028,Phosphorus source
94.61821107600804,36.51888887244418,118.40532315476563,7.699138350183675,66.76171075637131,0.46617376043321707,Organic compost
85.55894124255869,10.297652938692293,35.88403547896198,5.057532284657911,59.36652999060793,0.22723008843065398,Phosphorus + Potassium
59.409445391549184,53.66505151330477,43.549511108075784,6.285481551465885,70.77113061870178,1.3718369542666276,Balanced NPK
104.4570063829878,61.245082337424996,40.52822878222188,5.26136997665416,44.20867647034889,1.4017108418168844,Balanced NPK
34.57110074158104,20.71620423276341,95.76136826755013,7.071958652642451,38.30099133951344,1.321471357850723,Nitrogen + Phosphorus
74.07810900433005,74.02006630042133,50.49652706707207,6.554264257667215,15.201245792344125,0.6779962487907572,Balanced NPK
29.76856983127466,7.462408013726355,38.13380966202239,6.7171932369870175,27.315043163304832,0.34181518747551387,Phosphorus + Potassium
59.668744139953546,16.088549065775176,19.459253389464727,8.360639293576792,43.31693900068683,1.2430255477308358,Phosphorus + Potassium
28.786246365405383,39.61624123163693,19.891708770845508,6.441302589779318,67.84798415642811,1.3605719165357113,Nitrogen + Potassium
67.09067066927238,26.480171014849446,90.68161169347965,7.2362493428397645,42.9333581066836,0.8179725972678327,Balanced NPK
64.25356174967828,30.44317030682863,67.0867867365053,5.20080867596588,49.912867735749565,0.8450659891204055,Balanced NPK
56.26189261355297,29.29952568118862,78.39583748845939,6.697413543754414,17.05877367166351,0.6867884946480045,Balanced NPK
18.415593091722425,33.43770597536366,68.61150888251103,6.3686013711331,33.91410145545484,0.565494079720146,Nitrogen source
51.99497537869507,10.198302444035896,119.3290827908048,6.943686979014203,54.53230251139209,0.4380828479316205,Phosphorus source
111.57452378358433,47.83730231719757,55.58113370627659,7.49624909516467,31.304527183781833,1.4150328943415411,Balanced NPK
28.624553685972476,67.48328823005725,116.32691474531067,6.72109906713629,71.36619296456173,0.29303169692183806,Nitrogen source
78.26478074695602,31.71744738972908,50.074251202488746,6.576271645532776,51.77434640339676,1.0008175578129395,Balanced NPK
40.60998820258912,33.79594713120198,37.447888135817266,7.213891041493778,17.142438337249008,0.750646826936211,Potassium source
117.63361149210124,79.15837394158432,66.97595787576378,5.866110034192667,50.844715222674324,0.8349990213287428,Balanced NPK
14.673538161242124,79.18210200742756,45.98839757582319,6.397478730403792,45.949271908865285,1.344480931973833,Nitrogen source
97.90315561037653,20.416260962194794,88.80909390240814,8.060976489821691,59.99847412492928,0.3809396206937852,Phosphorus source
69.27883528764015,67.89184512440599,31.51787902268169,6.884880529648884,56.868534192214206,1.0259809755696772,Potassium source
21.72644424419787,25.809186547626172,70.73461460073885,5.7306712096472525,33.359843504258535,0.7395992483713807,Nitrogen source
11.49864014325184,43.28172107357337,119.42322194964224,6.428937445233901,29.200887414123976,0.5288940027001587,Nitrogen source
66.66918743894848,39.20078286379856,104.8183666161117,7.237356596465436,37.905650518048745,0.7014709265676431,Balanced NPK
70.19096497390154,24.002604767195066,56.513016740276726,5.997640381833404,46.08263419239601,0.9105830860685784,Phosphorus source
103.1490186446381,23.838286868254137,109.51974236503261,6.873439215593578,60.878343685538326,0.9951730520346176,Phosphorus source
101.19427503170552,54.73547566575152,11.218088504364781,6.365963515594494,75.68549585765429,0.7868883749860214,Potassium source
101.1223103690131,70.1719850953581,46.58357566206335,8.002036481623865,36.42044969499611,0.23296855771296598,Organic compost
86.38482293677379,66.52169612929936,59.67682670873594,5.606932768376895,53.069934753692294,1.1597338450566863,Balanced NPK
82.02986475207278,31.68444800961291,50.51623390219131,6.921840983577717,23.537557280033216,1.30002938882376,Balanced NPK
21.255095031615983,41.49122596176273,104.53829269054145,6.852962989615842,63.26646177975808,0.5114508014895566,Nitrogen source
59.00637173009434,58.47950876871578,107.71632517154453,7.250659681572802,26.993655353726812,0.39018065927576173,Organic compost
102.56938040231456,46.55269164691945,30.22592684943401,6.699868574800625,18.842585436221665,0.3367231433328508,Potassium source
111.19746169593746,45.84703790676105,37.38038915453941,8.084433762408839,79.92189665992935,1.3494626270126777,Potassium source
92.23504355729986,77.15501813257805,31.712595378606093,8.071927680192061,35.11176318310129,0.24190927516698726,Potassium source
13.56157367433843,19.087576302641075,95.74377474659639,8.138351219025726,18.957360759046566,1.2989973907623709,Nitrogen + Phosphorus
93.10196794375288,8.916807527293333,90.45285065096003,5.134327308577035,28.380812190434305,0.8901822199485816,Phosphorus source
110.01848306918174,12.90138407521535,48.31358964291617,7.01920897010297,61.81436776532968,1.3900052342201814,Phosphorus source
61.57351294321825,68.0674594133243,77.87238660041112,5.714188899726779,50.57113309410597,0.6079628910167643,Balanced NPK
87.40066570571913,26.340565799550685,38.9128572678643,8.308771502728149,73.60896125030263,0.7872687873663318,Potassium source
94.20142201926807,78.65468868245136,19.74876314407252,7.121578373498676,27.74482756525256,1.2400195509098606,Potassium source
21.155194943959263,64.16078461023773,32.06702604516196,6.596067756538605,66.96745466460672,0.2877025333289268,Nitrogen + Potassium
112.09867525740093,21.30112713663562,65.08009021188593,7.5709920791202325,18.64479666455418,0.9913693240920298,Phosphorus source
66.7124180966594,48.93756715766294,82.8744845048727,6.472198132848705,30.913844694230814,0.4390095143386627,Organic compost
113.29725870284008,35.10318418104104,41.04467712802649,5.183913314955925,62.584449613065054,0.8860693179495334,Balanced NPK
31.00606282898773,72.0030380764751,112.7158676120165,8.082367089100789,49.26797267738354,0.6852636809177652,Nitrogen source
27.80743102413575,33.293248441682906,77.33876929099765,5.792936794453037,42.477390532789435,0.9450207306816352,Nitrogen source
90.45779377885306,11.85133372519726,105.36958863639136,6.596260427559969,50.73517346903604,1.422411815885266,Phosphorus source
28.477658472124343,71.33645161580671,98.48734669894661,8.479095782195412,37.51295991957138,0.36490123839899913,Nitrogen source
11.559376920053271,64.44469160311026,25.025581169962727,6.071042411952199,79.11205262870266,0.7747234336704327,Nitrogen + Potassium
35.43262735272977,61.49251684528599,39.870905268622145,6.858576563730727,21.013239120979236,0.7990828016970157,Nitrogen + Potassium
21.947948104629397,62.982103608340665,50.16529225211795,6.115812922143568,79.56500636309097,1.2786132842863993,Nitrogen source
70.93177809734797,75.81591775582807,33.2538604613119,7.0071990104880335,75.03400776992208,0.9406184888537774,Potassium source
43.87887610431662,65.87420093285169,25.2691139541691,5.532001043552524,61.17874229670305,0.29013140436696105,Potassium source
15.569386102876997,33.43060411078093,53.76971472882264,6.643776108342772,61.8512508110074,0.9395088431800624,Nitrogen source
88.4903434988856,8.742091002138874,44.72735784402996,8.382424193815982,39.94356766464951,0.4892391725587891,Phosphorus source
119.1294812879279,35.84886050175524,62.66600397420369,5.783290171752121,55.94471517182732,0.46939909521048323,Organic compost
77.09159266310303,61.807943372779135,81.76376157073607,5.316337943038053,15.58418674679265,1.2950570116507232,Balanced NPK
109.50150119443784,15.174527631678053,51.3006205984454,7.289234014650946,68.48366660939463,1.3816807717370192,Phosphorus source
86.85510309397846,16.060588872426543,94.5186057007368,8.006587268412122,34.591417920672924,0.8423984820244912,Phosphorus source
28.302087002383576,27.838962473338732,105.6779576620395,5.310965307736002,63.36961860306686,0.3269281962832156,Nitrogen source
42.18824570577571,48.68093043594635,10.364472597212185,7.363803723423986,32.13366177085463,1.1731414030365925,Potassium source
117.27604301479593,36.23668182890073,13.29954839759652,7.971120518906434,29.22048443279774,0.393201429373893,Potassium source
106.71331802652146,22.439727739190804,76.58138209232634,5.88894275857718,59.87207364883387,1.0433705698072768,Phosphorus source
66.00850346712451,46.6268677782141,34.99678837777677,5.076743814301184,66.0496233152933,1.3560916702896295,Potassium source
95.5656220338835,58.09437024521579,61.91165410166558,7.043660860437953,58.413904380728205,0.23409661690834638,Organic compost
56.60375876079749,21.851488037003616,50.08940013609956,7.622310991120971,35.43704448654408,1.160823170550876,Phosphorus source
116.9014636476093,74.25370927332354,101.04973413511861,7.985467832829456,37.57526236887483,1.1510571026161043,Balanced NPK
83.37150228823175,78.71691113842598,73.23883587207649,6.504181313015348,68.60867881113379,1.1744453534064894,Balanced NPK
23.734787946113002,49.721014184048286,75.15373419236903,7.210686991258706,75.90486627433027,0.9826463079369545,Nitrogen source
105.70207408792831,31.878561114489912,16.311685011054465,6.313279587179039,47.286858544325945,1.2833177911589673,Potassium source
79.50336895093899,38.165155176768536,60.80598685234413,8.488300475217077,19.894068666318997,0.4671709011955865,Organic compost
78.78096430567469,57.60541142392295,53.447712276788984,5.11246132717548,46.5408361435433,0.38766819186830326,Organic compost
16.16531426916827,30.856972496705595,24.921798975197355,6.536489369789411,63.31861245629812,0.2611598476550743,Nitrogen + Potassium
64.98806606353656,42.273530950686,10.195290533429532,7.583878759744918,16.281513621749287,1.4116719310120924,Potassium source
80.33009715672087,26.58620988252622,111.78091146456391,6.40161182401945,28.218240767606716,0.6998509833514657,Balanced NPK
77.27456351542519,59.2697740256831,82.80042303318598,8.224328434247841,76.9319874888611,0.4561816519890342,Organic compost
110.37966415106006,13.001139931579724,115.25809602276048,5.907706964785224,28.6052407192987,0.7480092163662964,Phosphorus source
29.991651733340273,67.07889892444356,23.721122815820763,6.537510812817526,73.50092075339336,1.02600582817253,Nitrogen + Potassium
76.78813290359128,79.59831679466544,12.480399063709683,6.11927789786818,18.751275252729798,0.43995046266147386,Potassium source
33.76049483802447,52.01675829254771,39.93177261730893,7.324645780229062,61.664875537485216,0.7224866428499364,Nitrogen + Potassium
68.9960001837724,14.906913057689644,92.79033014668678,6.466913993119785,68.42446432458242,0.8840853756049216,Phosphorus source
86.64411077341163,31.893702008910658,50.894659204543494,6.527779545474971,54.52239439808023,0.8584936558987686,Balanced NPK
98.47040941471478,9.109803669552248,109.05969977815958,8.241128331972284,27.08529822000231,0.33100925531433867,Phosphorus source
72.90418494658394,9.812762793671094,35.26872122662194,6.776481101552209,52.96680022332407,0.45259627389099266,Phosphorus + Potassium
112.60117582452345,18.59923227679021,26.90213768541198,5.56811994584068,75.06673331061994,1.3424023257047795,Phosphorus + Potassium
13.634495068122625,59.49614911755014,18.083759344292073,5.2635869035425324,15.321414149618638,1.278507271810291,Nitrogen + Potassium
57.017919584747744,46.777211611539556,13.389503348665661,8.153120946979199,78.74158636283192,0.5057321385756142,Potassium source
82.21667012429685,55.91022166117745,116.2908266918804,6.693181520998313,26.6540216816371,0.6683674245681364,Balanced NPK
80.35728812523365,40.436533854978094,18.73481730967486,7.8257818106674515,70.4988135301378,0.8218318175795645,Potassium source
67.58174209508721,41.86799597218928,68.27208157376293,5.359178184752132,40.35430211274249,0.7822378924699966,Balanced NPK
119.74857685265738,8.648988015853465,44.335281792665214,6.735983438846343,69.30647417816078,0.7996082495218597,Phosphorus source
42.010709269051006,45.14511590049402,42.672948472819705,6.919125153601346,58.29021811944628,0.8900170609767746,Balanced NPK
77.05987377758743,7.903808126898133,82.46800873643464,8.393863881389112,44.41513278748442,1.2435207019821588,Phosphorus source
70.37958743077121,57.79990427106062,44.09033700274279,8.38402451725222,25.060148768965828,0.40682690973537255,Organic compost
15.007683126221846,45.58929218212128,78.07910014817581,7.2733269056003,22.056203934141124,1.046868219027569,Nitrogen source
28.161722108846227,61.62448670533998,40.27690527661112,6.477160710926244,35.70589310663427,0.6780399589938344,Nitrogen source
89.30378306170115,79.83296900743301,68.00627267009486,6.403636127823001,30.55893789472895,1.0118216978185577,Balanced NPK
59.63015367174904,62.96269013149369,76.73580529166145,6.441724858899782,76.71078772978677,0.21464394818732355,Organic compost
85.84368270763129,35.80935927402677,23.3784015487699,5.3244340815787865,55.452329080860096,0.39210509557684897,Potassium source
104.16836498740264,28.319598972863705,47.82271468051054,7.310435524455549,25.41147176881926,0.2091509725875325,Organic compost
59.041227414668214,44.59098337668917,59.04850834856826,6.602970967484836,56.60172287343332,1.2993954232248281,Balanced NPK
50.20561187913313,64.25701646310876,16.89521428698928,6.6809129956241,36.33063447243261,0.8057227518218024,Potassium source
20.06256420353747,15.412199359640145,42.28279562566498,5.957360692091345,36.956760777882906,0.7944365402558495,Nitrogen + Phosphorus
34.32897676330995,51.441532734164355,51.34037178785641,5.210473482364914,27.058769778008642,0.9281914820088555,Nitrogen source
76.75648737378633,64.97456523801984,37.00265260295338,6.96775231121279,43.32736533707811,1.3030697263973556,Potassium source
90.29909089254492,14.89890933061915,115.46515663149798,6.243251236962167,76.82139721545569,0.570787362144199,Phosphorus source
61.583270752232956,46.28478607720776,16.995087314575457,7.504829724788826,17.329725512455347,0.41341161024508055,Potassium source
41.92664241308812,77.05597208159577,117.0427909615394,6.712607547877465,47.33247743852214,0.47539605255775214,Organic compost
55.98458100928003,78.83137057649553,96.98712814210052,7.440896472433025,29.489043994604284,1.1919770238138458,Balanced NPK
116.32092979242165,79.09649411592578,75.97713670057011,5.562562167244756,77.48490398041238,0.9037923739934157,Balanced NPK
14.21746341052979,11.1122769179624,73.49837287460727,7.923528429903815,75.90649995547352,1.4277669442090515,Nitrogen + Phosphorus
73.64758992245109,78.6056908194868,26.455570353336103,5.33133677734672,12.119452105088152,1.2063717398296994,Potassium source
110.82566401925158,67.98752809827054,113.35998095786168,6.918237474383991,63.412900964379304,0.6377228352840487,Balanced NPK
94.32367832643969,61.4784499067406,57.916316516283416,5.153179773527296,28.638407109952052,1.350740549013779,Balanced NPK
74.59933246732314,35.38199359883173,114.21348624018428,6.28254663779252,32.96580505567025,1.201644828013277,Balanced NPK
49.08350928803501,38.46749165096242,89.4703835518426,6.505420634735871,32.56015590611423,0.22000548712866147,Organic compost
104.66266314204783,44.50278447594702,103.64650598687227,7.162447441169325,24.04664672112704,0.672109236314824,Balanced NPK
55.898399364719005,60.47944899621958,70.29905117039743,7.227762273120421,62.71561185789118,0.5560197221825095,Balanced NPK
107.01909780895018,38.995771247365376,82.72340809291164,5.7637080454878,26.336065199201315,1.1554862245974615,Balanced NPK
48.54466844165678,70.69683258118718,83.12217985989213,7.3290012134107325,36.61871130763885,1.3734714156958157,Balanced NPK
113.9103411250317,24.345443722675103,66.6018827903797,8.174261466128174,17.089638156534885,0.586852698128736,Phosphorus source
114.98691703999359,41.37301911743794,114.66908956995226,6.330588975380187,46.924974762279064,0.7903597545442598,Balanced NPK
60.29355886911821,73.8284695587616,86.41071113497887,8.31006016696715,33.06724042776293,1.492062055063462,Balanced NPK
87.84308961583734,14.848265494296756,55.423741641827874,5.870337296764649,26.482154348451175,1.4084186889549086,Phosphorus source
115.59444435324231,6.06250250815604,25.18404126253545,5.972458147399401,69.34147386672505,0.9944374731503485,Phosphorus + Potassium
72.19704920460384,49.87057678278681,114.56457220322017,5.965266535607648,18.632547640133446,0.9901599786175324,Balanced NPK
116.57559858594684,58.2503197507196,108.1327997328262,8.13666445792926,25.347996362384656,1.0912779924115423,Balanced NPK
104.84429811823419,12.600566546601037,81.66261222825658,5.9520110756161575,67.51693568255604,0.49016989955771284,Phosphorus source
51.07625490005784,55.75569435099297,71.14087753079667,5.419916064877112,25.770659820812213,1.3515920820414773,Balanced NPK
118.76575505067076,57.047903006134675,11.074113986094906,7.601902302469085,54.997790940984466,0.7353664620770353,Potassium source
35.08503937649406,17.427339055441674,19.189054840693586,7.237446314274283,33.60922015062415,0.8734172368373061,Phosphorus + Potassium
67.7729204782517,50.54768628431043,75.4000612011898,6.816768601733173,20.858243516311482,0.23515611290698885,Organic compost
73.38032811565857,36.7414999183522,55.11305241808834,6.505229799600487,17.94794140838725,0.4330483505097744,Organic compost
82.83698798084336,43.53361052178145,77.06285638935097,5.452692179541263,66.98977350895734,0.6844316432139332,Balanced NPK
77.4379186587962,39.92399147600315,61.51553777245179,7.725031646907938,17.72442065545782,0.29722728573751134,Organic compost
21.116413380071727,79.64751038763757,111.98629421823087,7.451937165698059,41.32820683554702,0.3105925738972881,Nitrogen source
100.29852609562374,19.208194963747633,40.01262535367252,7.942771797155573,28.013408496785342,1.2979494357104184,Phosphorus source
96.4532419513441,67.79676805780689,84.17203221744481,6.232440375601735,55.721751247800846,1.2778400309259166,Balanced NPK
92.4361512480271,69.65210453740501,118.18840747375519,7.415508435795736,74.9689043783311,0.5533111466442259,Balanced NPK
117.0831014932038,73.27434249232383,14.536727560440509,7.0665672550270155,45.20801864268025,1.2602868283998796,Potassium source
23.89741470694409,44.57294550602426,65.1390175846268,6.384386602429372,79.45279287343338,0.901410314901665,Nitrogen source
55.456884454199916,69.23025377931849,25.29598403979869,6.006468051839149,29.522434437506575,1.4138108909042222,Potassium source
106.83626875981953,50.50132627242671,45.159237096038986,6.638363201695935,49.98025772302454,0.9021128912873113,Balanced NPK
38.15288791175355,14.786570301523517,109.83999931372033,7.242965700312679,20.15646683988586,1.4867965247198227,Nitrogen + Phosphorus
55.24050477588199,59.972758857039366,29.438619325808784,8.264679937689978,15.544511486428533,1.4425681360953708,Potassium source
89.98348508956327,22.043343225393507,29.89963144537557,7.929853199772067,12.794676594573708,0.34856415310984956,Phosphorus + Potassium
84.01416874765593,10.8025244507844,69.53699345652282,7.009184864252082,11.25100452561487,0.6903121350385963,Phosphorus source
13.138370117599237,77.51640110463387,33.68538863735461,7.413985098951773,57.16359375406609,1.2039014479241756,Nitrogen + Potassium
46.88603359999037,18.829850512151324,68.35524334111929,7.430178472682609,62.871093721295956,0.2635900228794351,Phosphorus source
92.79257214042593,13.432419074715348,67.7110403273245,6.943938695215542,18.893513502083223,1.4531973034912513,Phosphorus source
80.1818060140787,21.791858288271712,15.598744550882593,7.712581985977025,68.89209493064209,0.3178190847579775,Phosphorus + Potassium
38.317376467370366,53.178340999164824,56.08748493493802,6.198793009894214,39.71158993401041,0.8568959117860511,Nitrogen source
30.31288480902395,34.10473993718345,17.680798368779563,5.021194742308801,78.26353321644763,0.2712502188838229,Nitrogen + Potassium
14.782568426605799,71.74714817669943,117.36404913016068,7.955871890844054,19.768531690689755,1.0313911708070473,Nitrogen source
86.66169765541036,62.87468791029321,22.41777554437782,6.367634558617104,29.326784664623403,1.0508708163828329,Potassium source
47.79616668270705,43.161695248312,78.90812042294367,8.03033710041314,74.46417826924704,1.1014821922840599,Balanced NPK
27.203044438089428,71.66878577466451,32.49671309137864,5.186159018106323,40.60898059235059,1.0900297193858377,Nitrogen + Potassium
26.430078190634955,27.452428989902614,18.80659346787914,7.163722412413756,59.576646877743,0.8755927695129362,Nitrogen + Potassium
58.887529701654266,68.57762718076197,56.11043253645381,6.546193734894679,50.412966840303675,1.1150042510888984,Balanced NPK
95.47336033738017,8.061497670390084,103.62722341961988,6.579626453612535,73.4110726986233,0.8972461678711174,Phosphorus source
62.3416415814917,19.65398346754779,61.65645373543788,6.725253819445585,72.61348006997558,1.3532120261203946,Phosphorus source
63.50561333247922,70.0675523344702,103.98298092261896,8.319347759004417,35.312231976578474,0.4758965745291613,Organic compost
113.8316937176345,48.86460105389072,61.33233597696342,6.440104013922909,15.932645528474733,0.46532280287914624,Organic compost
42.07409184494943,46.34876867756555,66.83828607910839,6.900032476588958,15.352304953501992,0.21270515377958166,Organic compost
60.94671651417702,19.511189891948412,108.08481477698083,6.508193994585851,34.63946325206166,0.9072071922621319,Phosphorus source
79.14620368898088,11.14755220504481,91.54720111102237,5.481526057148741,37.071285606792934,0.663927906313041,Phosphorus source
72.60780394849256,56.71007830029114,98.090027960317,6.8450093592646795,20.877426476230653,1.1047399245755296,Balanced NPK
62.667946652577925,49.169999358338444,58.807819169029145,6.457028966587378,59.095122935513366,0.8813411473300843,Balanced NPK
105.45772564653872,60.758447964991156,62.39430053851287,5.749729119752999,11.230223491976231,0.4670197862808336,Organic compost
40.93969580612996,13.858490030357318,83.60001401520923,6.141272019707994,12.117190970888501,0.767940661865284,Phosphorus source
96.27452301790656,30.481088939470038,109.25648390278945,7.984776912317111,72.25648507733433,1.0681268750093058,Balanced NPK
98.72548471803438,34.17313301344279,86.25409337506797,5.783652208412673,24.330312929252315,1.426699518500269,Balanced NPK
70.36987863705306,10.375817373427633,31.703112353249562,6.614687975119732,69.21247882243142,1.3647391287799195,Phosphorus + Potassium
22.480350671390745,9.652145142210784,23.38570045393859,7.349883174057412,47.29806631041511,1.1592584533167756,Phosphorus + Potassium
75.26958324177029,12.191397390834045,38.33951598689623,6.160430340323644,59.53875085331026,0.975907622477759,Phosphorus + Potassium
114.15059237130039,15.914201123087283,113.24889523167592,5.770526466080349,34.042690604608794,0.24495302358414694,Phosphorus source
42.61801210014164,19.978003790399498,33.897627695408204,7.002713421563531,64.6551041352867,1.1684445056184227,Phosphorus + Potassium
101.20625558909254,59.85019747800527,117.41561484117754,5.064656838811837,79.15272585659267,0.7327772392862497,Balanced NPK
62.558457340396686,48.30125192996326,10.937559719342264,5.63598494101214,41.21794122153156,1.2003725234609566,Potassium source
105.70968996242736,16.08001851872946,38.928521300245365,7.125796351888848,35.26881361786471,0.5872870610906502,Phosphorus + Potassium
52.16529755584662,57.619683838091575,31.84600925244232,5.216671023456222,10.241982967497394,0.8846708927285507,Potassium source
37.50191076853939,47.12289797608966,106.90906713175656,6.027802854163802,22.849932384377592,0.2020478993064346,Nitrogen source
117.94882156197542,43.762003539605615,98.23039157325606,8.003348114914331,79.66501382292763,1.3175228471991698,Balanced NPK
42.34646663262559,47.327495801341115,115.90090639483691,7.216823087657126,63.834463544325594,1.378660416913541,Balanced NPK
77.50183050756931,56.93499169135033,74.71010289541253,6.185231288038167,27.415662868467585,1.0235945959828545,Balanced NPK
117.9236122711752,73.71031171276927,33.08452022316847,7.949649893880235,11.47753961804477,0.9662834869136636,Potassium source
112.33697358866964,76.95015709912437,76.33637042805854,7.207849953035718,37.293460257241634,1.1407299823364383,Balanced NPK
37.027945768464804,7.540339146073661,101.88342461201401,5.211267804158779,56.52954402684827,0.7680101381639175,Nitrogen + Phosphorus
14.758261642119866,16.986188833433282,21.07909964635686,5.750418840433227,54.46938666649257,0.9418075686705332,Phosphorus + Potassium
57.622962587545175,68.22901127859348,92.8385707317436,7.389474554021277,51.920473116179664,1.1049427558669314,Balanced NPK
34.92532616688144,24.48662923917876,42.79268384768815,7.593719543897893,40.25922791619679,1.4473549609533474,Nitrogen + Phosphorus
14.422205214332639,33.73750982810242,27.019951110866796,7.857122399967439,43.57261303895434,1.0060220285920618,Nitrogen + Potassium
75.77445625829117,10.929965280548158,96.2112000989817,7.87691875603493,52.52075069209759,0.5652315464330311,Phosphorus source
89.65010079982196,57.54993413193644,110.37927972650088,5.410667384017004,73.68626026081907,1.3531936450467932,Balanced NPK
42.72801445245902,58.714832468324126,39.00789719571617,5.822835372836851,54.90744551980458,0.26504333450593953,Potassium source
20.61249837000619,54.510771723922865,114.70561101831152,5.119135721016422,11.604290819740642,0.29720319415013535,Nitrogen source
10.18308997282283,74.62343413227339,62.14461547333626,7.42239741778964,39.14708156498523,1.4964185149838523,Nitrogen source
62.792452483415836,75.44494147942378,81.45714962101646,8.317083656009164,44.659923069345176,1.342544122764219,Balanced NPK
46.727539976143916,54.58987823404536,77.89032732408162,6.703926541562446,45.10378214612106,0.4211574697869991,Organic compost
109.66298248510398,39.065735764047965,26.661606538572418,7.46514976891547,60.90127687368099,0.25865237804029106,Potassium source
46.61022407008811,48.81955080049835,100.37408254823694,6.087118100401302,30.97584655396815,1.157538355136932,Balanced NPK
34.11248463892325,72.19990240473236,96.94571068148825,8.125693585765127,34.76220032028924,0.41545671453345046,Nitrogen source
74.35635232244375,19.247672480513046,39.2724475621372,6.40198660916072,42.39099342782709,0.6191373063115524,Phosphorus + Potassium
41.31919319192532,23.50452170296675,85.9149492506444,6.070574483746209,58.607846943891836,1.1657501662001841,Phosphorus source
88.56528603528851,73.58279997064339,114.99342296909984,5.514012119718252,32.441098494462636,1.223966705629177,Balanced NPK
95.99834627905533,10.320728184486706,115.82408003627141,7.996716005390106,72.94429205102219,0.4657002335406225,Phosphorus source
65.10119618358456,38.04066579998474,49.632856577187255,5.7957430135948655,19.772459473982483,1.3316609548015,Balanced NPK
68.34792123939425,50.06199657552994,38.77612780104127,8.2726857844047,75.5463654254385,1.072885117786033,Potassium source
45.260828146152214,22.46331280585364,75.47984550600673,7.9150768246615,77.68886601532856,0.2886475262131318,Phosphorus source
46.76161563878598,34.33620361343006,50.592791170399096,7.337216685850597,48.30445398784215,1.358786417193216,Balanced NPK
34.480632400765586,34.94988416122688,69.52756892624801,7.858788634865305,67.62677561107284,1.3171838977109602,Nitrogen source
67.10482005496382,23.119956342715106,89.88810685977727,8.341357337424121,29.970976520842807,0.4578959317085454,Phosphorus source
12.472342356112097,54.98508984535656,69.95165919068299,5.47150027152971,23.96610027869327,1.0608893569039337,Nitrogen source
57.9619238767801,22.49231835595536,76.64055424000988,5.184330202585458,11.134196978585662,0.539141055636834,Phosphorus source
41.84706257093224,12.827631774418814,22.635296428919517,5.587310603283065,60.72261465698041,1.2480155108427575,Phosphorus + Potassium
29.976545125016578,54.2577558792527,35.701775273492686,8.080205091244235,28.824944887584543,0.3687028367353802,Nitrogen + Potassium
58.30605773749836,16.56596490135395,31.82035350341896,6.18671990230809,56.25043638777205,0.35191034143999284,Phosphorus + Potassium
41.2519915002394,69.37734710774741,40.11463039716509,5.589563912170135,47.353150763839146,0.24331064371555755,Organic compost
98.4346283225982,21.684622358457997,24.614380488265926,7.828709671151631,68.99284388906139,1.1551509648519165,Phosphorus + Potassium
35.8056556668585,44.524167822743756,116.59726082282596,6.672181346207264,76.47478086627333,1.0792788985456936,Nitrogen source
102.94954466360541,19.430000718009076,111.94083257262,7.98670566031609,64.95347592761475,1.4235900109637278,Phosphorus source
96.77667416441106,48.256033387451694,81.35592249741113,7.873129942614795,62.441054282257646,0.9693290035942195,Balanced NPK
75.78872761934264,71.02115902841439,11.090277567393542,7.512837538623897,49.596268890697644,1.289782190799074,Potassium source
32.598065939543744,44.400767430469486,24.04087438895375,7.307811356125057,63.46375011725828,1.0105922133216203,Nitrogen + Potassium
71.02484077213666,30.75342197143978,80.37627120448231,8.148269026820815,60.49927973302702,0.22983895327185364,Organic compost
65.9593568118189,60.231270835336716,65.4579330691399,7.069725159327812,73.81090862594667,1.3361350837642756,Balanced NPK
18.944584882326495,43.29149054409502,78.45479473924294,7.982109805716683,28.585042980205706,0.3818101216975811,Nitrogen source
75.68700640471769,40.0709096287129,38.347572156021045,8.300248495128455,32.22891862986005,0.27187170870427557,Potassium source
16.46791528957463,20.081168123902202,22.84094073600683,6.381410474795711,15.632530142114813,0.9295147625926499,Phosphorus + Potassium
54.92303469549342,49.84438690873729,118.8160201616428,8.471655579010008,39.19203291413275,0.6771701137970785,Balanced NPK
84.97081702548948,32.57597106898642,95.61097335812072,7.1057609718717565,23.964105604158924,0.7392839658429111,Balanced NPK
105.00238535710685,46.50149624223461,88.09105975785009,7.484477460949476,43.75086904546493,0.5841387907187238,Balanced NPK
75.59727237886311,13.479354712384316,75.7107681766945,5.359585224501481,73.12586211646178,1.1670329425354116,Phosphorus source
29.93309755758411,63.84952743731524,89.84380938826162,7.549556642205744,33.46972484427245,0.8795631610501873,Nitrogen source
74.43522856010162,33.27337145888755,71.64387681985951,5.854057421232744,71.24192815668664,1.4484374879739694,Balanced NPK
45.940624591082496,30.679819065510596,33.78311353146067,8.026727645651546,21.43532563625245,1.238516504380941,Potassium source
101.5561502179411,28.716422491564835,95.44707534106257,6.585401972844799,34.391682538944394,1.3613919476407625,Balanced NPK
59.888090305595085,9.142226720710246,79.79735409962234,7.303008139097807,54.425534015561226,0.6684144917108972,Phosphorus source
84.64763035049093,26.832073976218958,61.07983935352643,5.758473519917029,52.927670529985434,1.2536509940073122,Balanced NPK
20.743321924930914,7.025925723639697,93.72478439218465,6.130079355449328,32.667783501267124,0.9341613904137982,Nitrogen + Phosphorus
63.54113211723087,14.117002264849958,93.64786445384767,5.616950169685533,67.82197566717682,1.1936519353075514,Phosphorus source
28.39492656349388,61.86602529057155,82.70334817468292,8.436370429872927,59.82802254953713,0.7072826890995223,Nitrogen source
78.20634074135621,54.64041682164666,92.0215366505012,6.640190462687168,67.93861016073666,0.5730243063379754,Balanced NPK
115.96743363664514,28.28229777878855,14.130077226747602,5.700472216336914,74.92082950467952,1.2270667942661664,Potassium source
58.33079656919801,72.88664717102058,37.12963554193654,5.8174538534426645,19.027081197382778,0.7751619878203608,Potassium source
66.55381669055109,15.885588933351595,22.606604547141558,6.3665815993868,26.283320968988672,0.9465431985604007,Phosphorus + Potassium
67.67687093181218,17.18626286720869,11.460471064936659,7.25676382097665,64.10198486554437,0.8347545202839954,Phosphorus + Potassium
73.30510370099962,77.12835724228964,94.44742757185524,6.168334546684242,69.52111717037263,0.9130399102212026,Balanced NPK
67.41278831782284,56.8903942163169,57.2433476867082,8.082703876605022,21.709910117912862,0.7484872798526954,Balanced NPK
17.134999784736323,57.904571694745655,39.732474824945896,6.488986353832363,72.04535443210195,0.44217120032384083,Nitrogen + Potassium
10.247668116919852,48.35898502579035,58.12997644042433,5.192362544933911,30.737197170436147,0.510837828899845,Nitrogen source
38.66799451136728,64.22467874302647,43.52247846719101,6.71369276139131,28.586405904509526,1.4357022267070594,Nitrogen source
95.16352002244173,36.746195990673414,89.9681711872312,6.1018882615832375,15.756092175854324,0.7596788648595705,Balanced NPK
72.10438904228805,31.201600189177242,54.169222701988986,7.500500883449915,72.68131674416479,1.3623378558414367,Balanced NPK
73.32609951875426,52.21177679667694,68.60923918826396,6.299325015700653,61.67117872260807,0.3446188688529028,Organic compost
108.34155879792655,26.278960184298437,34.070436658082556,5.958979725706856,66.82018542393517,0.549562864869393,Potassium source
77.04924424171736,30.736832597232993,82.20440861837533,7.070692894768457,79.8436565835056,0.6042427870980316,Balanced NPK
48.47881110566318,19.907566328453804,61.02989893578736,7.930760741442898,24.769862493890074,1.4498327760364502,Phosphorus source
11.447301107409412,65.38615476101789,86.07883159770977,8.1683871589963,46.52687580357632,1.0852536763283054,Nitrogen source
15.436646823723802,34.576639608402175,94.77695123953771,5.381435902235781,64.76781820712841,0.6007553144408229,Nitrogen source
48.82880187551959,53.55311434530237,18.59803697713549,7.186191353684436,73.96067475504373,0.32189356111572487,Potassium source
37.82970245899591,6.026111660541531,66.9788996855066,7.5583606996916926,74.84787468546774,0.678438486792223,Nitrogen + Phosphorus
26.362637190978024,7.181342426962143,45.750683677911724,6.7927973437102205,73.0541382040285,0.4813869912493009,Nitrogen + Phosphorus
95.94290360231575,41.06898861693962,105.42885175237596,8.020728023794701,70.03862148305626,0.7217487924618495,Balanced NPK
48.08303995633588,20.546647565322857,35.1271927714493,7.156802429185294,77.33588248651355,0.9877465128787923,Phosphorus + Potassium
55.35492309484404,23.18165045760678,81.7166442544458,5.738308860121108,16.536324558165855,0.3216019863553002,Phosphorus source
103.55053084326318,33.66917127699922,113.43741111269587,6.738596228559043,58.405425867996826,1.2750372290420293,Balanced NPK
106.19380902973978,17.191210666968743,33.83407591512261,5.525320877252296,41.188541337090605,0.40154490579609536,Phosphorus + Potassium
81.5951912515647,32.2120200004503,116.0478672065103,7.858055151798274,60.69960781466921,1.095326482088649,Balanced NPK
14.356573998409033,11.276419648757152,57.5322087114331,8.201450459069912,16.581972735968865,0.7461813150662406,Nitrogen + Phosphorus
97.33064045961147,28.98446001721357,112.23206276856644,8.271449413047751,13.988178987345767,1.0013239484156329,Balanced NPK
26.012931446324206,38.07580434710663,108.75848775812148,5.256784699916553,75.6152408631186,1.4927982882818496,Nitrogen source
83.72702126352046,31.720374276728798,37.61139269765742,6.514126911765205,22.587863146517563,0.2260734466535222,Potassium source
16.901248872999474,54.767420149913214,12.28310668844393,6.055116139230854,57.34725718696342,0.42721125198231247,Nitrogen + Potassium
46.550471817186256,7.358120092235275,22.366474684410846,5.790738297864853,18.83238260859472,0.8136779254591502,Phosphorus + Potassium
23.96422233461621,27.888652455837406,89.59251461640007,7.2884845882417215,36.809935761569896,1.4104144745227665,Nitrogen source
96.59448038792314,50.53824182425897,58.04565723027287,5.210126626799935,38.89969126285355,0.9088461255677018,Balanced NPK
119.0119265762392,76.37047301930468,22.34327379669852,8.427431495543523,62.823234089951924,1.086516353680606,Potassium source
109.39170630714617,29.379160809683334,53.92331058462195,8.048314330349024,17.27939105109403,1.1219078013858006,Balanced NPK
99.08044095419018,71.37972147829043,34.109007045484454,7.377362719227229,16.00025759114865,1.3192510310565486,Potassium source
62.997931049657026,51.81237379485148,103.65129476460882,6.771083088189088,45.60609666544454,0.804052958963575,Balanced NPK
76.07624359821838,58.799243360565896,98.56850587114347,5.104312211118553,34.36540886814201,0.76228578111687,Balanced NPK
20.856273529753093,61.37159921627359,67.51632896148122,5.006589738214278,54.196036027676286,0.6407285960882788,Nitrogen source
89.95397798450121,18.47713539841574,10.133044663982039,5.303883720604982,40.82800532286878,1.172412668337482,Phosphorus + Potassium
76.4305438470029,6.122495038435001,75.07691216197955,6.687607329583247,65.7581515782258,0.5336659227436134,Phosphorus source
89.0824435809575,52.38325651611078,78.52902378139464,6.419444038350939,10.899381638561493,0.4439349793251922,Organic compost
102.86744717020102,51.26331581665594,73.59548435177291,6.839918847190095,15.385206488484666,0.6519701007910034,Balanced NPK
78.1064798876153,14.416256855727955,111.30935156442295,5.254268118218025,57.58502269804413,0.5916145804218544,Phosphorus source
105.00420762594675,67.01277594083493,46.653246747334364,6.6173964911651,77.13779787536785,0.9902722052607176,Balanced NPK
10.660256326018919,63.29308558551832,49.744537432682165,5.965442575085622,68.24986336840017,1.4577853169157555,Nitrogen source
16.824408245321944,34.27671685762782,40.76866404695211,8.142138759426475,70.73864744287815,1.3714522754382195,Nitrogen source
14.69255888946989,8.758230943389476,70.65404231602622,5.584155231868821,17.886100401560284,0.5384658613106241,Nitrogen + Phosphorus
88.03406652926132,55.37405559654497,96.37113362388267,5.219634729848162,63.64892890124393,0.8378027782541091,Balanced NPK
44.429473485197434,50.77134612583547,97.94831522440688,5.363562404086393,66.51046991089112,0.9402718487264587,Balanced NPK
78.20594310418046,70.92141214197042,88.0986350628944,7.042334574655867,33.52158551887335,0.8634032100062226,Balanced NPK
102.02232474161325,79.67054186929863,93.17673269411475,7.765568977617521,58.95926356984247,1.1970356366407502,Balanced NPK
36.749761794218045,36.787472980807095,71.1595582692224,6.923124456180661,51.808745452624365,1.4655952308086655,Nitrogen source
104.07975895135851,67.08748938548297,101.3407158538691,7.776666207109246,57.544245681700055,0.5335052724096205,Balanced NPK
104.1343246641053,25.979812427943116,89.73774349428903,5.388442994247589,48.30949448006874,0.6144407615209393,Balanced NPK
87.49029701430943,69.14650893784798,11.707988220634114,5.400126707806486,74.78617767689805,0.5110522950752608,Potassium source
90.38683551197222,65.94100291537978,91.46053639500964,5.112375645749606,61.47965484768529,1.4500426119863783,Balanced NPK
50.56724879061489,58.26913381499656,40.41166745963858,8.49109376040432,24.583802799483628,0.5972357735503717,Balanced NPK
28.469614677714755,76.63829558488025,72.85690149071834,5.86444736038784,19.415396603300977,1.3372488599056556,Nitrogen source
16.89255440353135,53.24472619005115,77.11415853379896,7.701282351081842,57.72923558813861,1.2874177209444242,Nitrogen source
14.183456083061392,37.27185028981257,18.906270822723666,6.418260610415058,49.25780244220899,0.9719073262910578,Nitrogen + Potassium
111.72451183660735,74.12915863197847,44.07652567276644,7.4467405284349955,59.889516775053465,1.4442975848533344,Balanced NPK
19.23276360537765,51.286366971497586,54.79899260500269,6.215648810556849,53.22458799306508,0.5633980831702659,Nitrogen source
13.94532321545367,63.334449261068585,19.547734729607797,6.148693905312958,51.644813206239796,1.0108567111518774,Nitrogen + Potassium
83.2891582143467,79.58776525166179,54.152582976362694,5.481230508485288,19.65643511959004,0.8633232243215463,Balanced NPK
52.211340307871,73.4872764042916,66.20249831851447,6.581839214528663,70.36498813256432,1.2349408458384203,Balanced NPK
88.52668149007819,44.55158948092763,35.81393420140196,6.986161000436455,18.103561943550467,0.897856141581173,Potassium source
103.65852674353197,43.62596835705508,17.53239120945043,5.109612761549519,70.23421844407682,0.4915685185895904,Potassium source
67.82689183521414,63.25917195955143,37.85321710803542,7.581061637189945,15.270478565147359,1.1731972760535985,Potassium source
17.038894620134716,25.785467396063503,38.237464672994165,8.119952329710259,47.4136004680794,1.2959983027829725,Nitrogen + Potassium
74.05075780167084,65.51788160803224,70.64759576541059,6.574697380277206,56.05839627042707,0.57238359325184,Balanced NPK
111.06108687383022,73.11025427490502,18.00061614903253,8.208757685624061,22.730548526568654,1.0856549359039391,Potassium source
100.54148188048723,23.092894109206476,22.392085231024858,7.646625549299946,40.970019152282646,0.8326884828586649,Phosphorus + Potassium
93.80472474876541,24.034699212602245,20.686701010869076,8.352089034212764,58.97614026761836,1.0477749517360695,Phosphorus + Potassium
46.623641606527926,79.67795155348536,34.47985456124694,5.623345950423963,32.279876143894995,1.1606409024859592,Potassium source
36.07113896928517,28.45711037968995,68.25900138943325,7.2748126923718965,20.445128838923154,1.0510309713268842,Nitrogen source
51.916069952684104,30.96164291061858,18.69198310123581,8.408864487989469,58.51843826250471,0.32984558109472484,Potassium source
50.28604895600821,11.005093224514471,69.56853053452923,7.450512450518877,13.958648414907547,1.3988187885055023,Phosphorus source
51.15486586072179,22.60949198796865,24.28416211323953,5.509694286128356,69.48575881375587,0.824064706658131,Phosphorus + Potassium
97.82937276490236,22.030858231903284,44.974799073879815,6.444151693106509,41.81626894847813,0.32698308788401376,Phosphorus source
14.950289662225913,79.69217093583829,83.3197295673484,5.191693623014045,64.07955965780263,0.6694481542352624,Nitrogen source
97.6106456611389,76.2351554214388,12.923053135802409,8.375024604440288,21.603257622038207,0.5864023378809992,Potassium source
78.96398816460668,58.69464120067832,28.725447251110246,5.47889151722887,30.0582265145318,0.6232791122865482,Potassium source
45.0044319664705,17.848385762782463,116.78883522562897,7.79325223090403,78.60144565264552,0.3347550012349655,Phosphorus source
18.3135693997913,45.1980912584448,77.59146654023816,7.223049814178735,16.52799394612729,1.296934583050644,Nitrogen source
63.868497183397096,32.61042079290952,65.48818822407412,5.141610505304203,25.05536003147224,1.498037037754294,Balanced NPK
70.7815051348238,10.890568186600586,42.211893714982736,5.646711579344765,74.72903970350544,1.2480735092984911,Phosphorus source
70.15939255128413,76.38362507918586,51.015639914426735,8.027386950711062,42.72794063313297,1.303221558362225,Balanced NPK
109.07570941586467,39.72233537227666,29.580153708931196,5.673308491921613,30.220407490806053,0.48982360451222895,Potassium source
52.70790091303938,43.00108448229116,19.582497396952768,8.183751265430823,10.170228355174604,0.3797774495602013,Potassium source
10.92513036423292,78.9896192289218,55.17153101590229,5.686089919456149,18.307007824884945,0.6815354535265867,Nitrogen source
117.34890219382653,46.1543848120112,48.963927636236214,6.27589297532602,18.213558506978657,0.8721093820224037,Balanced NPK
56.66114218697336,59.66383914215707,31.114240910103288,5.4806814542673274,50.702245935006594,1.1646097032958105,Potassium source
64.72502867735255,64.25248064527511,102.51951394045356,8.20820381929073,36.472534202332454,1.3756487902980425,Balanced NPK
87.99592654853112,51.868434907929725,70.91516946971385,5.069019037833232,49.223133763044046,1.2126885890149188,Balanced NPK
118.72043855848698,37.483600116829855,118.91736187503513,5.5988102260463055,77.07399848132587,0.9665516375047858,Balanced NPK
82.88265514410224,48.02601227717322,118.1131033881528,5.155040623106966,38.73254783536699,1.3378020324029234,Balanced NPK
28.38021043069581,47.71955094374802,67.59353929176032,7.8260052676672585,74.27770626874602,0.5364855070159888,Nitrogen source
86.24584612540706,46.076599037539424,82.9064982701576,5.701322365023015,29.087137293061854,0.9148003567159759,Balanced NPK
10.324013767842425,58.73189554942291,27.772501625892467,8.259556487799475,70.24250307970703,1.0103564903052826,Nitrogen + Potassium
108.01634375982565,79.0433792630878,95.24521448279154,7.1932136491759895,41.44972246569851,1.257630990400462,Balanced NPK
87.48793733410434,40.44799927808432,65.00381451306026,5.801275859273747,65.2013050609093,1.34183001803882,Balanced NPK
11.813193550375788,13.392417750578584,119.0359317226195,5.623376349269086,61.556993248142184,0.8250955408280185,Nitrogen + Phosphorus
67.34863288856086,13.128315068557926,25.163251518944485,7.022686810444947,36.43408286222245,1.236700715375821,Phosphorus + Potassium
116.91759054502684,65.92376417590518,54.650761882525266,6.687632109565891,20.968161115614844,1.1043991519269507,Balanced NPK
59.209428169585166,69.3037792420343,81.72325881841302,5.5969013440371835,38.76880673947714,1.0800336909454011,Balanced NPK
104.37145139465107,31.310487018418254,83.64436849301757,5.607574899805771,73.32989010224196,0.9477207442882252,Balanced NPK
94.54602441506714,34.76385858664712,113.45953033410969,7.520373862991415,20.756020580140806,0.9152412018258973,Balanced NPK
39.89271690104741,67.50196708331696,96.11068422275966,6.730908200616884,31.134863728994272,1.3084930554941583,Nitrogen source
103.55327613046117,42.89269180801509,88.89826012146855,5.999252261614402,34.41949256331902,1.4272728153661973,Balanced NPK
90.9904521358776,10.409039973515162,60.350676261350515,6.385107081276399,26.169248017673965,1.4934243409397174,Phosphorus source
24.937010086042704,28.570023613671935,103.35904528077009,5.462961337968724,36.329722477613174,1.0244503286934823,Nitrogen source
47.05853348255752,35.66155396656612,70.5124763055916,8.334404130853468,70.96348357582319,0.34555177100785683,Organic compost
72.6372468071143,53.99725568643494,45.833801343469275,5.924689572192864,51.841321206981924,0.7394715789574753,Balanced NPK
109.5571379028252,17.26658305985316,14.519224888161162,8.148657047487928,72.72874109603177,0.7418012325629129,Phosphorus + Potassium
92.92780465058293,68.4286355550598,38.037927174316536,7.2905542122584395,61.600494532814814,0.6647399104595004,Potassium source
114.05942701488249,77.53644551734489,63.540066313997166,5.265999621288704,74.32780426357337,0.8798667508308,Balanced NPK
25.270984565900868,59.907294971736384,85.58689729860127,5.489504072598176,29.239880338250156,1.3235397071767123,Nitrogen source
116.65437538101608,35.393905251933674,24.80448471978029,6.2319303324910855,45.5332108221236,0.5905511049988497,Potassium source
77.24302802126867,5.5942650029860745,99.81240592218965,7.956296592408661,64.8453568844318,0.5944650695658499,Phosphorus source
79.56090652371752,32.39113290276467,52.82020770188273,7.481850925161434,69.04784479592718,1.280289127769036,Balanced NPK
35.419633462007994,54.35215526779032,39.377644636705526,7.199542416161602,35.704339029373344,1.22694632244559,Nitrogen + Potassium
113.12151020430056,26.748583530032576,105.56957586231088,7.5900019146236595,49.62162305506722,0.882460920086023,Balanced NPK
45.12359616149978,20.24637975108982,19.17248314032987,7.4935714313735025,25.57088535006109,0.8440041011632688,Phosphorus + Potassium
107.87964028361709,55.33297904524264,28.615827318929558,7.570588413199198,25.03837166683728,1.2138822725078846,Potassium source
18.548343891238577,15.628186244829541,112.76094149922355,5.980996004271599,20.544506211216856,0.47938018990574777,Nitrogen + Phosphorus
49.72097062504494,67.82119127442486,26.777337891815613,5.055127500979856,70.54940349081046,0.5895562913550578,Potassium source
18.4608855802995,7.082503546311331,108.95350424966156,6.830991372616723,52.73493992487496,1.000872901948517,Nitrogen + Phosphorus
67.44132209670644,62.69459597936815,109.66946024447795,7.243770677641907,69.07188981206309,0.21250056278641344,Organic compost
62.820703533501145,50.30356802192658,32.1354702493554,5.56103916368971,19.53706056957877,0.5702661120838143,Potassium source
100.57521748912808,7.0736569531330264,76.26705539168388,5.2385385311323445,51.523741395560094,0.5278701913603798,Phosphorus source
27.307670215486226,39.937458010079354,35.42169740893155,6.323934808676656,54.313547313179946,1.4170989744746507,Nitrogen + Potassium
77.96035499093155,43.03011632371648,71.2700094189924,6.652325442198618,49.39674519395191,0.9412306242618012,Balanced NPK
64.1414555662546,64.12790052937335,52.98198476894653,5.379915730288349,55.01365166026109,1.2349252694508779,Balanced NPK
95.80195462867799,23.909872741184422,81.17230634848767,8.495056745447242,17.319555148758358,0.8795818974602616,Phosphorus source
43.59261891114073,64.34174305672443,45.72004678408778,7.567541993699475,21.231800866559688,0.28705770253510127,Organic compost
21.451256393816116,24.521886045143454,103.44657105876735,5.52651823656611,12.337333459682613,1.3094990798720938,Nitrogen + Phosphorus
51.2370482388962,49.1550482234191,19.21783933869375,8.175705902598205,45.31101716270928,0.31644046630003614,Potassium source
79.71923734151262,32.417428636180205,48.874775790063126,6.428765066597775,45.568632807991456,1.005123755242567,Balanced NPK
26.10541719707391,61.57747224306696,12.985780938012496,7.447105001911888,22.830823573657813,0.7808712654544743,Nitrogen + Potassium
71.77061893850116,53.553486815122746,97.01389343866914,6.806687789476872,71.60890062735626,1.4415664246381892,Balanced NPK
117.36515459108531,28.967110398667113,13.539159849530284,7.505288695363866,27.632838869000054,1.1979924679255367,Potassium source
10.550060007445953,63.288740183632676,17.71584735445351,8.077714612287696,55.59185893157325,0.4102257977734331,Nitrogen + Potassium
65.86041357336553,42.890102742428454,106.69424390658,6.863178544904389,48.5333845455902,0.6146998349989223,Balanced NPK
90.13547160785446,8.772365161805391,116.47483939889877,7.121878145727688,69.1965702938339,1.215386944695909,Phosphorus source
33.996768826158274,26.680704669258997,40.581235480871925,5.7893132119858945,11.113510452794932,1.2750368861074763,Nitrogen source
69.16377282281087,49.338804130546535,64.08737323763816,5.435272563091059,40.5272022058754,0.5817231753989816,Balanced NPK
108.12644013121806,57.59060906449509,27.892312946463246,7.456710660658864,48.38574310955858,0.30618051438771776,Potassium source
17.650621466353435,16.057799868079613,99.15471688249765,7.904821651416391,52.57264970219365,0.2203142135059658,Nitrogen + Phosphorus
44.883379951435124,35.068152792922334,41.28238157268069,7.033946648512973,14.354788536772606,0.22596092489713274,Organic compost
74.66534971384974,24.83977708915842,85.51821522420255,7.721574930774517,52.77400169255361,1.4866041135919255,Phosphorus source
80.72195171465239,62.9562749222253,80.51190670614984,7.819045979593696,37.342133123550695,0.7646649442625679,Balanced NPK
46.870623716158235,48.235844999237116,51.21072505567411,8.457516857110306,52.2102614574952,0.6364111120512956,Balanced NPK
65.8982634091939,63.545967250965624,98.67289784487109,7.22985528783134,10.163136387742073,1.329197026167873,Balanced NPK
110.07822155272378,70.3736831106161,83.82276084156037,5.094848081530231,76.5546180218588,0.2881497767989518,Organic compost
26.44326687193319,52.09258256633839,60.799030621388916,7.641653244562845,54.320099564445805,0.20544696962654002,Nitrogen source
80.70964415398193,69.36649500730219,103.73610421422863,5.550928173964682,34.31531051108614,0.35538822676326354,Organic compost
92.66305684162748,52.06703736744111,63.28770015465078,6.049156383236618,65.09687151844753,1.2288634458918204,Balanced NPK
64.0298118442725,14.331553763523365,61.18949288554735,8.136233846428745,50.885977424193484,1.1802010171591168,Phosphorus source
42.41347642977275,30.737262338245504,22.883288441275376,6.199817767291165,21.872945135576046,0.9006737843846135,Potassium source
53.3186040395718,67.68137657306822,52.10009326015154,5.74318426694261,15.896440802950536,0.5283427704675832,Balanced NPK
86.70996447234216,51.96731503366453,78.19405342092219,8.003597530004575,27.696658137817256,0.8120303732171619,Balanced NPK
28.50028714233389,21.409613474222816,50.801031254395355,7.474779649966961,68.35965776330636,0.5993781962502672,Nitrogen + Phosphorus
53.75407272352754,71.57454966511729,95.82641073674779,7.416172632912186,38.50003783911242,0.6433767444813323,Balanced NPK
89.57726502278767,11.999485505638955,69.78129308682142,5.212818313305829,53.63363188886495,0.9389348604413941,Phosphorus source
16.577198160586065,36.48988308520232,31.169491263152835,7.793427750357999,73.92979420497082,0.6090812054431113,Nitrogen + Potassium
13.225084071669286,72.3240920019592,102.89745316369881,7.78897057841796,34.94651811386293,0.30361854133452754,Nitrogen source
117.23581014747849,42.00579441760053,49.22723495842491,7.720237022978736,56.94907707981047,0.25442525283003103,Organic compost
115.42374468711401,46.704779478041345,30.706242573878367,5.0558938092309935,48.65662970142736,0.972252322225946,Potassium source
20.958711777371033,45.86960434014939,57.489590593427415,6.531694268391535,78.26831440913982,0.5846514304516299,Nitrogen source
107.25766236738792,30.83893947185907,29.74518740209364,5.532930960868286,75.84466382253439,0.230279533319656,Potassium source
34.10767025987529,30.535548215600326,82.2479903264137,6.315302478094934,11.428950149031703,0.872047603355756,Nitrogen source
107.29122581171039,71.49282752282997,119.0754770027339,6.198373854164172,18.572396034058166,0.29040009292273283,Organic compost
105.38008611596908,61.11603423836091,79.03310596660127,6.738661224099923,42.01384632919536,0.8421374609226626,Balanced NPK
50.02291019910985,40.600787122147565,33.13624316969245,5.41218783193722,24.790661538161046,1.4622531774155993,Potassium source
118.97551422099302,61.363360139022916,102.091032867116,5.362482264217193,18.611862538290204,0.3204510336555252,Organic compost
16.951523469822213,61.050619780922105,16.2043379243048,8.321641973133282,55.78259315525582,0.4221391468229696,Nitrogen + Potassium
99.9274837047767,66.77703215246461,72.02776608010866,5.318443955778439,38.05446917984189,0.9130985063947239,Balanced NPK
91.81753074889893,27.38778011223844,106.04728633140554,5.877582898531377,79.87389435576125,0.3495718941568665,Organic compost
101.62445595876984,14.916266085384647,93.52443574483365,8.018054299885943,31.904297129588137,0.3317341053195218,Phosphorus source
119.99000743752353,77.82891819445548,93.25032012626123,6.352716266501106,19.4080450816084,0.7434653793545274,Balanced NPK
89.23768352888503,16.427297698300872,11.848041286506916,8.16412340580915,58.999289843907476,1.1019921673402784,Phosphorus + Potassium
114.19043328709012,44.052900425416276,44.98846496141625,8.182989758613923,79.00680997379217,0.2265978962831111,Organic compost
46.37401657596411,32.18042039730143,22.235058831414328,5.775506385223265,11.712031774892601,1.1053410040871947,Potassium source
21.759566523191193,71.57206843634624,74.2373000791559,6.2465566622103585,66.62209318785503,1.045871541348168,Nitrogen source
92.83250851867817,70.83322765378038,98.84315361065113,7.726999041362552,61.08904124619146,0.6907349307294955,Balanced NPK
81.70142550269661,47.427416249385054,115.97904751547547,6.753274367057541,25.527247412441582,0.7950468609405847,Balanced NPK
55.611512245805194,40.13872711642263,73.91334731227202,8.318078767825323,29.67562299843364,1.4598674600013668,Balanced NPK
95.7540885415236,18.719069507522253,40.848466719446364,8.182638374138879,66.09401571195698,0.38636903915347304,Phosphorus source
74.30254451247033,25.7744943203371,79.27253773828811,5.607537026127443,34.633904089333775,0.7050870143861845,Balanced NPK
69.14796343590976,22.94877317799268,90.05209876818189,7.8324334962772895,54.7992783613967,1.3740059569907437,Phosphorus source
96.95447120727898,8.301081872979156,19.319335472108712,7.309890184877378,60.53128362470239,1.4582764231426515,Phosphorus + Potassium
10.366579699746207,22.7720382027957,101.4926048798909,8.12036750637337,42.51025381145558,0.8288821043053318,Nitrogen + Phosphorus
103.89812759233106,39.49765100608506,96.61711445244535,8.32055547175236,28.32923644936021,0.5567198844459573,Balanced NPK
113.24629768424593,36.82244692142189,11.7299849984676,6.758714065516312,53.17321038838416,0.5181590959300901,Potassium source
90.01514238189647,22.47069840833812,23.161425634702596,5.872779864304426,47.37368933015063,1.312524628373256,Phosphorus + Potassium
68.22654140227723,68.67391410192013,17.060502806170774,6.304052451883546,40.46249465755609,1.24224344625057,Potassium source
77.17114951528937,63.87774742107163,47.24124196427289,8.269114703924368,66.95595666125443,1.3901312127554326,Balanced NPK
38.90756752970762,5.492692082385343,77.70292873150088,6.724026224943329,64.52679122335431,0.32674206870344424,Nitrogen + Phosphorus
75.49912817336244,19.917378391347476,66.60587571880785,5.55412467779219,73.86397851034528,0.4382602736930906,Phosphorus source
73.25843431158285,5.420724563651614,27.208236636307976,6.74766968371428,12.867315770130293,0.9056174536403025,Phosphorus + Potassium
30.276743070266342,59.49044235739029,105.51206379931214,7.6549109736359995,14.437324377726876,0.8452500579631379,Nitrogen source
22.229456227066766,35.67931748429678,102.3501729155893,5.144061122648449,27.615640308099486,1.274541034733051,Nitrogen source
54.6520314699667,22.65166963463642,114.43514840738834,5.5450561034087,65.20255424666101,0.43150088629569544,Phosphorus source
115.93573027612956,63.955339784708364,40.407134861604106,8.442649748428543,18.01217488329693,1.3174759475490663,Balanced NPK
86.93723257264837,18.041327032058028,70.1008535555007,5.041736840576195,50.1189377087328,0.9568646246643255,Phosphorus source
54.9378836792573,66.83118391177354,112.3821727532557,6.86816653481819,57.17674922528097,0.38961263723499184,Organic compost
119.79078290792872,69.34370997182826,114.39305290117493,7.723224809687791,32.604008739646574,0.48818588489726644,Organic compost
66.21523650791394,11.194949471423294,70.70003354330157,6.294720013769033,60.955379140188526,1.0133998795111299,Phosphorus source
37.11721277726874,60.00814055864285,44.22242139147858,5.870072871722484,39.29874970271132,0.40520944019622035,Nitrogen source
45.7676071905013,24.488645779600933,12.39029077491907,6.053067008682536,42.67833860133052,1.2786598915888152,Phosphorus + Potassium
29.852417400151964,29.554178299691205,13.231120861912451,5.262878742492192,34.92804316220031,0.8499068843522897,Nitrogen + Potassium
92.30881838408092,62.238506060383244,110.53765954326347,8.177286389416704,17.10497772785508,0.3456682498322909,Organic compost
64.647043192883,49.21052632104021,75.7679277689316,6.701966736854445,78.68395089074909,0.8616424028022922,Balanced NPK
112.88420631751627,79.11435256728316,58.84240928560601,5.468174799124281,32.81426349821483,0.6661017942173755,Balanced NPK
107.71607617892677,77.1272935114001,28.661953136356864,5.070257714186184,68.14641440738578,0.9262399556195084,Potassium source
92.62894709955502,29.87533330437556,27.43717506682079,5.926311323553864,13.393553568862975,0.701600352390503,Potassium source
20.914956628116038,39.78286479024119,97.91469084223904,5.166706089263597,72.7698728081924,0.360098085015803,Nitrogen source
82.1578903455912,23.04018089089385,102.94100624554459,5.036232075553785,39.49710349545737,1.450472725950889,Phosphorus source
22.4184153578402,62.048326084655024,89.92797012532188,6.117111738613467,14.231821719248934,1.2830239875285105,Nitrogen source
109.53665404543698,14.587301816499433,103.26105806836233,7.916281754499275,50.3916014821164,1.2185912720062535,Phosphorus source
14.342676908669986,42.213274007707085,116.36910161629594,7.713254128129566,28.76940783264375,1.0105905594362754,Nitrogen source
33.38047980705761,21.65941763585355,30.82804451697598,5.664935583811032,44.95037419223641,0.6027379473468158,Phosphorus + Potassium
95.57553574697798,72.05838069625545,63.63500440454003,5.669602219968571,79.85993587778266,0.2611419096968608,Organic compost
70.4608447293673,21.47368823064533,113.1423350015285,6.137371330770161,77.06301822931769,1.4646416293246318,Phosphorus source
113.72723230822183,64.45435980060711,91.5337162772454,8.334699270002774,25.65689621966851,1.2528730297058521,Balanced NPK
22.483665155645653,32.14084744814803,54.2015053147284,8.483642480375398,32.46836656758975,0.9211536462046488,Nitrogen source
79.68398011178779,55.83791977695285,23.21653117022005,6.956942145387824,54.4305170540571,1.3743530781783473,Potassium source
115.3022716174005,22.62704026724922,33.15707453343137,7.393112087460991,44.26385142990392,1.1666369324435897,Phosphorus + Potassium
103.33191392214268,5.801348909950425,106.66035513363612,5.9290218489148,77.85778491321584,0.7593406098517601,Phosphorus source
103.76922263407783,19.995161141856347,67.76726840258112,5.221508172376477,61.439002427822984,1.424729788673273,Phosphorus source
102.74353430080319,56.02648058458257,23.083190715851472,8.443859261875199,34.07737154212947,1.022604715003724,Potassium source
40.027809627855405,67.04916064693757,51.626234816597936,6.367371260242653,10.313601924923061,0.9479358497201731,Balanced NPK
37.580472288165474,74.13871822664255,96.14648888651809,8.332252072725844,37.2821704045423,1.0602490773578226,Nitrogen source
59.69821695586507,73.20030918995039,45.66872926585023,6.149839943518861,35.61604651141285,0.8471259833496834,Balanced NPK
107.64911951979018,20.560061907080446,81.64386938567733,6.070850552873031,15.78628676156017,1.4397540741731176,Phosphorus source
96.43570193226256,76.40141190610895,54.02966367891955,7.649430859084818,55.580137537377254,1.0047223662621036,Balanced NPK
14.429739367936026,10.379684006861552,31.478907264336122,7.623788855516441,65.8839564653615,1.0413871227099092,Phosphorus + Potassium
31.127557066165128,63.32129476107432,22.48153378622709,8.12908189474862,36.93418796931691,1.1452140037352607,Nitrogen + Potassium
28.64445621080911,28.571189541289016,64.48004804607021,6.737242456989462,16.803982661962017,0.9128145919438424,Nitrogen source
18.262970750286016,74.27599863742438,56.3944209578357,6.53677655233496,50.38954689599155,1.2161771359259792,Nitrogen source
17.648832249974223,57.72335340591408,110.15839294087182,6.537188562488482,10.92857511364957,0.5215790800732578,Nitrogen source
113.51505856650812,13.85146614294122,11.497493860784472,8.27551012308563,70.411800976698,0.7985096623529473,Phosphorus + Potassium
10.593450221590304,48.78278987999991,99.8438069505895,6.0012477458711935,22.091482130097518,1.3760563381092936,Nitrogen source
94.47189415640445,38.6060923289339,109.5516252364692,7.128545926358868,76.0862015815915,0.3341093077704902,Organic compost
58.00564235828921,55.94125651552929,54.868712983452816,6.224180759470022,58.6796714877708,0.9873936870646407,Balanced NPK
41.0793068965476,38.30014377523339,87.75913478551279,7.194170451993183,41.71184174896946,0.5380062207498206,Balanced NPK
22.60475155068253,68.01313589789123,100.23449303056205,7.146559435827857,49.99395046155091,0.37722871581287865,Nitrogen source
59.1404692263206,41.28989661076371,60.75564536304975,5.847320572162858,18.66681840420121,1.4107915612143969,Balanced NPK
71.1979113750887,69.69270477396088,83.91835985841968,7.871080629259274,25.11983158836543,0.3378444523929107,Organic compost
77.52573162578578,46.20098829801133,20.610944349650296,7.13953376573941,22.732938840639527,0.3406171530966046,Potassium source
118.37514148671893,46.67872675026837,46.274400423560955,5.343195367935329,74.1705716214004,1.425352924541832,Balanced NPK
38.2650878006061,37.626881148027735,81.01023341591518,5.38904876175985,47.58700868025343,0.4842345896420429,Nitrogen source
34.7790240120367,50.22962516113057,44.10823654789146,6.926235313249276,28.361643849693245,0.8339962483894492,Nitrogen source
112.54547626690517,41.35440156102113,65.14864464621675,6.724940365767005,69.95936885990076,1.086260810987926,Balanced NPK
13.368782517995129,13.846558846637556,73.56765429471656,7.660633086744203,18.190494617720447,0.8536199833312312,Nitrogen + Phosphorus
80.67447671746987,35.06017206419489,86.28578839327524,6.199192253181973,53.61131039678688,1.195423425943734,Balanced NPK
115.13985773937314,52.91713706920651,48.67373749131867,7.524342229897986,66.31356815057367,0.7390271705934497,Balanced NPK
49.88237222327654,16.435099612491868,84.45896112191049,6.557042222698415,19.303607332321334,0.929894429084756,Phosphorus source
118.88666570554798,8.849725098302445,66.70702111567894,8.275389610032699,77.13891566137791,0.6442386832431894,Phosphorus source
28.87667189428837,36.55451199506152,45.03818861004004,6.689050483280472,51.71720890834155,1.1987123692652688,Nitrogen source
79.7573129310115,71.90407674940197,90.92812756693745,6.815266018564066,18.350946903103782,1.244878582748222,Balanced NPK
88.55825646548782,30.212690355226844,35.51529955010519,7.303278412938065,15.895799019564691,1.2234262344063578,Potassium source
34.95731656020243,49.510641325772106,43.391817738927045,6.67034038311412,66.04406237715355,0.5731363969718128,Nitrogen source
13.63997593197226,10.804441937433161,18.19225387252638,6.6065694112529485,15.829664924319221,0.736469988392352,Phosphorus + Potassium
86.76408334952774,70.99014913585512,34.35749491477812,8.06833766330068,78.46588438532888,1.013420109751327,Potassium source
91.09426295288529,41.227810241179554,18.233277407984282,8.359791977605045,76.16866248548892,0.6196075264706364,Potassium source
31.5315153693616,9.911350735926508,64.76006945642203,8.236691271015161,12.86589594606403,0.9950121867129649,Nitrogen + Phosphorus
101.91182029646616,33.477687663910544,77.31744535532746,6.553346318148968,14.577970743780753,0.8557992579115117,Balanced NPK
19.796365438342058,56.37271019161927,44.11072969787079,7.8087604242755795,51.09252513529519,1.41553996084361,Nitrogen source
91.15165995827597,59.364014156063384,43.50740811932206,6.546708755100855,62.18980718186112,1.1386108694642878,Balanced NPK
86.15189312646177,5.596330542286408,11.905363485360276,5.236133980048315,12.21084353783226,1.2047037762563189,Phosphorus + Potassium
70.15840936465639,42.867166467316615,19.41593556741349,7.711181478834569,16.499104159373438,0.48835783206668265,Potassium source
100.0800131786088,56.94328669668322,20.187457665702215,5.258629057307376,38.454790526136264,0.9844118773959423,Potassium source
37.1436852895214,48.888037311540046,49.53433418933495,7.060209152254449,60.78582916541001,1.2961107601353272,Nitrogen source
31.54314133110888,11.38403492099561,23.02181858734607,5.578829626157994,32.704820274666076,0.23722621557654794,Phosphorus + Potassium
101.5792527804721,68.67913428541928,88.44707231244621,6.2476879792490765,59.472418005239504,0.9469886016297757,Balanced NPK
82.85800748779837,11.591279154017748,106.21884599969509,6.220380149000756,28.845770297051576,0.7080585816531446,Phosphorus source
37.20278830455314,79.56269812599137,81.08361502686968,8.13743976215164,76.57183883043564,0.955612777987703,Nitrogen source
98.05703278704735,72.89670450991362,26.500972762973312,5.942054826020128,38.11301416185064,1.0096950171760706,Potassium source
94.512682139545,30.875319076185054,102.69577349114415,7.290263847521335,36.04154621608074,1.0849279561109426,Balanced NPK
103.72379801603465,30.196355076835488,52.56801722337885,7.421418715219323,40.08755235045871,0.43096833387690314,Organic compost
103.95825694328046,20.115833205227897,37.097706796291774,8.037354053213951,54.936915908837754,0.7610905409564419,Phosphorus + Potassium
51.99902924076977,18.742728236303616,17.470782096892577,8.182976831026103,13.131132271271607,0.28018273560407037,Phosphorus + Potassium
92.73117631077048,72.03079293324112,88.06838857279874,5.847267705076966,28.9455114212134,1.4497912639533181,Balanced NPK
87.00907575551653,67.08534082883294,59.10044487609696,7.717831289260117,78.65400523712292,0.6637361513098954,Balanced NPK
45.25752067970448,8.221076311871998,91.07247840585322,5.842344713772695,27.77378601151749,1.021609359659262,Phosphorus source
91.27112697951358,35.56071435645498,113.89958997205548,5.565991063800884,46.91449936187306,1.0025285176751875,Balanced NPK
77.91194466748723,54.26385730933628,79.72716054917326,7.770959033905429,66.98574632560155,1.4706860550748826,Balanced NPK
113.36682234593644,43.994563556493,87.65423256869785,6.408500318621473,55.54534021441734,0.20967775507355452,Organic compost
50.435196015096565,73.59013768659189,84.25038192146113,5.060479207119333,46.58807334029591,0.6756548686615185,Balanced NPK
98.96529831654045,13.613332921968722,76.44693302668604,7.492245652682213,51.68184164086428,0.556765590237986,Phosphorus source
97.2509406664496,64.51957796504415,49.70226023408148,5.933349932392397,56.472655191786124,0.6781652675615736,Balanced NPK
47.98842412476859,38.79188693058312,60.389962127857196,7.903678266537586,76.69733343343171,1.1275017714192133,Balanced NPK
19.70578578507751,30.3338746815943,30.85750341293021,7.321427667485478,51.86985358983144,1.4771903635469659,Nitrogen + Potassium
59.24660406328393,12.90939512991849,75.8232768284308,6.284304009833626,22.458875448233073,0.6822852382826147,Phosphorus source
36.20020357952341,19.790939277875367,63.20043084467841,7.835037635065111,71.9965271682474,0.5384104558599934,Nitrogen + Phosphorus
59.32487424761899,68.21686263812904,118.75450865610448,7.974762280412977,44.58251677979789,1.3311767248778734,Balanced NPK
87.72900052619252,13.51365760200444,19.255568134498215,8.276924518960675,74.71096477755374,0.7958753226260995,Phosphorus + Potassium
82.80072791226095,27.859398087998148,87.1538545369012,6.561645160193806,34.39378498944268,0.7727856680981791,Balanced NPK
60.11095115918466,75.70697054048154,107.34784640118501,5.680518954426499,29.49275519594469,0.5891872651364145,Balanced NPK
11.272752318104013,44.782270685142,63.0960784163501,5.4361095687579,79.31662822910961,1.1896708397497444,Nitrogen source
30.13954343634138,57.899853352919294,47.469694995590444,7.2149665458286565,42.934362995943054,0.38051523549658284,Nitrogen source
60.60953761931375,77.12653720645861,92.29435971857428,7.193037825898696,69.04688112467345,1.2773374773716624,Balanced NPK
107.70243103758182,13.164485154671148,24.239564046733868,7.7961302030246165,79.673953128015,0.9313063584192429,Phosphorus + Potassium
116.06926543414123,54.7110871207813,19.385087704005212,8.24188538510857,68.74487290228151,0.8966024173388916,Potassium source
91.82973137564356,31.366541142606884,77.73583107515547,6.446337820828207,46.899325314825866,1.0275189130455988,Balanced NPK
15.925640049225542,12.201757660467194,19.065370566134956,7.082253127548688,38.90354102511654,0.8500784522811591,Phosphorus + Potassium
65.03095863023,8.035297408911772,97.5664758652399,7.452408002575072,58.15307210965957,0.24452619558943667,Phosphorus source
81.68899114844119,42.53433320063225,93.662441006571,5.339050225043851,62.26960170438836,1.4501946370494843,Balanced NPK
103.60850800417123,72.06279198929205,18.33809906128333,6.85375211219779,27.266372242992706,0.9084011538712318,Potassium source
87.7243198730534,61.01181730184236,119.07555651004236,8.351692721148678,27.300759002260943,1.3902998802377964,Balanced NPK
107.24157524356701,59.25771461198064,38.34233891396673,5.658875255009012,40.492514858461945,0.2507750722887236,Potassium source
41.230815333777294,10.503849962394789,67.69582892286965,7.157915367045042,17.791375783258598,1.33611240403945,Phosphorus source
20.647957305409903,34.715765609397245,65.10797972282096,7.037426789690363,32.33737886198703,1.1270091843337455,Nitrogen source
47.549579021823256,23.95177459753443,59.84941007227324,5.397013742774233,77.63107218881895,0.9151268761551452,Phosphorus source
25.8459135314219,64.70510736681248,89.24174299765191,6.506773014611929,78.8591194284699,0.8507995414292087,Nitrogen source
33.40266807053054,64.34416251487312,112.1616590854574,5.918305783905134,10.470463313950315,0.9920640944327059,Nitrogen source
90.6058043140155,24.564110604936896,116.00216608409163,5.58673038885089,66.08096783627803,1.3392031818158197,Phosphorus source
28.797270488877995,42.60078775837936,13.085149658344886,7.2466119410394585,48.25355025420929,1.2117534418803237,Nitrogen + Potassium
65.14054236086247,31.541319649574707,25.033895376770438,5.178757660585922,47.01824187898451,1.3945492826553945,Potassium source
94.26053118739354,34.48405070698297,118.20984810693525,5.6440002667434115,79.8340268788529,0.4991765123340389,Organic compost
28.504046177814406,69.37492257099119,61.57388697799094,8.121501602616473,62.36281725963123,0.40374904380318843,Nitrogen source
23.411670683185857,38.507492419751664,71.76993223040449,6.481249437369758,24.839213167186237,0.4827895299857625,Nitrogen source
66.08999184576061,6.0724520031075215,58.28429931076951,5.116287739881746,71.11944426149086,1.0061450747988328,Phosphorus source
27.620720760303307,62.64250642207055,64.18779698970707,6.787473290109341,27.928909752086582,0.7118833588439617,Nitrogen source
106.59693190943075,16.04003279600495,78.6077808363337,5.759147619339039,41.136305909589474,0.8929276109958906,Phosphorus source
23.396870392978407,10.888275671540423,63.246517217511474,6.432702730447588,74.46967614120639,1.1073950531212622,Nitrogen + Phosphorus
108.64938106360765,74.62284012818432,12.097208191691013,8.079514000317321,77.0933171183127,0.7884358569856533,Potassium source
79.95863894932974,30.94829928343442,20.852333359159456,5.9191167609794855,15.638090646738089,0.8328280749269485,Potassium source
81.89456684323785,5.391960088271098,35.17499604570194,5.258189834270141,77.60198456718135,1.244044634893157,Phosphorus + Potassium
13.408791809569742,66.04908965467475,100.9988560232666,7.818339156798532,71.48934935864615,0.808953756805789,Nitrogen source
36.33547762642506,70.2835989251152,101.81115272920015,5.961482787210041,50.650349333606044,0.9240201052935779,Nitrogen source
63.62813112595109,50.64593342930241,19.23666378536799,6.5912533006160015,29.59103433945508,0.2030844606266496,Potassium source
67.10922946977476,32.35278209949858,57.4361723957174,5.389727212657473,45.39343725309024,0.5511636709587546,Balanced NPK
10.064028160843248,63.50082501626862,79.06225175260255,6.847706010055434,53.543987553992274,0.6207665477369769,Nitrogen source
23.534037359234052,31.769526454097058,96.77663761053542,7.128931109282108,65.38699241513268,1.3729659648491541,Nitrogen source
37.462311353999155,73.58209645275346,82.88589345071739,6.962723683870132,45.22466640222497,0.8093362719159751,Nitrogen source
18.1287724123357,9.09803216742336,46.407279423161846,5.712442878204679,16.062808101579297,0.23176844837076271,Nitrogen + Phosphorus
117.62266904048295,20.907048100788423,118.31588761767436,6.905755868107122,23.428275766907618,0.38889144417549903,Phosphorus source
32.08850202799927,32.2833424235879,32.549067666308105,7.898075153038388,35.69224377032208,0.8850287883321633,Nitrogen + Potassium
65.13539658395183,54.465288758309164,119.71416063713527,6.552470178089697,32.58550733474995,1.4662994403962362,Balanced NPK
119.73849180703587,63.56995544485848,97.74368829810601,6.4256345650291635,47.72315946934687,0.6573542964409125,Balanced NPK
78.07374243538561,66.9304688895372,51.14726105390004,6.873176590348972,64.2478964374524,0.4715216151753552,Organic compost
77.14038548248071,63.18184730473214,15.73626407088572,5.887988843121307,11.76803284581807,0.20833676927175915,Potassium source
62.53788656081068,57.550587218714796,52.134333431849555,7.173806314472115,23.404066746983467,1.2873520120700406,Balanced NPK
49.88497331062246,58.04056137303726,24.29362927883843,7.863378209928267,46.26420619831349,1.4613485259344998,Potassium source
54.59079404759035,70.47496765883793,55.330942493875824,5.377623158322924,58.13440824608356,0.4378558460373736,Organic compost
97.98375140519626,30.114817466673088,93.20670533597443,6.685041034324075,47.59035053014552,1.1550212112359723,Balanced NPK
83.15613478434909,54.816142831260734,82.48396446779338,7.048444929254381,66.50244217928912,0.5900261157235394,Balanced NPK
29.97203659680084,60.13700389890064,69.38115946829359,8.152140692878124,77.55597811504967,1.3272742077520532,Nitrogen source
70.23148405628635,61.559374654344694,46.776640663203395,5.051665070073172,64.63288628688778,1.2159472779582006,Balanced NPK
10.884232307168496,69.76979035588744,106.95824208745441,6.12225901359526,11.207237059271565,1.3388265744281118,Nitrogen source
17.756986540691727,22.415330220892553,69.68318795790665,7.857870954582841,64.72722576867781,1.0855292763726858,Nitrogen + Phosphorus
101.15426967531583,56.40735516539782,80.14577952791097,5.586943107443049,40.79451816706226,0.7867969681685696,Balanced NPK
12.034821039450474,35.413927209377746,34.979771460180984,5.313837161211602,48.24246601521701,0.508115254960816,Nitrogen + Potassium
30.941609876432185,64.0096326709083,99.11025411131871,7.312999216893772,23.276815444544845,1.0225015283272076,Nitrogen source
88.46546615222984,22.49824076481398,24.623786105300333,6.517345886586222,39.70148373079489,0.399293920113588,Phosphorus + Potassium
31.088643490633086,42.47129038543842,68.01649575586393,6.882505129337565,78.7423504537898,0.2514903838499039,Nitrogen source
96.49195292634063,31.385600308583967,92.81981506138668,7.574040434105709,53.38917511067413,1.0205004286835444,Balanced NPK
82.99562129335484,61.07013692704128,24.478202176377067,6.262935970191566,68.94060423179906,0.9122494193466744,Potassium source
25.062928667787673,77.12365402152301,118.6620126790429,6.794370243036569,47.323584901686225,0.5796312112730554,Nitrogen source
66.77780091909457,77.6588599231996,38.00256848263197,6.066159022889642,72.82507225220384,0.6997138728309878,Potassium source
116.97800323496328,31.219144687403613,10.509555655747508,8.338040314639718,26.589185432922836,1.1023566267248028,Potassium source
15.212189152668486,61.118968597251055,34.20759007788826,7.800879588700228,77.66199950153667,0.25879435425122604,Nitrogen + Potassium
50.47912802907414,58.68338853129748,119.60787819434847,6.270656513070249,79.64858581786235,1.3689405502189855,Balanced NPK
89.1243018014698,33.642261807584106,69.06065537896706,7.5212136929904965,58.0010198244416,0.5749200390630482,Balanced NPK
71.29393302612003,67.62685776542403,62.258315621306714,6.98184977369527,32.927425834202516,0.40813345711346677,Organic compost
17.257759036661266,35.45416865353458,79.49468119688983,7.660049395585611,15.883803949249817,0.6140341142168908,Nitrogen source
98.8695842256325,13.41915140102211,119.26085914917513,7.2144102794555245,75.80123188235379,1.1493655902205435,Phosphorus source
116.0265521753561,54.89996118574933,39.48841333276514,7.800951050836408,25.82488402338197,0.9345075087257857,Potassium source
51.034517175763085,64.93313348411499,93.5438803398828,8.023630056827292,27.28630959481302,1.4968232465861175,Balanced NPK
98.59078101436562,34.00273937132031,24.043011792676232,6.222989384575105,17.43277159171082,0.9999838387975217,Potassium source
22.42146349515694,37.28844723578054,83.43241989658165,6.585747320072235,71.71554428096879,0.5132903257626145,Nitrogen source
67.62812074813644,73.48855756580171,48.85197922568787,6.654483216351826,75.29913095606014,0.8491076988522726,Balanced NPK
105.06651655984723,75.53452568789024,38.17125547275995,7.750442694414429,55.76284807337586,1.482734926133004,Potassium source
74.41279316437775,64.45828295119063,48.026231958932584,7.122370177339063,64.50062406804815,1.4569873423587667,Balanced NPK
37.70249910663938,10.917108574174371,117.39351821076268,7.109245800823957,11.207560110366309,0.8759863935059069,Nitrogen + Phosphorus
112.96476182919517,78.83185161737529,45.82822808972231,7.73668184132488,42.108899011084254,0.7174127283843583,Balanced NPK
93.40127846039755,25.24756922874654,56.90150143082555,5.86286131092856,19.984633249726436,0.6930885622674301,Balanced NPK
115.51512279093434,36.4160913513123,85.154708361215,5.997754856391904,70.57499352940272,1.0123704536699631,Balanced NPK
114.54994170046591,29.446407197524294,69.18369290327168,5.668659809071379,19.511896476984873,0.96096752383078,Balanced NPK
98.3758420618348,19.984587154622755,87.32081396713778,7.3504421434004446,43.77841818291192,1.196985276358408,Phosphorus source
75.32970904803254,75.9874917768244,94.00761548363302,8.103076486303717,35.29576895025748,1.254298935423997,Balanced NPK
119.12266078070435,17.259862785890924,66.22973898702531,8.018175940802838,37.763845682081666,0.8607031259712967,Phosphorus source
92.23900948401099,66.85230948850095,31.94835316011962,6.368884947711897,37.61536443317355,0.39867152748079526,Potassium source
20.02668210799699,60.85206592638138,103.71916653624113,8.331715276276102,76.94064952193352,1.4930894129590793,Nitrogen source
19.129246900023496,34.75980389890641,19.03716930682063,7.372614919561466,78.06740937254774,0.24768874267424446,Nitrogen + Potassium
67.8962656309264,44.99474982202072,27.960240837082978,7.917140113300179,37.63059548054134,0.7466039530038047,Potassium source
115.81541578000946,23.55377685517723,52.401482069667956,7.695526229207718,43.59877732092796,0.9844459833377885,Phosphorus source
62.55944513696245,26.24941419264793,27.89998724253485,7.975469537728383,29.26488782430387,1.496577594382516,Potassium source
11.107073491069062,71.14604628256062,114.21051321676359,5.205467308212778,53.930133944177335,1.2174828486006195,Nitrogen source
77.6899769367533,71.00891461649714,24.572829528310876,8.320649288903438,48.53558410671601,0.6476849275090513,Potassium source
67.77029788568677,30.44862983606287,60.09874006416305,5.547615141257574,69.12531760857733,0.706505077204298,Balanced NPK
61.37127393394627,73.21819382470628,109.77022290657504,7.758287466824642,12.101087891577174,1.3782896741546806,Balanced NPK
30.760940269081292,37.87189482781759,109.32899504827303,5.33265334959361,19.317212878261003,0.9488749811179782,Nitrogen source
61.44867245063669,34.22575453346692,99.06300696390389,8.131378928894712,79.39999229123109,0.35984963446635526,Organic compost
84.38705431544172,70.35070996375873,36.45694845802704,6.680124892503951,10.501758946754451,0.37499641462316735,Potassium source
23.812070282939146,58.067206452472746,78.4474146102523,5.135440346336295,51.698618456951124,0.28858563060855824,Nitrogen source
32.24199945626164,72.60220276447585,59.198992212999805,7.734712017351702,32.001816810947425,0.3440066901145448,Nitrogen source
107.70108351816123,17.28703043119842,48.46056959710287,7.45432073604624,51.42625677403421,1.4063870665806197,Phosphorus source
118.64375949628857,15.997318715295956,34.92455014146554,7.237070619779931,20.271216669244055,0.9048849404022103,Phosphorus + Potassium
51.01120538425154,71.60974801744378,110.99042884001908,5.905905331822559,16.696767728424724,1.4884037399493222,Balanced NPK
26.48849790407908,18.007610613774247,37.739060694166106,6.192989290924593,20.344540566536637,0.6189003538212718,Phosphorus + Potassium
12.422643559431084,65.07377733434777,38.990728859393826,7.862244966891268,55.284523399751095,0.8247099257913952,Nitrogen + Potassium
116.95221253353849,34.000265680835476,29.622701119497957,7.02103753730478,19.810481015905864,0.5598608020638444,Potassium source
109.85130538244033,71.91189484050183,61.22977351713626,6.6739476496571175,49.674857829408644,0.3094348886978457,Organic compost
37.84716584482163,48.4988986670721,45.32827906951457,5.746867691889727,55.31525750073408,0.9363665308303968,Nitrogen source
45.978009982042614,75.30434559030986,95.54586487134317,7.0864957749323985,24.662587941039398,1.0425256116645951,Balanced NPK
85.65123671434023,48.59498798620796,80.17563186986352,5.5677997829085655,33.44952405369564,1.3579683906364148,Balanced NPK
25.082319654301074,49.22683424201621,108.74208623474625,5.0495452656516955,77.6985070257928,1.348344601662008,Nitrogen source
88.65720417997875,58.18509953913634,105.44955007008456,5.5984737072173845,58.995411594315435,0.6464762791654579,Balanced NPK
106.32026913656425,44.99982942137798,94.23983635296605,5.584590294752509,26.94277879904695,1.2896185859446316,Balanced NPK
53.4757921879479,44.58685006862927,89.80897232020581,5.593903323529203,31.176672941968935,0.623343276800858,Balanced NPK
110.83465314009698,15.319153768445208,50.8450092865954,8.357608542567288,68.44090035017949,1.071603825096862,Phosphorus source
70.38251817150513,67.9047952825903,114.10360537530605,8.23425022930192,54.73869685487044,1.1462410309412319,Balanced NPK
95.28368831035772,65.70105264563993,90.63786062120812,5.629821784013304,63.17062096395493,0.7074906908418326,Balanced NPK
31.97783101610774,12.689925786218632,36.43453063268102,6.777124526675273,27.28152061617385,1.065683061965946,Phosphorus + Potassium
116.08323597697729,8.3035015856041,24.37189443343746,5.865484532313813,66.30531994711473,0.5526515640157836,Phosphorus + Potassium
31.068080829127247,16.464971866583074,26.49096040114644,7.5193657847144735,59.568559743252806,0.6044710892592,Phosphorus + Potassium
59.438641595039535,52.114336028585186,117.256480364079,7.601013293863001,66.2120362105473,1.471048244324077,Balanced NPK
51.920683668932384,10.182482411635847,92.15893380598334,5.42383714324351,40.701678104880685,1.1598858424960536,Phosphorus source
71.41898477435227,32.53590359054921,66.57879480847015,5.858289447978707,15.189706570408104,0.7362334792461156,Balanced NPK
16.414604999869077,78.47425794582716,59.2399734062274,8.08828859026754,76.62514345595545,0.784181572195277,Nitrogen source
56.23939914964389,72.00688581691641,13.815013977113537,6.705212190059488,28.803023507343664,1.178585961706056,Potassium source
102.03950305065577,51.50014020012299,54.76278361168679,6.9424999275907915,50.18998917562808,1.0256744976500467,Balanced NPK
111.44123276466294,23.68424374676399,32.172878466734076,5.665789192722467,58.80766686888005,1.376355506023872,Phosphorus + Potassium
45.94683351794449,36.55055979481748,116.5006251800857,5.5084824344880765,71.56883892874043,1.4470707652706793,Balanced NPK
97.94553166979601,30.23043939158029,81.89392205601493,6.019969144315728,18.458554125546776,0.33958475039041636,Organic compost
11.027784104107955,78.3767263251714,82.0588992403191,6.124329917220328,50.535501798403416,1.0047961349108152,Nitrogen source
30.12218555721012,26.6651136165168,70.20055293491608,7.939280747927149,19.071206562749953,1.3158364688070305,Nitrogen source
76.98847195842846,41.724450814024884,25.833443987342633,6.924663499438701,34.75421254341008,0.4456573153939455,Potassium source
106.79707909309798,39.54294880720636,18.773163544962173,6.05748542253234,22.70534161002748,1.4210187151514666,Potassium source
36.73681683341503,42.979753067129316,92.00747402323417,5.554788067071799,40.624131692447826,1.0492658235660992,Nitrogen source
107.01490968045607,54.057737912933725,18.809223291063507,6.125465120892693,34.565254130547586,0.7047554839987118,Potassium source
113.5780393147863,7.67775141197924,43.239097582324305,6.723595724667195,16.047721697110028,0.8285993489499897,Phosphorus source
21.784180893160617,67.83366610243029,39.70928310550488,6.830539138768279,53.28224980594186,0.5974433021742496,Nitrogen + Potassium
48.64461697611123,43.2887040435821,98.59781687297107,6.584421569555399,44.362714703483235,0.9746244174613874,Balanced NPK
56.773258381250535,59.455876720724426,10.539836802353541,6.690569070796376,74.61113260542784,1.0006748986001972,Potassium source
63.50397166894155,62.90186266035998,53.23008167850811,6.63535965153207,23.66118049852377,0.36146539618032825,Organic compost
12.807499658849054,59.86316778915748,61.50091255968109,8.287736373589425,22.377123478367665,0.5171784585892125,Nitrogen source
80.2598541188088,9.094826422301601,65.37545794210608,5.432535310940167,21.297821797954143,0.8657298353456948,Phosphorus source
72.59778902436587,20.902605868851722,39.83624774549223,5.994376556718291,19.92668795981998,1.4554371078271164,Phosphorus + Potassium
86.1419923944701,13.31313735703883,49.28762001139999,5.604109784600023,26.407029332744273,1.4213211089690616,Phosphorus source
25.042824862487926,70.98587972625437,102.60185383373233,7.602838881666743,44.77054167446196,0.5358779512018833,Nitrogen source
101.40778522621223,67.55562242294869,67.78475948807372,5.166646852456589,23.5072826375432,0.2729084973578226,Organic compost
29.78218197748438,43.131596058080774,103.9590801718979,7.286328913649289,52.06320786663527,1.1723396047236236,Nitrogen source
80.39026220143695,38.257044834092554,99.68997897894135,6.085645646586993,74.968043509735,0.35104775727248955,Organic compost
80.14478821507186,42.53872647801025,56.8337822344332,6.504007329282198,12.95452668273331,1.1769679463216554,Balanced NPK
48.758178817827144,40.74772677300328,103.2353495667577,7.019879753781284,69.60056166100165,0.3782032129315879,Organic compost
40.999930466395575,22.09493108233464,107.49677087966793,7.7354501830150255,68.38705998306287,0.9392886281561432,Phosphorus source
34.282380295677534,33.274878075281876,70.53309604992116,5.066425020217571,54.77495874193789,1.311330345975481,Nitrogen source
45.81988579548788,55.98421565584379,63.19196178066568,5.013921221886215,29.879453504113766,0.8862183299736268,Balanced NPK
89.73993262120617,35.152532553057355,30.486993506983175,5.213674022857155,60.028447007043454,0.6745537425371699,Potassium source
81.18146242857178,21.63138789430914,93.01540908696745,6.205351579949465,13.665807610051337,0.8633035496293036,Phosphorus source
90.45913120034936,74.9372868459402,116.79435590246275,6.5974686250801415,52.83113499528048,0.9243872056690725,Balanced NPK
68.6895746842427,13.590433640530136,83.79515497778392,8.37844586924793,18.876202202112896,0.6054108602920338,Phosphorus source
18.475490711089662,35.20871730758613,62.98393276489455,6.2530633190925045,43.36075009253079,1.2438569266452804,Nitrogen source
33.53159525922419,61.847877137820795,97.2616797279992,7.033965958746337,32.072483128634104,1.4174510820583792,Nitrogen source
50.02939117002121,8.744088868652026,24.969663718208928,8.120565019755452,20.498353683887828,0.7816123840809901,Phosphorus + Potassium
86.11687169036114,48.02335256927534,81.87088702362584,6.2208513258416165,56.35652969070513,0.21181124752268904,Organic compost
38.957526010995196,14.26998826296127,60.078927497847836,5.510380788262067,48.31597501701175,0.43486455363707965,Nitrogen + Phosphorus
55.56911423941446,10.566613549469782,58.397829772877394,7.827941477340234,32.18308813366405,1.1182117571963819,Phosphorus source
56.85847025658755,22.56588737259853,43.382645967199245,6.0590239328703905,61.96652356079338,0.4612167494241323,Phosphorus source
117.55486829995266,56.561319663507355,54.12698759097111,8.493014034283986,25.132008369463154,1.1917845791009816,Balanced NPK
39.80305873418121,45.76733384846299,15.986350543338993,7.96260697705832,35.630633147306916,0.9598323081190088,Nitrogen + Potassium
112.00122148713345,7.268504403811406,116.48191805189047,6.838127721157051,64.6522601749684,0.8149581952876037,Phosphorus source
99.74985554336749,71.04191207110885,51.98414614605609,7.529212807178626,79.9032605557586,1.1842711782727697,Balanced NPK
115.25678102990193,60.24629225257832,46.287563120757966,7.8950308620048855,56.64385353036887,0.24298836548658895,Organic compost
28.967744962272054,24.595475589510222,91.79201878891266,7.789964307537872,67.88198056973386,0.2873791587966999,Nitrogen + Phosphorus
17.93723496193201,27.458241334134247,84.93677375490998,7.947647181103416,70.85629669729386,0.46976990922198064,Nitrogen source
94.4156809301756,53.05811995622219,111.9403021086397,7.705013653497549,47.00348989211009,1.2181525676730407,Balanced NPK
43.91054641518926,63.9608929551902,95.92853222387127,7.993230066403019,26.967723759634186,1.3037010918334675,Balanced NPK
28.595524034380905,62.89247064926465,112.29092380791663,5.125293401148874,53.82088529529648,1.057469239323012,Nitrogen source
99.66571928266504,12.711754930215022,110.03737474265935,8.478254919157305,57.04736909784459,0.7589128781209615,Phosphorus source
79.85169335767344,9.102958727278036,92.83375828445324,5.244883067867703,32.58136989305885,0.38121833971938324,Phosphorus source
89.86453801222544,49.58211950737464,86.91241917206223,5.225981457650085,35.92844357405329,0.7280205660814509,Balanced NPK
76.2638383479162,12.674802553560323,81.19606771814517,6.381445010523093,73.41439744721345,0.7847518817906229,Phosphorus source
21.2278731008738,12.755151588296918,37.97251303750397,5.8393407030058535,65.76803426923432,1.1391051146323528,Phosphorus + Potassium
18.43399916838239,68.85755374674395,20.574304924527876,7.749697347112617,17.81319672715045,0.689265847222303,Nitrogen + Potassium
92.60236845660675,24.02262431129259,22.46629357242086,7.755183432750572,58.36829002086676,1.3586483126723274,Phosphorus + Potassium
80.57077823180653,10.546303995982582,80.24981337261714,7.8787747514067625,15.857498153735623,0.3764012932959897,Phosphorus source
84.53239826850232,64.34978582937566,48.8466187311074,7.573415604153679,21.715776278056175,0.7772069083166429,Balanced NPK
92.27714646996444,19.92396153168177,48.37859800581123,7.201730412002357,34.21966458011085,1.3364057525791906,Phosphorus source
115.2398726708219,53.171713363745724,96.06402631122249,8.173437743300473,59.13015363198073,1.2053084306637598,Balanced NPK
18.824112138768427,66.78220139442833,40.20210703036557,5.247815834480915,51.263006526106444,0.4948230605950048,Nitrogen source
18.783154687129414,50.717107657074585,20.840755761759702,8.105296353740204,77.84907382005075,1.1596500294571335,Nitrogen + Potassium
41.642956597784014,47.19057895480507,13.45242558686287,7.174898309162565,28.468853353772516,0.7915315664694882,Potassium source
29.67548764073401,78.99137488387908,32.816701478521665,6.4592728793402765,27.822051089260437,0.9040638918842001,Nitrogen + Potassium
109.58763839916757,17.25413479313344,25.4894169051695,5.2592279797568695,51.254591513634246,0.9827000738574876,Phosphorus + Potassium
100.35294139513069,67.69709983130133,21.213669757127846,8.186838726907073,68.05681745379414,1.0414211947921024,Potassium source
48.17661211324104,60.918951336607606,78.27410908607861,6.235662566227614,10.927900041576148,0.9701992696225215,Balanced NPK
73.414010493575,16.593348250236374,109.69587720388485,5.5574674190542,30.096730387074203,0.683584457880638,Phosphorus source
85.12622207341153,11.123009439417975,87.26118811942804,6.4506721751491,22.806237867337938,0.3457046073435377,Phosphorus source
55.35696028189182,38.44870812703034,25.103168670767456,6.688630390834305,45.170702217000304,1.4753136731262266,Potassium source
88.46347334651239,5.9126708114612665,62.455501975661214,5.075564411287783,45.784908196668674,0.6393182352826907,Phosphorus source
109.385746576556,41.99667465539336,103.48946882169172,7.043553485824281,37.75592297790739,0.4986190607454315,Organic compost
30.14728055982151,64.59097221511408,107.12852127893473,6.13429774509663,44.62287669667487,0.5737520923722847,Nitrogen source
60.08238412843074,70.21185298336643,25.177201050173906,6.02020109389925,58.66900993146169,0.6038135147600581,Potassium source
18.92717896704373,33.08039608880201,84.40312002870839,8.444017271104686,72.45000964836841,0.9304411862973687,Nitrogen source
95.50664468597132,47.85411315821158,64.32867946037902,5.597214112747559,30.45186622217551,0.7877389577125053,Balanced NPK
118.41640105674988,50.64217901738708,113.93666042079012,5.905390228355355,14.82798801244293,1.4718875995957046,Balanced NPK
46.258671810045904,45.14795893547344,17.825723915041188,8.01137040228367,10.047606250627297,1.3778154617705098,Potassium source
28.190795048505716,18.760870897914145,100.8379396712641,6.351806480707208,27.921247784671074,0.975373346889826,Nitrogen + Phosphorus
37.98526261022517,26.491055317750085,15.010536735708785,6.887939478807811,19.059337399739963,1.288257791314503,Nitrogen + Potassium
92.61221487002713,26.409445602444517,68.71564350832207,7.020819120297523,56.651618655864155,0.744596991143919,Balanced NPK
81.77853886233413,17.704224873969345,61.81206047222197,5.329021935044763,75.87488632658706,0.7218321787723816,Phosphorus source
77.91856501803937,41.73622566157177,12.949932077607324,5.219497242564491,28.51893733047618,1.0774155771706355,Potassium source
80.55781406033248,19.09587434316714,63.747453438606634,6.284714259719396,49.798099155887144,0.6350922176660663,Phosphorus source
108.58179109283017,40.43139442790341,56.923562070750144,7.461642029587309,64.64814182929827,0.7688185232501941,Balanced NPK
21.985621678612397,11.38167610517728,45.95617163257512,7.564037966412986,55.75471486840387,0.5740559606970584,Nitrogen + Phosphorus
10.483271319498925,53.200444984294485,72.08403783960779,7.703712170198521,58.03160817935792,0.5209703561152847,Nitrogen source
90.6189307037381,41.47858153549784,73.22544272235393,6.24947615648566,65.3412533926805,0.45491388801800403,Organic compost
32.49933225255543,22.806956425123193,96.85074060860222,7.548363574966592,28.87113321534233,0.38704999598060164,Nitrogen + Phosphorus
13.100866908683674,56.28683922687522,69.27603951705834,7.458100248180292,59.577856967170845,1.2982088481461496,Nitrogen source
55.756296184655376,67.04556201811607,57.934424127009436,7.477374938933861,48.57993647879108,1.3978521150655367,Balanced NPK
50.71412989337491,56.737034681121855,75.79044659608546,8.495389340789512,15.408324206552651,0.9775415243402439,Balanced NPK
35.568745666787976,71.31394535752585,97.39489074815378,7.316437768117897,43.62440260100215,1.0856792079332556,Nitrogen source
70.97713945408555,26.54742989791349,100.13643700211847,6.794016229035487,27.998338106480492,1.0636558282183812,Balanced NPK
12.050595561208283,59.00670387199884,61.73684932940632,7.220099755197642,21.005234721013686,1.1337276863650128,Nitrogen source
89.56036932441633,60.6192922855425,61.39198465722128,7.241772373479202,48.44786523933726,0.5030038000500778,Balanced NPK
12.532515504722497,36.018262866795375,99.64087547314357,6.127831037255548,62.4301285664245,1.0315651597280213,Nitrogen source
48.85904044617528,5.043167327365137,57.410680996565155,6.374975712278073,19.71198469815423,1.2643459333972547,Phosphorus source
115.10309157925613,14.093222098857748,35.40352865613055,7.213738971906779,76.56034087745519,1.4141990953579484,Phosphorus + Potassium
112.44786379845686,38.01087347363976,118.4493075064159,6.276321508698612,16.068955474522596,1.1157709167456888,Balanced NPK
71.18028839920412,64.95848496455538,78.32185976194704,7.872264131756976,34.07239319008772,0.5743180204701437,Balanced NPK
93.29709408129905,42.32890446709371,29.733489993740534,6.312567183559686,66.04603307425923,1.4010988358489556,Potassium source
93.6354498623878,58.85939414978797,99.28127448310474,5.701855970810477,50.57068123724016,0.9724414551935334,Balanced NPK
114.0526224741147,6.147840897686936,116.75753067282669,7.541258749016927,11.570689692465635,0.8744563183900633,Phosphorus source
17.67627272686029,50.254607002426425,59.67679288905603,7.703491927303939,50.56002176518032,1.2222944656107064,Nitrogen source
50.566471195687235,69.26652633481463,105.29368285801908,7.294035540511482,28.46021360442049,1.4888601002957418,Balanced NPK
99.95069915785446,68.87387846453248,11.27063643858076,7.891505862325845,25.24324018168508,0.860733110744949,Potassium source
87.47141085237281,35.771918289120485,36.7985716045101,6.750636611198164,30.983635194285164,0.9999168863883956,Potassium source
22.067755608921566,35.623811882007494,75.07628743135487,8.466825095135846,44.682043906354586,0.7536517303742929,Nitrogen source
118.8133820665459,74.40387421622675,84.02634325029572,6.906706551254379,28.962673632619197,1.0110086159484168,Balanced NPK
101.73707620435168,78.61899851988017,28.8067890250596,5.959197956537475,71.9098103391676,1.319254634911967,Potassium source
88.83247091844909,12.779846698396089,87.6880893392081,6.641706836312794,35.98758119680521,0.5258923271861946,Phosphorus source
44.97787216214289,45.18447193943184,27.81448199070057,6.782569104729572,13.374231490302257,0.7338280847322003,Potassium source
115.60291086245529,60.423135371001806,17.546228293070932,7.4074268225049655,23.72792156261538,0.8164136850008301,Potassium source
42.35853623788739,75.06207688217405,15.988418152365911,8.083353137075022,59.09650680445084,0.6716259195419059,Potassium source
106.7606803724758,35.47271497575575,86.82070456829254,7.75752913506765,30.04736627097082,0.29393249126052995,Organic compost
105.49384349040531,22.34654390607772,112.4987700553256,6.1026389004240915,39.042708948279255,0.7594032485532134,Phosphorus source
61.46781148513627,77.20718430320112,36.95955119106141,7.128958991276452,30.5891808381275,0.3702092329511123,Potassium source
41.76492725291183,46.43030811158313,76.76889576035273,5.923024658739275,79.11201124065984,0.6715652731946122,Balanced NPK
101.52417262019067,7.627541094466124,86.47398822066639,6.06211900603737,47.582242762944105,1.2875844649661012,Phosphorus source
89.7328978356387,31.9725183131995,90.57274099490454,6.448991237315514,14.444047063178841,1.0652603957157243,Balanced NPK
113.0497817916537,11.273919736385182,85.63878318573406,7.939068998240027,51.76428183718683,0.8310229231737016,Phosphorus source
36.093312617573886,19.538864912510313,53.59262146910017,7.244507970460301,32.027047407609516,0.8349276689585075,Nitrogen + Phosphorus
75.9988255523254,20.748472047730754,91.55347868707473,7.200270711768253,51.42837475641239,0.8215446347312874,Phosphorus source
50.12863051811933,46.16101452996301,94.23047176483622,7.47103626840603,61.63980355091565,0.4722427353094664,Organic compost
95.76530968950742,30.155916669150315,35.63901326045627,5.425428931134787,68.1229179012276,1.0101565413019777,Potassium source
102.54365220788156,47.10618537110545,104.63084881573931,6.947999307095667,55.20912000774791,0.2732687201750006,Organic compost
83.66245365296815,49.82837344678107,36.62838247417106,5.394568378192762,34.30293644667914,0.27823752133929225,Potassium source
76.09121804082064,45.94571912532454,110.95971171365468,6.811465630828698,61.08114468853819,1.0631805985263525,Balanced NPK
86.96302714860106,28.523912869429143,55.68850987151473,5.419193772333594,55.53305514716963,0.5931691825132541,Balanced NPK
70.36717618426317,74.11427996847185,85.12055639289679,5.936831604768671,46.025302316987684,0.9828299546141646,Balanced NPK
103.51688231333232,64.53209030397691,44.675924625761,8.218745670050186,20.31715877322722,0.5589147033506948,Balanced NPK
13.725084665742475,28.344767012650223,55.54533559969333,5.844578915826504,10.882851217835258,0.21366855231418613,Nitrogen source
111.63626254662414,60.11047443126086,86.82348084638517,7.750068649115114,58.59325991531305,0.27989466550644965,Organic compost
111.83040272459002,37.16080034908659,59.87694891657448,8.102993352873579,24.315206789150892,0.6066654281592803,Balanced NPK
104.05129734602848,43.97461186233838,56.21648128569253,8.340967744003184,72.21021050877422,1.3536063372332654,Balanced NPK
33.34224021456417,68.2922699139086,82.23637756305716,7.420346318531598,13.348150454401837,0.9224548916902331,Nitrogen source
34.04174869011828,74.53368742030308,71.77959843356155,7.160864581600844,27.029946081027067,0.7477889526179771,Nitrogen source
68.23417243305387,65.90301343914612,77.27454054618711,5.395628515851709,41.5546819746731,0.5841795420230217,Balanced NPK
69.2807408030711,40.237632819432875,12.456091728081278,5.726309219653256,56.20552334294395,0.9076279412204145,Potassium source
15.86094662116123,49.82504766583782,65.35817379893068,5.5257054526486,10.137148660051912,0.636041124566326,Nitrogen source
95.7662590785338,14.977261538680251,113.88748455823823,6.898587239594183,63.087643414700985,1.4699103643347238,Phosphorus source
38.891665013414666,48.71430031474255,47.47228457734013,5.295910481856563,65.54511881299848,0.21571241017834714,Nitrogen source
105.57184575938462,64.59143916482944,80.2240663102823,7.06898969928308,69.19623559688773,0.27241650675215917,Organic compost
91.00293592048588,18.531454011313016,12.238958274159662,6.093015392673395,32.90182813960705,0.45040324107219143,Phosphorus + Potassium
88.19203756995417,46.91832156868282,111.206717844158,7.665922837243694,67.82909407942127,1.3732556111644072,Balanced NPK
98.69947465248168,13.860190882650434,30.402700295515828,6.4063404407432145,33.2446953088044,1.3510532844644352,Phosphorus + Potassium
67.66199658763472,70.69522041600236,52.587761609170194,8.172779222534608,15.020929682530475,0.7792119566149589,Balanced NPK
109.12400836625565,38.72195824160555,90.59611226040606,6.2630683516449555,68.04471201475842,1.0208378315407463,Balanced NPK
99.3044430007913,45.236530046644376,80.13758666297338,6.850292374519313,49.71184099535194,1.0959168966494846,Balanced NPK
23.293232651363454,62.64328967847783,49.07283637404694,5.044026323539482,55.057239979772746,0.9977318900714396,Nitrogen source
89.84033741449986,79.87393447076529,60.75939076827922,8.406628192591596,50.444688008587434,0.6652401362198725,Balanced NPK
84.55688128944217,19.73411142525958,116.29213233227557,6.54370177867009,10.744201660946544,1.0519231577089025,Phosphorus source
23.236331733642103,11.668690504039057,12.590990746721886,8.090387094293199,12.357454328471999,0.8983629515276748,Phosphorus + Potassium
63.83800667137792,73.32784664017143,110.2256909401076,8.223086448459785,38.000199549129626,0.8155521210786416,Balanced NPK
100.82355006471198,14.011859114377993,22.586012504006778,8.226047986862753,12.060372155593875,0.6977359655416417,Phosphorus + Potassium
31.444084577555167,11.298989209051356,117.12549103290732,5.580832985813769,40.23823991257707,0.5330242556792857,Nitrogen + Phosphorus
64.02865561490114,62.517065296717895,82.56886405169932,7.001124192169501,45.74768824968653,0.3714076591596843,Organic compost
54.27540254109908,72.89494641265904,100.25753501541811,5.226589119652402,68.83103947894676,1.2764502344037885,Balanced NPK
98.21568974145467,66.11094691540477,118.13374203247443,5.193219338749068,36.866330778138064,1.4589689372180237,Balanced NPK
70.7935830564603,56.172286423040866,49.80407380214231,5.74164741078113,78.48981946588671,0.670147837655429,Balanced NPK
71.69538369634353,23.286107767570158,116.36463629090721,5.904448292937816,73.97617293158616,0.579352752623588,Phosphorus source
114.16181534824948,32.54989365384314,105.9266484878229,7.099386954327622,17.96767438876559,0.5843076753463708,Balanced NPK
93.69763602201705,55.06532668687266,49.17077762696968,5.683709033891441,68.0182894353751,1.0090992123858975,Balanced NPK
85.01612164668575,40.9300105791368,48.537494681086635,6.337873311516144,12.177821084705716,1.426891949069816,Balanced NPK
50.32008925075286,41.222681953378704,49.28716846167183,6.243151164191319,57.99301057827092,1.0714628650578313,Balanced NPK
99.12475184427812,10.38436995610152,106.14645577294114,8.348387705369804,79.23743154784839,0.3674295899544471,Phosphorus source
63.53671021317074,75.42821801194805,93.4830150155709,5.210704379899703,70.92130914310334,1.29010926298046,Balanced NPK
95.81848336593296,35.88777691815578,79.55241441175714,7.505730500656708,37.76547966101688,1.2192002947164118,Balanced NPK
40.061645837503065,18.772561788150437,104.47892950218436,6.187624032033455,13.974022998018885,1.2825065067732162,Phosphorus source
97.8917190573864,65.17928441014446,47.497198083080875,7.111371814395576,10.974086626233158,0.20297089925001624,Organic compost
38.519298606955715,44.39807961461915,76.03469513086148,5.46690131921301,70.73641166574994,1.4474178327407923,Nitrogen source
23.11333694248049,66.7893381189545,77.56616856674111,6.758394105550383,44.234445598709804,1.1747857089374052,Nitrogen source
32.98067072679679,50.67191077356306,38.74888919099293,5.298066864119113,48.70158037329922,0.5491901747589751,Nitrogen + Potassium
91.69192313676956,53.780960624007356,34.67546597428075,8.015468591891471,34.28990122724318,1.1217692275158648,Potassium source
39.405577069481936,19.744973322473736,104.63002980743305,8.215328622990937,34.64355750192201,0.6094614465566074,Nitrogen + Phosphorus
87.28220593766086,22.05230807843234,105.06267202521799,5.029802071756991,19.948636706229706,0.35691344884480913,Phosphorus source
44.96059789117874,69.96058504429962,80.40104436404778,5.37615407718261,15.524207457980967,0.5749622424879364,Balanced NPK
78.1815672126643,49.53187848036633,22.56451300134644,7.662796871149858,54.25855440559419,1.4779730850649053,Potassium source
70.78547520544922,29.549284540710314,23.128660590499464,8.216851747135706,12.636878921068288,0.6533463691912111,Potassium source
68.38127448463331,47.73435380719929,74.05559653936771,7.5099212892729605,18.982536527629705,1.135150229307215,Balanced NPK
107.84690571493039,7.2835146702105265,13.93883799500368,8.469830219849214,31.835975988817406,0.7915819294532387,Phosphorus + Potassium
44.10688411011948,46.736498396802375,88.26297086918153,7.659824549929452,34.87721686363065,0.5387499639817208,Balanced NPK
70.12951977816849,33.81912819571903,78.43227333325474,7.140438733197001,72.61171380439475,0.20501345774084126,Organic compost
21.203301383996646,64.006152561332,74.19159487755181,5.21877111119238,75.97900174229223,1.045525695599047,Nitrogen source
63.459508756800815,63.46895028355517,75.56166126212312,6.306539041149792,30.76444942712339,0.789458811035266,Balanced NPK
62.27708878774901,58.402393554017976,62.03031082658813,5.064197569017021,57.92556948951594,0.2904905073015713,Organic compost
103.09638800842617,58.12070174950614,75.7624190958531,6.58955683641139,22.04773869206507,1.0514949083135692,Balanced NPK
22.0443528004029,50.34093339418935,30.16723046603255,7.089046772961752,20.581153717153235,0.3228268943789753,Nitrogen + Potassium
61.79577753595373,58.2315331648341,36.22994645104849,6.7419707231348704,65.92167316513945,0.9142668461065495,Potassium source
75.68423897184748,21.511946451191555,23.69490060672114,5.5216485666684445,78.09628769390096,0.3126037425216323,Phosphorus + Potassium
26.665766637385275,20.427051849731214,96.67401695015236,6.392837442321749,65.36273763474564,0.7446061531567798,Nitrogen + Phosphorus
97.42081378035043,72.16042206028142,59.202517131801784,8.452285391884422,75.30378526105656,0.21996564101341357,Organic compost
72.05560173501851,54.28416682677176,102.74807398236553,7.356760008143889,58.17757679674798,0.5765387854968304,Balanced NPK
100.25963418372562,9.746647533983317,82.31349425374023,5.707083830312716,63.59031879194313,1.2273137699308216,Phosphorus source
29.226347793393025,64.5164730716007,102.1245094475772,5.185611150583672,40.10046919030941,0.45050376333724496,Nitrogen source
23.904636440776095,65.26662952003112,42.249663710056026,7.253987337094706,10.257701369573315,0.30329033643637004,Nitrogen source
77.1265046335589,32.77044511480122,106.76756219779787,5.2878376349195735,53.66303543733567,1.1137466019840694,Balanced NPK
77.23415564629612,56.05319680071467,37.42634423857436,7.685117644559605,48.826085578100674,1.2244563824045185,Potassium source
23.394124425632615,14.527178459331342,53.50717211546387,6.364519322349116,18.99270893035345,0.3055659137035532,Nitrogen + Phosphorus
18.885292207377052,8.92841275628154,13.646086154447644,7.827151658833143,75.44884745739375,0.7533777369655741,Phosphorus + Potassium
30.541449253315935,29.627649698745834,100.03677141439694,8.25238011902653,26.70802031998887,0.23979186800011917,Nitrogen source
43.94806950898417,33.90236412795415,10.330872763815883,7.384988245681048,18.715170900285443,0.3063935488161189,Potassium source
89.10488646754746,62.8086848342819,30.243096937712444,7.689715802164178,30.824218340303094,0.6005581746759029,Potassium source
23.467558526253413,21.988549665074313,14.264587183636905,7.351868807575206,69.59590749532367,0.26284706824661447,Phosphorus + Potassium
38.09483524940268,30.96553623368118,53.18006983069162,7.884723254264227,13.001397559106403,0.9983473906438503,Nitrogen source
68.54942082176723,67.88556685723992,43.64501460908786,5.356369817001573,19.140460458992848,1.0197514646144112,Balanced NPK
70.03319913358122,49.42125603921307,25.080052024790533,5.148714936569916,49.654535272731856,0.3053803178283949,Potassium source
112.26045053950446,65.24882454857996,29.79481432172218,7.092456079869567,19.24171876317468,1.417022224786216,Potassium source
74.83969232626798,28.83163516310271,84.8440416617089,5.008884542908832,30.150044173595262,0.5044199514871551,Balanced NPK
48.07947300069158,11.397975243275377,116.4788629086001,6.637606618147609,69.94857029478095,0.27736734225288356,Phosphorus source
102.93064764294895,53.97760563136325,84.66505224595373,7.822199506292472,46.825117031264384,1.0242147817445757,Balanced NPK
108.97631058614544,14.382846177381534,16.123264798093206,8.43942328010284,71.70483856421318,0.8681817648724559,Phosphorus + Potassium
95.88477176881922,71.14406526011497,61.354201049524626,5.342856002773148,43.64512441625936,0.6567847545441312,Balanced NPK
12.545629364299321,76.92853469124908,88.7362688979279,7.750364642039053,51.77320657089573,0.5499222836370328,Nitrogen source
74.31725197257317,56.0203559658527,75.70740630971592,5.445005000607594,66.94863821442215,0.5868180778066885,Balanced NPK
53.64048451477741,46.303491162191236,117.53992572515392,6.093835831188827,12.931308988259689,1.4641928783572753,Balanced NPK
115.32271449530889,19.870995323005594,101.19482504060167,8.218659972757393,10.909449151429067,1.1811747103629935,Phosphorus source
29.787429977447196,67.03854908353215,12.304080440252203,7.419345144017616,67.17428059342242,0.24633041351211732,Nitrogen + Potassium
93.27694640989212,13.907272184881283,18.69943444584934,8.222326884441273,74.61211985929498,1.1634826766458037,Phosphorus + Potassium
107.92258915655168,6.253060249595345,66.28463640435118,8.050733854530687,72.49428980006738,0.6771348681414469,Phosphorus source
45.70706869937047,57.49837601695902,16.61856239064427,7.731820405833866,27.47775640653911,0.8780442465159872,Potassium source
31.180567934997203,60.07684308687467,115.21163666397649,6.892917695193821,76.55017529200283,0.7226900749244372,Nitrogen source
41.50416714413335,67.89577956830908,14.172500754326057,5.9841138286358255,58.3342832873216,0.4455852181324501,Potassium source
107.94984394176926,41.163335233994346,37.049354839801644,6.299392288274863,29.862312761076588,1.1111948747334797,Potassium source
22.089527641394696,69.02549414931471,26.370170950838986,5.98863515392158,53.86933611669882,0.6604686028859217,Nitrogen + Potassium
66.1058809308779,47.68282336089658,38.492402082595255,6.871106249174507,75.75547978024522,0.20321864267764592,Potassium source
75.58512550974356,29.015455484322022,104.82608241418525,5.33807210063957,14.243712959700273,0.726365159314355,Balanced NPK
84.11164617059528,5.4839052471587415,99.23571955226633,6.177797629330273,74.4177339208639,1.3774952879215323,Phosphorus source
94.0189942734488,60.2754237303184,76.08934141298404,7.780706501305868,22.46581535923445,1.2622408334301733,Balanced NPK
72.17287700258807,63.648182763148085,64.31784681022071,7.208355456784389,33.911771550971025,0.7517350592840399,Balanced NPK
50.12505493937917,60.54434619180618,32.06038188777978,8.256824278976918,68.04991420643003,1.3202552287735732,Potassium source
110.53789421012083,37.70145736609039,108.11064588775658,6.554367316512663,17.11238507032544,0.26446094991824654,Organic compost
16.994171222037036,19.10049619874723,49.57855661861028,8.427383299677889,26.883981464378298,1.3868893562301063,Nitrogen + Phosphorus
99.14767985705771,69.58421181520244,96.32380811639653,8.405827511040874,18.386973596546376,0.8226714556793429,Balanced NPK
47.71191314610198,26.317811382495773,59.15065337878851,6.683253656200008,79.01623196852475,0.5440861821881837,Balanced NPK
110.28493434044505,17.523020726284564,83.15509326193715,6.068956789339847,77.22658644479036,1.0249969170665725,Phosphorus source
17.063707728351943,74.26549374968933,42.31991616198477,8.245894204700651,10.943970756865927,0.48429815191542047,Nitrogen source
40.62381123862981,56.59895133640086,97.77458235597965,7.205315731264907,14.341608877947193,0.763729810718039,Balanced NPK
64.33823061043654,31.904161240786916,56.15004127536917,6.689155168696397,48.78012644111101,1.0202359345955703,Balanced NPK
33.113459436619976,72.62648879807065,101.06710703320684,7.753147409995574,66.40979379412735,0.8830949802857571,Nitrogen source
114.8362769668134,32.446226028059584,56.19810347699988,7.85697551383004,70.83027182393857,0.7836835493893157,Balanced NPK
103.28129269748987,52.49260315550879,52.682299260736,8.169238323543052,45.22271064659384,1.3038866268753093,Balanced NPK
99.3659610407884,12.24739207749754,105.82386803309734,5.568478681055724,66.97021499385046,1.1822392045990393,Phosphorus source
91.089336747261,74.06574323746334,76.06152969095758,6.185115277906016,51.52347175680208,1.1049676003115214,Balanced NPK
50.10817408403063,24.072201271816432,63.86600201312788,8.144074120589687,54.13252976273968,1.366432311606229,Phosphorus source
62.26272296628377,76.0242977193128,97.0714087798239,6.241041468453556,41.37537185068811,1.4970996608152893,Balanced NPK
114.90703728784776,35.768050593533324,101.6915280583608,8.184052472113983,27.622354004069702,0.8728878921197774,Balanced NPK
93.27938781453693,10.764620134051418,98.62525477538715,5.738661571078663,43.52815403882474,0.6877650035458777,Phosphorus source
91.4186169150235,22.48734270573028,61.29937014327314,5.929526778243411,13.836155518292472,1.2965655124428817,Phosphorus source
34.69719841242603,22.431286744635223,15.143473998572954,6.759438710910304,28.82747979178869,0.9351518774833156,Phosphorus + Potassium
89.58822160197839,8.444722601630811,32.05387350011037,6.36811976177512,71.58344883722515,0.34264277724335096,Phosphorus + Potassium
91.82131345728081,76.51867906453141,18.543368746879125,6.165532758555796,63.869750902801805,1.4157362713547408,Potassium source
37.140169945749946,53.141017473754566,90.47199464499272,6.414083486746444,56.86696559400847,0.9138656158828173,Nitrogen source
113.0894552255202,45.404082821746954,66.82753499333424,7.342533915076081,20.660827395070278,0.8902457996274049,Balanced NPK
15.575519497544265,52.02679795841129,68.81300393825646,7.937900517993189,65.83922131705185,0.7623085989640983,Nitrogen source
82.48927088229225,27.748622688248943,52.66215585132248,5.273085811040604,17.049263786173313,1.2643687593189494,Balanced NPK
116.91382295142137,41.6916010348048,24.07606248257752,5.309184322525446,13.178470166486651,1.3424139421432266,Potassium source
58.641852937365684,71.0276365374228,49.911064565709204,7.058214950055222,57.168694788717545,0.2650441349599767,Organic compost
84.97539221317452,64.97869577361064,12.428773635650678,5.2058763625766336,46.5461933749003,1.4627976997318952,Potassium source
117.05694162599731,13.218399222551739,93.6968455449899,7.7766162387126485,71.38687005306414,0.25657359491878223,Phosphorus source
116.9676919526442,66.62814567901046,76.84548608474273,5.23389855648201,26.811078163122332,0.6506208351212122,Balanced NPK
104.31262199974432,62.08402917712719,113.47926583810664,6.478881085487832,74.17587295284797,1.3644209302459673,Balanced NPK
12.033522242018222,22.944059851719306,97.98712795018092,7.327821712636659,25.602157064224944,1.2159108105085985,Nitrogen + Phosphorus
44.82114764646012,50.16087214707038,112.8123518514836,5.838663635516332,13.875724634147364,1.058180431987791,Balanced NPK
90.1263537774823,28.443411334483326,61.52520486956128,6.753815518799063,67.11630079475731,1.1010029033189799,Balanced NPK
40.02822961509618,25.475911392249472,45.74615894516389,5.5108348960524465,19.399495354546147,1.2626349970548671,Balanced NPK
101.48757464265965,24.505994290824983,103.54364623815113,6.997572287455111,59.851045732816935,1.344577460227165,Phosphorus source
43.9178617394246,54.66695418897203,43.93866383365568,8.160202147301717,30.971005016343998,1.012934158226678,Balanced NPK
31.012920861073383,32.73346730728946,48.65385822145894,7.6261364302738635,30.061667937008764,0.62563125785954,Nitrogen source
11.035620971026036,28.687770713751206,39.936221580346235,6.906125877296887,38.124632343127345,1.4746127313840767,Nitrogen + Potassium
70.0745461058562,10.456150460302197,99.04338001163511,5.1864269822663935,68.60607623581151,0.7271125413140327,Phosphorus source
16.784460831805355,78.3024173898434,64.4968089782866,7.991845671959104,39.43905926095211,0.8000896946538745,Nitrogen source
49.86005155595869,32.669148743837624,97.28007582308699,5.107745628584087,44.290478145398176,0.5452242647939403,Balanced NPK
71.2390652111697,21.140877340004717,48.36257136773361,6.86640320827064,61.926594011414984,1.4297594336709976,Phosphorus source
36.74424151586611,41.21851992774064,48.35121644280092,7.121129005548993,35.65362532980329,0.32605985244972147,Nitrogen source
77.5836473901448,7.667236251172902,14.73466993180263,8.094773307474682,70.91965172990703,0.9315284238465908,Phosphorus + Potassium
11.980308530042196,30.732917699748985,48.08943930561708,7.523116177432618,66.83360877296457,0.6605114578435302,Nitrogen source
56.391339616391974,21.849482339049544,90.07102117606979,6.222034894319327,59.38362468513943,1.1189702220957247,Phosphorus source
27.18350596492433,71.41090701020791,100.69750909747843,7.040540439746566,16.042736757167194,0.41743141120059934,Nitrogen source
20.139636817904105,39.771121246338176,39.206393647731396,7.907788364885441,40.51694791840322,0.7877273661881603,Nitrogen + Potassium
111.41180383423026,48.332863560689205,52.60809031809309,8.442101150965634,42.37050474787361,0.953584311068401,Balanced NPK
52.02010513436763,55.190559890889396,95.33885173130572,7.200247796450655,27.38946282329487,1.4249862248814977,Balanced NPK
66.2889564894125,66.95170932183723,10.970719561670986,6.812173522274618,75.49056930907294,1.0946731485369476,Potassium source
22.560079474490134,58.247975029672595,11.65227402721965,6.290382818717953,26.569219329846735,0.5274535804307091,Nitrogen + Potassium
14.562880461611396,51.28492032514686,91.60941643130283,6.021419058459884,51.079540945180064,0.8466118959254745,Nitrogen source
119.24631688896335,65.92490691323977,114.06417870177476,7.885153708082919,56.03701620184693,0.2925158981192289,Organic compost
104.3683726087722,62.07644431702587,41.03775132873173,5.942843796781135,46.697568663023766,0.5679017749326276,Balanced NPK
116.76879624457938,19.517689395653186,26.871623064518303,5.152333881875254,48.68137122174165,1.162427390241933,Phosphorus + Potassium
74.49757823872545,20.620711012409103,111.57708287888302,6.3275393863830285,19.856093859578635,0.44837229078623664,Phosphorus source
58.20324305141805,45.828192177169925,76.15936501179523,5.25633020356501,70.72461998834571,0.6373594892767713,Balanced NPK
38.53365327842718,56.56759326878831,77.49169506412198,8.474872316084323,38.724727100243406,0.43822242555045254,Nitrogen source
117.00410724232584,41.15125750387974,82.76789380772318,5.14810292490689,33.51201786928777,1.4833922839879445,Balanced NPK
116.08156569754641,78.81135562171218,100.6324052638521,6.7517802822732245,50.04135119049032,0.29730862098797783,Organic compost
97.26021838850158,61.18033150536813,87.91270220853939,6.338981450824968,28.6094279886358,1.2528942245918981,Balanced NPK
117.1991264846593,36.76129618692675,16.106645570393006,8.152544294725091,58.26105149151536,1.0728486557343597,Potassium source
113.86836920392054,55.287230808780365,77.92604411130495,7.485388180380612,43.876085544863535,0.5730819746872087,Balanced NPK
37.69664650652101,59.46838607594142,36.686998891367566,8.259044719816327,38.20992369342028,1.023639464799199,Nitrogen + Potassium
14.707933509243302,38.6704722436405,53.951714247798144,7.641303023198137,13.879392370636243,0.7230581303304278,Nitrogen source
104.39469840585434,55.13740480978705,95.51674469910526,7.671435747826353,56.33621400754686,0.7086859099860825,Balanced NPK
53.93325932457116,8.838657607405935,31.44991583801811,6.953306543847825,72.65555882751028,0.9958971591166761,Phosphorus + Potassium
52.575267244203054,67.39506817318583,59.36469075964446,5.909584872493838,15.605098873103145,1.277115896673125,Balanced NPK
77.75752425413464,48.56153346394098,89.27371677479255,7.117641270245276,34.53686741004474,1.0028558251580384,Balanced NPK
25.404625804183624,27.213098340224168,69.10448597804182,5.24202152360706,67.52484937023121,0.25803074947417604,Nitrogen source
50.960301508624894,39.07962481134298,84.87775130456558,5.542042899358004,67.49576220418743,0.7539443236255019,Balanced NPK
37.6264973208183,12.375185054562603,111.78444996504409,6.411844404333598,36.69340320235617,0.4343169570231675,Nitrogen + Phosphorus
65.69721280656239,28.991279628478416,28.25154785386682,7.6350456763347,72.87860012896805,0.6579825049443998,Potassium source
41.51446526452334,33.00389011329731,111.73182871256097,7.0426214861341325,21.6138257191684,1.0222308344598816,Balanced NPK
54.13829334995757,6.305670045167506,116.69230761496864,5.4021363408794425,38.9447619185747,1.054930105229499,Phosphorus source
74.46256967775618,5.316368705846909,76.8674011511151,7.545450039644524,69.45256299711954,0.43912584628689755,Phosphorus source
14.043130223310385,75.82849471111031,84.84719082399698,6.5923713504983485,60.75355527023048,0.4042043129395595,Nitrogen source
115.42379021303068,54.06832291490255,106.4647516248594,6.948479290970603,66.05633122739806,0.625977332691807,Balanced NPK
24.63836605498004,31.536550437048405,108.66170782536614,7.443320345647432,41.936910404948506,0.5057753869686273,Nitrogen source
75.78491285985582,49.46774123121635,68.40122975586245,7.5823131046677315,26.996929978169483,0.8642859544006398,Balanced NPK
43.92467657783288,20.420041221491886,46.605957627835934,7.810317271739169,17.972136228586603,0.5581256341889812,Phosphorus source
68.63275796370712,35.072622669191205,101.04430602753283,7.727345506019904,57.4543241606072,0.567247198028576,Balanced NPK
12.334072659362107,28.54288320858442,76.10523391386859,5.355066289202411,67.6507571810874,1.4825755485929548,Nitrogen source
91.13167609801191,36.095941191605505,97.69402240775894,5.954088065350854,76.78770365860176,0.6765919581844224,Balanced NPK
85.88829440815125,6.418711484360166,79.37907098631264,6.036099319979376,17.148783487458374,0.7636050062561099,Phosphorus source
21.643975169942458,18.87968885252173,108.46498453743331,5.222077909064733,53.749700993942085,0.278374174651836,Nitrogen + Phosphorus
88.98548291777617,78.34178621329238,57.248284535617955,8.388528779715934,54.904148153389876,0.974108768102149,Balanced NPK
28.828461414414313,76.4269113866418,104.77041446442766,5.461148389789685,12.004659833808828,0.666768661854477,Nitrogen source
27.537235976301897,30.211472416496473,115.43086495938766,8.016659623058704,40.80846636188848,0.5585801260664957,Nitrogen source
73.55881513362462,75.31229198795313,96.97175189383637,8.037136038109072,63.27780282016407,0.8547503349910006,Balanced NPK
25.565833558572887,66.39574756702363,81.60666511204194,7.704369556956613,61.3806845849232,0.5199462024918018,Nitrogen source
41.423528643703975,69.22828990399421,54.80024919531537,5.622034512505555,54.98970610693899,0.5878123382183063,Balanced NPK
80.69460002740585,49.25476420163835,82.94511536339245,8.477018250852717,29.411653400969257,1.468327372310211,Balanced NPK
93.98087657450259,69.1549549239299,98.27463931612283,5.080367884867239,45.258233723037584,0.3374952144225169,Organic compost
84.0826847183133,9.473308086988556,13.651833886672632,8.173556623345188,74.1940334702503,1.010901854749874,Phosphorus + Potassium
60.591965486096136,67.13706060023875,116.06428796347458,5.190020110282575,17.24690331003212,1.376614417030131,Balanced NPK
20.93362089190039,58.56270426749374,70.88613634506454,6.825727060885978,16.834946037957003,1.14732019064152,Nitrogen source
76.22114954074583,74.66315096637477,62.90920618042291,8.19345654815646,22.872547220044233,0.46505808844410573,Organic compost
114.38763165506785,12.453577510667337,36.019338122838235,5.4947358519456255,59.68114434890571,1.2143126727520241,Phosphorus + Potassium
109.16229435943914,16.01044222084417,45.39121732287046,6.110183816591169,78.14305315405588,0.9577802251806999,Phosphorus source
47.124793798616686,27.40521940945107,45.091646145618405,7.492633991005559,48.44980527424973,1.0106936493493368,Balanced NPK
61.755555920204074,6.9691976275924175,85.58186929149555,7.534443525664251,22.6174107114997,1.0441851573742458,Phosphorus source
106.53018681117699,50.20764263024207,83.53950222661084,7.452493196643127,32.70346123309024,0.40058383570319045,Organic compost
61.991654631238625,22.38470753899277,85.56927599552415,7.502233513418261,10.57276189009287,1.440461596713031,Phosphorus source
111.75018541735894,14.895418267380348,62.55739958495101,5.731580431764875,77.47425013013996,0.935842464068831,Phosphorus source
87.0175357683588,78.34141014535469,84.03012978826288,8.04771271465332,26.838641972440914,0.49820885270791515,Organic compost
58.531623339405634,71.11076362356893,14.30322366438519,6.544843128147903,67.74355440002647,0.4306883711568996,Potassium source
77.729798451899,10.247155833028158,11.140874955107986,6.116157959893226,66.39504172553731,0.2537369263249328,Phosphorus + Potassium
50.127917044499874,59.647297566460715,50.60469331346064,6.675823092025369,45.02445296797922,1.3803550634153026,Balanced NPK
106.34808367189267,9.771895717802751,86.14314106856956,6.900218068320007,34.81640163367244,0.8403125323493086,Phosphorus source
106.7785981116584,62.97935350129453,72.48798539216645,5.614613041650177,53.305965847832276,0.8474313181950492,Balanced NPK
59.15706907741166,75.78723817499991,119.18934525647923,8.329757713637878,61.7212763505768,0.9785277582043819,Balanced NPK
45.137664353279966,76.03855680621763,60.118228395430584,5.70570522201687,17.751827627307918,1.2865197807218995,Balanced NPK
46.09811754084015,62.466650212777196,79.01308867968737,5.9923293938455355,69.54685464257028,1.2983372271979239,Balanced NPK
28.900556480268527,14.130981501937102,76.05613264215638,5.816928725307985,33.25314941553427,1.4177309773872806,Nitrogen + Phosphorus
29.311016209384114,40.28696310765912,42.439453542572004,6.2177572835093216,35.90644414614726,0.5379957583998355,Nitrogen source
93.98406726486283,65.89033416759389,69.34689990482013,8.147562035721155,19.5655597217618,0.8585751479300661,Balanced NPK
101.12725812618963,51.56850857716736,118.3503607053985,7.085104270257897,77.20200665004566,0.3283181183262317,Organic compost
14.688733041816151,31.738553247281242,102.54666988807207,5.176782961906751,27.660707874020183,1.480523967061867,Nitrogen source
80.50616246875704,34.48321576126206,18.564786754360295,7.643347299952058,74.77142313861818,1.1640066589262201,Potassium source
22.805250860882282,44.88966981467691,54.30481355844934,8.164153512691705,63.361407049798636,1.2425628365554247,Nitrogen source
55.51123462606919,6.865600553036195,93.53384443702245,7.216619147035676,19.90378164645716,1.1838070401058727,Phosphorus source
26.423060952992216,60.47634616311067,88.49754674319686,5.0263107120405035,64.23434657485095,0.7299571636446567,Nitrogen source
65.72414437506838,77.35190459782261,111.18342044588617,6.339338288354403,59.67013086047823,0.8670114520002925,Balanced NPK
100.4419358286264,28.974275760046815,61.80312935553944,5.3934337833288355,74.86764538465475,1.3709345895162226,Balanced NPK
40.36686195727344,48.722996700548386,51.61984076230606,5.54528342928141,13.151611889632727,1.2696819182927261,Balanced NPK
41.80521508241069,43.658139384925754,109.29512339444614,5.0695995881505915,48.31767011431255,1.4421409852374185,Balanced NPK
99.0212923539914,21.448340640496333,32.09634774583399,7.66870280591024,15.581139444080154,0.9791710597269134,Phosphorus + Potassium
35.75127117174288,67.94429028383408,51.73577441635709,6.452403506460687,65.6090755886259,0.3145139842750107,Nitrogen source
76.10574429262812,77.19648444743207,81.54133156603025,5.2862720726598385,73.5972908887824,0.36763110892535206,Organic compost
50.573139099981105,18.625894323427854,89.40380282215996,5.927120977197589,28.27763595058735,0.7376273028684497,Phosphorus source
41.47040779636606,63.841813822786975,67.93515537185976,6.945722762426403,21.313833950000507,1.3875364100049683,Balanced NPK
48.377414601646,33.303503449345605,36.66281838357702,8.360656543439283,52.49369174140941,0.2792430564575702,Potassium source
31.18730747106446,41.0334797719391,30.663749997102162,7.117624559286147,31.55280544757288,0.6544986122130227,Nitrogen + Potassium
96.53224203104165,44.327955370429436,22.43312247472325,6.301631361030714,72.7439379745773,1.300006496572387,Potassium source
93.5826403831898,68.26453243637272,20.065983417573925,5.427609494829762,11.304586448198549,0.36253556056474623,Potassium source
100.59022227157138,7.844664776299247,61.169693818450256,5.864907125539516,68.27492039261526,1.2437249518225824,Phosphorus source
94.25941973734969,33.36922957998294,111.81498597280161,8.135504515982772,55.55704346714718,0.996370096466139,Balanced NPK
47.0640214189644,60.19164717538457,113.233845188101,6.106753033910115,30.01507154066452,0.5426575472228624,Balanced NPK
118.14727429956756,45.5238229057361,116.43256314358653,7.160828081039274,30.542282236190008,0.9623146770508699,Balanced NPK
27.099104720924736,38.6075230334759,58.71631757328774,7.017885670690472,37.106925677176974,0.7916774654119054,Nitrogen source
106.37707141291095,18.529344234215557,111.49139624752394,6.8848955201406214,54.021129502722395,0.335544573167243,Phosphorus source
25.978371013155318,59.942800730999494,109.07263726594022,6.815994025016465,21.726838501725275,1.2359899322553705,Nitrogen source
110.92843750818307,55.26333407141705,30.114974371168305,6.443645302350333,75.78851576938679,0.4490545013345034,Potassium source
28.78286278142682,57.63428880223117,69.74160830304982,5.716566787237177,53.156343146543826,1.417677125694488,Nitrogen source
104.07163851832144,5.489898854963483,106.44581017141095,7.194157078390205,28.69879985202141,0.32144570560124097,Phosphorus source
116.83270111899022,7.177825761176735,30.308133167103726,7.349366516058198,63.05641102142077,0.5466625359197552,Phosphorus + Potassium
91.07775466857647,62.3879802694193,98.29995845248041,7.63872653050988,12.286379194714701,1.3600000713871165,Balanced NPK
71.90575057642049,37.32858497823026,12.687690781836496,7.067802030083319,21.393172775480167,0.9119767631657041,Potassium source
30.813599518079613,56.59367702486073,19.77302330437341,7.101336763686239,55.06609393367463,0.7138187542104835,Nitrogen + Potassium
110.88708923490775,44.4912190041347,92.55698802913113,6.555802889304492,65.42000402766584,1.366620084468946,Balanced NPK
55.42876619907672,77.55208052906553,26.84416098932281,7.96159115832827,46.808435625346526,0.3799359366101829,Potassium source
78.78655765214454,14.848648652949255,107.6233679007978,7.855956248623803,55.80203788451796,0.5028809787120766,Phosphorus source
115.90834101091477,68.98728016431107,88.67321606720506,6.278789131987541,43.891702446268845,0.639481976544644,Balanced NPK
103.43250013784485,28.166218475244083,36.21423366034342,5.750211569276518,38.08138306791194,1.0098587374358399,Potassium source
101.48137236413261,74.35306860628273,18.8096053698112,5.165160805835268,35.391450532602704,1.2531343334232843,Potassium source
109.8143242369935,17.63381581591203,41.43356926258172,8.156866198649476,50.307144869460316,0.7300052109268176,Phosphorus source
36.78883460513819,13.467137045711192,21.929431260086627,7.359259900772255,60.429001153971825,0.6753898707095474,Phosphorus + Potassium
76.66002910824378,16.70259541898708,12.304893642168578,5.349390448211504,17.410230850026096,1.4802017894251962,Phosphorus + Potassium
35.96150055137252,15.059345894499403,97.49256048706812,6.283310423954687,24.438261603461786,0.48648535234623713,Nitrogen + Phosphorus
25.294212369514973,10.992902915445256,84.81497122478258,6.539941662592106,20.390776495681017,1.2301789836819996,Nitrogen + Phosphorus
12.103759858484445,37.29783996761662,24.00360766584963,5.0971992938980755,48.54636078374019,0.4020629213614492,Nitrogen + Potassium
17.536916521116463,40.907903068720984,102.79997288270481,6.699700974222202,15.575799233137353,0.5956638061121369,Nitrogen source
59.07017552237214,26.08668166324201,47.12900914166923,6.750588947324428,75.97289981351193,1.2463048886198518,Balanced NPK
32.481407194903966,63.89437428388319,53.39989965178209,7.855006681740095,53.19749923059476,1.0826796075912477,Nitrogen source
49.831243550099956,58.48937050848378,72.2259390543501,7.165001760119521,48.29315542351946,0.27252788751236323,Organic compost
62.16724511576729,8.844174624686755,28.53514398912336,6.664573076841045,38.43220783084923,0.2623180093965768,Phosphorus + Potassium
25.094732384782258,39.89703730276825,116.44255054392018,6.702385547844816,64.07874567078508,0.7759756386193621,Nitrogen source
31.089729599666136,6.5886584281774,51.304234667724664,8.218219206871254,32.73772249505803,0.6790855944399463,Nitrogen + Phosphorus
86.19914918663234,60.2684628253061,76.92229720028614,6.183795951401747,76.1679116496185,0.6582635089696611,Balanced NPK
42.1210789625203,68.23697403735997,112.87443670849355,8.347971432323787,47.325276379811044,1.3303388082097514,Balanced NPK
30.208119754300895,71.67493208249394,93.40109904700812,6.397155302660622,27.16291161194493,1.187544730540256,Nitrogen source
57.36434941798517,78.39615942773281,104.00603029784338,7.766508508877693,33.36545173927445,1.1251472493981496,Balanced NPK
93.1517341831843,35.708610221655476,20.404238109922193,7.573493139388479,30.61261411110721,0.37259058194764016,Potassium source
14.695116935823618,29.544347110659537,66.0937502350425,5.134386960781376,49.43810130179473,1.3640028930735948,Nitrogen source
75.77161358701001,44.34403712195329,35.549192570467774,6.537371240545742,52.039630545335754,1.324630786250553,Potassium source
107.00226506147669,38.89464250097387,30.203067618988896,7.475805706292189,76.53988843579864,1.445274057151944,Potassium source
119.52179382689944,23.91755497736401,102.06160165764506,5.180964289603836,11.052651349742957,1.0758968473995998,Phosphorus source
23.186985288131794,34.126988943402935,11.369770256701784,5.3037697319867645,24.60594180725289,0.9208071841422203,Nitrogen + Potassium
46.51348517166907,47.28926065399717,81.38704779936766,5.011779319926822,69.33893451831116,0.2750692348412107,Organic compost
106.03600699158054,78.20449953706076,109.38723002216585,6.8976098340249115,63.87658496931137,0.4244867787406378,Organic compost
113.08017175750432,6.749679537550297,70.66270869606203,6.614161353819435,65.78268933436831,1.1685431003956142,Phosphorus source
46.31968647189606,17.26464084210008,97.37008059307212,8.421171345702787,16.850891925808632,1.152753207713409,Phosphorus source
66.72557542387479,28.398963840472643,11.589195248462534,7.534234893393588,19.242120294389444,1.3060604493787715,Potassium source
39.104978144033,49.42580830256307,41.26654540547271,7.4579090119469535,18.2005320112657,0.6459240615782487,Nitrogen source
65.9855189602733,48.909279929683024,73.75356191173354,5.277885691515106,12.364342031460023,0.5083490629278643,Balanced NPK
14.147696156279395,21.54524945957588,16.51846581426221,6.845710754590373,17.318441432953186,0.7398151883452639,Phosphorus + Potassium
94.6518098669528,62.92957049001531,71.84044734331356,5.107733684781937,47.56879168770557,0.5284580806046495,Balanced NPK
72.524714714357,73.1308363692382,75.87552594203576,8.292046583106359,24.602853705849675,0.5488196365567858,Balanced NPK
26.36141131714982,10.874929758768188,11.155098741198152,8.247769915990268,41.621288689130076,1.4205139968323406,Phosphorus + Potassium
105.04021900523887,60.7933592497684,110.96282208180222,5.924034615899571,69.94636571984113,1.0839738139298785,Balanced NPK
75.94953911155696,51.39990229979667,109.67735406126332,8.251209744624362,22.387445919401678,0.3049947754062809,Organic compost
39.99066648950095,65.76358055925138,20.676803838580327,7.316162846529867,37.94487028356794,1.3860250758461794,Nitrogen + Potassium
100.20214179785205,43.08458040058265,51.873362813928324,7.921138882736448,27.104238879267772,0.906360519539267,Balanced NPK
112.48303477185351,50.27741660795456,112.30947971071429,6.5470325364828215,54.05079188601008,1.4225145866873836,Balanced NPK
91.10052767451648,72.91977071476626,101.52459497068457,5.2723089724653605,28.092727039210335,1.1639274874987005,Balanced NPK
107.90445021201872,65.17321551131663,44.4474764350118,7.1736561039483915,56.29731413027298,0.7685069314794999,Balanced NPK
74.64681202626787,78.9497241782621,69.91539180339417,5.68025785230493,45.287355124482204,0.42847654696083126,Organic compost
85.7028914817048,72.64266077571943,84.34537217820319,8.071711918187606,60.938309721877104,0.7686937843570048,Balanced NPK
69.20154798469696,44.941990456311444,53.174322949086026,5.325226311315029,59.127095918197696,0.2613101673300004,Organic compost
32.4452475491379,39.04069315095784,118.57937098782385,6.074027096600682,65.62933798091737,0.7453115964049617,Nitrogen source
34.37110826173068,6.993641530181112,19.729246665924386,6.4585706776426886,38.012919525956086,1.014263595658996,Phosphorus + Potassium
16.844072510685322,26.294981683799588,12.57664753685694,8.051692145957892,37.828097647228674,0.9595715425426918,Nitrogen + Potassium
88.16132020298056,25.097691420984514,24.84438615938319,7.03094913495409,73.2350547471653,1.3603535261373905,Potassium source
43.90636065518298,24.96201246681089,48.89128550118962,5.858364368345354,77.51594762626243,0.2450672175798976,Phosphorus source
31.045858104081915,7.122413006441418,103.93786538125963,6.65027510318688,25.9636433836739,0.7140121270795556,Nitrogen + Phosphorus
21.66924383498547,13.07521219332243,114.15738827130016,7.4362665833440165,54.70845586209382,0.8145841063039783,Nitrogen + Phosphorus
63.880095319349905,62.903349736822925,15.763031636112085,7.336045710241168,48.535185883835425,0.5987097151070796,Potassium source
33.72387585583405,69.63164792503893,112.47131494076874,5.335375408923423,21.88805522145423,1.0672422220776097,Nitrogen source
95.1414778046328,41.850482102458386,111.95817243129218,8.055610932328495,18.83778183935833,0.3851804654918448,Organic compost
19.448562688751146,70.65657355725318,71.33933070868349,8.294873551880052,61.04637368400417,1.1516002610852267,Nitrogen source
23.766487848229808,13.21407713641963,112.4052581339402,6.689104409309367,79.57490354821884,0.6199448568030287,Nitrogen + Phosphorus
78.35579877501398,47.96060968277435,17.48857273590764,6.815994155016927,74.70676387207807,0.7900309483132091,Potassium source
61.98920678599213,57.56356564533512,95.87797371442623,7.897862703833001,41.63769768208928,0.7772180100030939,Balanced NPK
62.06918851979358,77.67410427020714,112.2101113844849,7.179621100285568,29.903064554460588,1.370540690079921,Balanced NPK
28.802258693065284,13.006291432096853,55.602181585237034,7.398562404912165,13.681269332844272,0.6067562624905405,Nitrogen + Phosphorus
96.25624395930025,54.44145270439802,19.291377326475704,5.706340353799005,60.76192960897582,0.35163816308124896,Potassium source
11.067484594704592,79.45107131297159,77.53272033580058,6.501336062160545,51.7954652148749,1.0712385577228871,Nitrogen source
64.50515721853537,54.35510301182385,87.94269279220758,5.628098595249899,39.65964695153686,0.5959921258205467,Balanced NPK
97.70837189106518,62.7429843974836,99.16662619292944,6.53117747175394,50.273105123660294,1.1172918260305198,Balanced NPK
45.43232477713011,78.3264565347004,51.64861850033651,6.8795534785865105,67.87551939212099,1.1712133841768273,Balanced NPK
65.17347524021564,35.6245012249712,80.07830193421786,6.5249943563049975,51.44058748576011,1.2399740008434743,Balanced NPK
23.396010192421752,57.301176878467324,15.921687807223934,7.569036043961007,24.640809812075503,0.8413873660037099,Nitrogen + Potassium
39.36914906498318,29.14315819562301,79.15965791843662,6.509109583409692,44.12988737879072,1.4986232026314497,Nitrogen source
23.37748141844846,33.82026081581135,68.32306696049321,7.8479719973949305,29.767467910989605,0.7120010231558087,Nitrogen source
100.33879508389305,44.77782697314039,104.16723031256794,5.22521779018042,30.09557682207789,0.9250792382591193,Balanced NPK
23.41847698939769,41.134034924516975,11.939955143207658,6.766316789097425,74.42209300640758,1.4328135386304097,Nitrogen + Potassium
45.1023635065759,5.259227323819033,110.33636791283709,6.985164678592719,50.64351950420858,1.2595884511261763,Phosphorus source
53.26870277530083,36.50876641164511,103.66356637402198,6.720385637341735,61.50657659548509,1.3765453323905295,Balanced NPK
53.29511160934394,71.66994791226557,46.01386827027571,8.253519470878501,31.375915268308194,0.5044925807372536,Balanced NPK
89.2903553882076,74.14989074872648,94.49626258483588,7.590426593696832,78.11177719561486,0.9246759608246382,Balanced NPK
107.63811667169556,7.782092769071581,24.53723980795496,5.950220913035588,76.22874552086301,0.4560084634121819,Phosphorus + Potassium
52.13910566263542,7.664627725849034,18.600756550276348,7.039268719926928,16.84164984028242,1.3689645710301106,Phosphorus + Potassium
107.4380741645985,51.66610364830462,53.59157440621561,8.107376569985213,44.147214596578635,0.44779903872825333,Organic compost
48.02245481798949,32.235743058672256,73.77899351717471,6.404222269091179,67.27956700429799,1.0144644753282068,Balanced NPK
37.73368969643613,35.15606751411124,89.55716970524361,5.8478618701146425,16.414368791381577,1.124488791737936,Nitrogen source
54.7323369087909,14.320900268116553,62.74163806449469,6.961098645561185,11.803013932564319,1.2284561528256785,Phosphorus source
64.06621266409277,6.916207420250379,104.79648812748499,7.048398563961532,77.42766974029544,0.5655837121389284,Phosphorus source
55.387016471093816,54.72034030660795,110.53796843988923,7.769079774700595,55.01134450524844,1.2341725873304803,Balanced NPK
20.43263642413406,59.31344292818395,73.6490938520648,5.959884161902553,26.69844182266197,0.5747510541887777,Nitrogen source
23.516001037067642,25.494117366624355,17.83782211117559,7.354586232629586,45.86065128465792,0.3659853109951824,Nitrogen + Potassium
86.69149537357308,18.35087467883047,64.43743077872669,8.220370408535764,63.26433646625193,0.9593800209471035,Phosphorus source
74.34111901670572,9.814439868283193,56.971143507558786,6.074926165205026,43.22450198886165,1.4368514130083812,Phosphorus source
96.51685268066687,50.748255505873836,87.51586515621963,7.5570986965994,41.94611838101829,1.3262644767201524,Balanced NPK
77.90365418673451,60.3525397377379,11.21536043182472,6.882711178684808,35.492916441728624,0.27202429976395415,Potassium source
81.0746734003589,74.65701949893361,90.60313031797347,5.279619255122763,13.9683495729402,0.6485417944872384,Balanced NPK
36.240256727089594,7.06790850568635,14.407923617621062,6.208012674899276,19.34771598684931,0.4530662612824546,Phosphorus + Potassium
105.64705582915191,79.52584345387073,98.50371546125787,5.814683966971025,22.30893053290317,0.9520183678020464,Balanced NPK
96.23034974069186,54.308225027601004,98.41269477382201,6.70448999474203,79.14376058870492,1.2229285193310833,Balanced NPK
15.603553400656798,32.30411366261717,71.55830079129873,5.78469194384446,38.234564037501485,1.0184939103049502,Nitrogen source
70.73847612416992,69.60873981026964,38.87624289617325,8.22400141844036,32.550104362342,1.3965144774578286,Potassium source
37.3115883870706,43.065729293980056,112.54640282123115,5.971245204036525,69.41266206047504,0.8516001729351177,Nitrogen source
56.177479062975365,54.77667589677956,31.84062212676892,7.305904998918583,22.363845280940396,1.1241263877729093,Potassium source
77.1714687872881,15.489475035599943,21.07524737359786,7.125736329862258,18.504008203759824,1.012622075226037,Phosphorus + Potassium
119.89238450130361,14.223191701826059,62.11919714002382,8.235411999767232,75.59715534985551,0.2388843899649089,Phosphorus source
98.8808531978201,22.89093613030575,92.12252343684179,6.242511000194241,25.742227927320123,0.8119382563922994,Phosphorus source
29.351055287335065,36.814658210854745,53.430097718814984,8.370017353819398,47.94864316730839,1.106191182297517,Nitrogen source
29.243296707403402,79.79766130358256,64.74487333459331,5.263307888025957,52.650007998222236,0.6135901953577398,Nitrogen source
42.33256672941155,28.776392507897327,59.54583689192207,6.004938968888084,64.50743502181138,0.43264700186218225,Organic compost
25.613320451741085,12.83541158699768,55.13967536379139,5.395063765266086,11.75409616043355,0.5827270114491747,Nitrogen + Phosphorus
117.80327810714188,5.818783153956473,17.025546196339896,7.040973365785568,44.85152438127112,0.33560522863801157,Phosphorus + Potassium
108.41973375051259,55.58237127775466,64.4153129466155,6.9030617761535895,65.73206927719929,0.32750421017906844,Organic compost
112.64836323004579,13.447593212154606,60.440279187813736,5.866537444564917,56.56486927977311,1.2917789912557458,Phosphorus source
77.83387393965859,21.798338356822196,95.73167721568055,8.299316146560162,21.269148541245613,0.529563882459886,Phosphorus source
68.25577493272498,60.482933757757635,23.968499017434127,5.177277899868497,49.687114885003446,1.2363944047001976,Potassium source
42.73919071750569,48.72384913395092,98.37967968184387,5.100877515761043,33.531483546006314,0.5941563069497808,Balanced NPK
89.53635361225425,54.966425885930136,100.94880308915016,6.92025479870876,25.952300622125584,0.7630348630002741,Balanced NPK
53.565544495345364,55.081108503746904,114.93153790711223,6.601960854249651,54.71905949939393,0.43100339785811614,Organic compost
73.18342485801307,59.630983591745554,94.0120025244159,8.407689196594466,79.12943327169585,0.8701001809237072,Balanced NPK
104.66571120222986,60.284553641826335,67.7058786407654,5.105239527785948,78.39116997125853,1.4547944532941084,Balanced NPK
66.99568096663495,30.83274262914661,22.29632181861865,5.192965239173601,66.23841456752476,0.7322716507965592,Potassium source
71.91139332815618,27.610760886771207,77.53951321128001,7.655692014972325,72.50247897453674,0.8449096230300821,Balanced NPK
43.02034048978921,10.760444131501565,103.94145997067169,7.987487029267198,34.73687636240828,0.46943848494313506,Phosphorus source
84.07292537626785,61.74946475839282,89.40041715123249,5.249488870983155,78.89601578074307,0.9078763749939616,Balanced NPK
76.91802575179936,8.399308661406428,11.298373368306594,5.4421669579511605,37.368539362868205,1.4282064886879622,Phosphorus + Potassium
90.08237588450635,79.94215248818996,84.78619794201768,5.349157445372896,58.614743291007926,1.0337291266018345,Balanced NPK
107.49398996621586,45.81830740439154,37.013078875462384,7.56450981508976,62.738268314227554,0.8684676034735441,Potassium source
20.43090324272692,36.03316387129402,102.39152659482409,6.0627063010986095,61.21572644152573,0.5295623011298622,Nitrogen source
46.15794610904368,30.278512969740895,24.90883437032174,6.229075654406542,60.65313591088252,0.7217033428368815,Potassium source
42.97095358199179,57.55323395570549,66.70266639413057,6.5255281440601856,65.73091697903264,0.6965283610268314,Balanced NPK
69.87825890925006,7.383113281893798,47.335777665424175,5.829161671051994,72.0024829068092,0.2273684625100662,Phosphorus source
87.00499301851885,61.71491561941708,46.57513850125392,5.899843428204039,21.538428428984673,0.560235347024611,Balanced NPK
110.53342266268781,8.250274796006467,60.23868946243198,5.925333875925805,58.710965784077764,0.6340733036183199,Phosphorus source
48.05574314518907,9.37209363618244,110.15461792927402,6.825555626386819,14.829070833176363,1.1772408912834258,Phosphorus source
95.80369988936613,39.58548909211873,117.7041090442212,5.791000287794995,69.09497966590482,1.3003606285419602,Balanced NPK
67.33491418905719,45.508091183153375,22.350673328902595,5.466244953741994,39.59489478336004,1.3935329739902569,Potassium source
33.5977621038434,40.62524083876261,17.066840734057855,6.0473174461435715,36.04036581135685,1.451744511049632,Nitrogen + Potassium
31.234332689618807,12.55386947866159,15.912810994092062,6.827152216291998,46.361645017293796,0.4546046767429017,Phosphorus + Potassium
37.226981199332485,28.913806427701125,11.039496817428347,7.859695140858906,64.09404078354774,0.6163301340519809,Nitrogen + Potassium
73.1728038550618,29.613492196812405,12.94709338086861,7.064261242517539,60.51339690985987,0.6340046830107837,Potassium source
36.55090562264522,24.81717095493974,48.40057430528066,6.636458064798796,62.844323677337414,0.45871152701650914,Nitrogen + Phosphorus
87.69822775759327,77.34107198737975,29.830135383421553,6.776597242172952,35.2893417365312,0.9805915933811036,Potassium source
106.89311618084399,71.47570109476052,58.73551816680565,7.650725261645343,45.79132810512942,1.203609179543712,Balanced NPK
107.27973100891033,58.38552606094786,16.683236253055156,5.8585300915888965,65.00453086525589,0.22553779737631152,Potassium source
66.97328968234375,50.781469526556066,100.19957051247766,7.82315837772788,15.122618274254695,1.0836038836553135,Balanced NPK
96.93305272710245,12.90798610429686,63.39548227915034,7.2727539000579515,33.96791367616434,0.6816919807718962,Phosphorus source
21.31649958027888,63.07741682209351,36.083088693433254,6.522225818214737,46.1467110838485,0.3134248109753778,Nitrogen + Potassium
57.424466260087094,16.42730208159191,35.577540343952066,6.2470034880754834,44.28113313842101,0.7644664372390864,Phosphorus + Potassium
17.873743468900138,31.277707911833378,14.314277321610572,5.8777543239733605,15.957695605228057,0.4176038248342268,Nitrogen + Potassium
65.27395535662086,74.54827951253435,31.4241193493198,7.557822740635047,13.059127120201438,0.6366039564742433,Potassium source
54.152347285206055,13.126382695526512,80.04505992027372,5.509856609708361,66.04744486907362,0.9689829386807884,Phosphorus source
91.54223242445887,17.317484606216887,44.88099972492688,7.469162522191267,41.734161647709286,1.0220439665428818,Phosphorus source
55.48042645567879,55.41587873740544,80.56804955341583,6.048269880040776,71.71761675140161,1.1521050152655898,Balanced NPK
17.504306490462945,7.827798743996055,88.77352051320264,7.2121109348550965,74.71192236555966,1.0781096305980349,Nitrogen + Phosphorus
32.90116139762363,8.153091473520696,68.56474910929913,6.737038501147202,75.6165475641321,1.1208823907918841,Nitrogen + Phosphorus
109.00565704056503,61.742499702887734,82.66828892796795,6.9709622704859555,50.60248373158636,0.8596939895378517,Balanced NPK
102.28665282792404,22.597396376736356,110.67098756742267,6.958225281170051,40.620256201065544,0.47433457947649,Phosphorus source
40.36694040717025,48.811592968703486,26.68967494100121,5.01158616251447,28.145805484294144,0.5953355843611259,Potassium source
113.54463837157897,48.63681505798064,54.63416222887038,8.440500056457253,35.71831092056428,1.4455806290313644,Balanced NPK
113.56122848071912,56.7422398493603,67.77581037047824,7.876107284826021,32.67371936047617,0.6782160897642455,Balanced NPK
32.75729734179812,24.155093967808273,25.010326955110745,7.977383437815823,10.087369528682625,0.7518185706687788,Phosphorus + Potassium
50.06392797151675,34.07558133461184,102.8137958971752,7.873716874515413,56.437790622432466,1.0958421983863231,Balanced NPK
98.38864127014659,33.87837302240318,59.55886674839309,5.856561632939714,26.6637162083809,1.4150031839892994,Balanced NPK
93.67138726564625,38.974136236961705,14.289323853928753,7.59980316105709,76.39610683277527,1.404760407082997,Potassium source
88.55787378980921,53.58036315555656,23.29240146934258,5.299820684188154,28.564208155476692,0.9328659102441639,Potassium source
110.45352980665187,70.33225309276969,43.666897352100506,6.281847270669084,31.724080272651154,0.8892226689830629,Balanced NPK
98.9817630275597,63.733829720373954,107.49371664395063,6.826019822137695,56.070857515193445,1.4400768640147732,Balanced NPK
84.31080446680424,17.529528594859556,45.9539058938151,5.264930661033037,17.734749046836605,0.8393853710343426,Phosphorus source
91.24267876940758,19.170695465575783,45.20169334053765,6.1779292577154195,68.80858699700126,0.4392463289159083,Phosphorus source
13.744180061237882,51.788106633205324,67.95367111894652,5.009483462240328,63.5284511434511,0.7510220712859528,Nitrogen source
70.26038671933793,55.31099521385598,15.647989405504017,5.603903874719875,42.41993317228164,0.42347068505092644,Potassium source
22.82408763053668,29.37231636070162,56.932756074254605,7.974548426795716,51.645649844745336,1.408216054753892,Nitrogen source
60.29162135150979,40.43133405494669,44.25942217389278,5.2854642881407425,22.040560787624017,0.2880203836247184,Organic compost
87.37940502600229,31.175053600217694,13.466887871315482,7.632697128171857,27.838916086368258,1.3615778180101112,Potassium source
100.53918423885156,27.78195320134799,35.928827219309966,8.475780334039763,67.37523085505208,1.404612129123146,Potassium source
11.874081588022898,49.87476400908425,39.33063825179508,6.311555946105547,16.375278818659233,1.172875287997554,Nitrogen + Potassium
67.82084527158382,64.40172564732822,22.81348530348964,8.490455961136222,34.39893322242425,1.4368765053137051,Potassium source
84.41018305762978,13.162547587044939,96.01880154200319,6.962321999061503,23.209216603607878,0.44340775917233816,Phosphorus source
114.84702121393262,79.89222345952088,73.37272926010982,5.655036804432814,33.81811410791552,0.47554567098371986,Organic compost
76.82401853277557,35.0208432093701,51.587489729816724,7.804963207269317,77.44978074284394,0.45613355452519433,Organic compost
55.586616416347425,45.23974343113215,37.04598526821637,6.406650206550074,13.905772500889483,0.253587861307801,Potassium source
96.49966150313246,30.432020150916905,87.8167102338934,5.29019892372572,56.946681260787074,1.0493810590551238,Balanced NPK
100.36003923713716,20.34556111128515,70.6228991470256,8.154140298745489,25.391819011208796,0.36232410279199007,Phosphorus source
47.92416138205692,77.40095507658127,27.31297515989763,5.417670929888786,79.84230374211205,0.7111032693618518,Potassium source
26.41736814519135,46.896464030358736,11.524321502568856,6.489512370428461,12.535311519932087,0.9349401432908979,Nitrogen + Potassium
78.72470668348258,5.264576831240912,66.39757216802064,8.307338877401804,37.866242226794625,1.4408536904989886,Phosphorus source
115.98182233470838,23.01873943430518,73.51167428532922,7.906093494839745,59.6410111137986,1.1881678627560905,Phosphorus source
38.70217042162532,73.8660150841444,35.92085577322946,7.256826666433026,71.92981875141413,0.6673424284618542,Nitrogen + Potassium
70.73466623801608,56.78844402932239,112.13364602273322,6.568128210148407,52.224265698777934,0.3843323344359938,Organic compost
17.174506854421693,6.607590393345948,62.424230790503685,6.910016877320006,16.04500875011295,0.4354256664059375,Nitrogen + Phosphorus
39.29310520747737,71.8456031876369,20.91863393789278,6.713916987830018,65.23471284229181,1.331225303254956,Nitrogen + Potassium
86.2448981148043,24.916394914823123,23.356029248777617,5.552643712088866,63.919262723923694,0.585493177222075,Phosphorus + Potassium
47.165921235646884,18.164287989736383,57.81097195803423,6.170897025465607,34.99118031173498,0.24392730712816674,Phosphorus source
60.882630520544076,13.391840777230028,68.9244615738883,7.34214283382756,48.22745759583172,0.3904112506749112,Phosphorus source
77.81447444892191,35.959876315455205,49.533234802694444,5.520717385676765,79.60315973302548,0.7104739924971786,Balanced NPK
60.200765821786646,12.078677566201304,84.30204245982242,5.989304916030019,61.8115574836785,0.2872652493760301,Phosphorus source
42.652107368885375,60.92410410682593,53.56081039653694,5.119999616675172,65.26796550814913,1.455276734621012,Balanced NPK
51.416531997829225,51.619623871680794,50.99161279070914,6.942438801942126,61.699450463475365,1.0227862900886189,Balanced NPK
44.61816891784665,19.63914120558306,69.87676402369539,7.308242672844744,50.21473942585948,0.36658304444350964,Phosphorus source
49.0550883636094,60.84864987219649,26.142345939491154,8.091835277455406,42.657290032680066,1.2285111676248621,Potassium source
47.48861859812725,31.941170046062002,116.37312250430645,6.985725245349941,17.133473027183506,1.4449655914494166,Balanced NPK
51.233567493529954,58.26678241576572,24.141784835105064,7.993629560953671,77.13509357201004,0.6977028506183954,Potassium source
25.918849150257316,46.823501535874975,27.796591931493218,6.547488682805768,53.58601850407316,0.381088424279449,Nitrogen + Potassium
114.28205392645214,57.91917568572047,49.74082934729817,6.4549071550455945,69.36827203509529,0.81880549216152,Balanced NPK
118.57886922064054,9.663070579047837,39.84706086975156,6.81456465850729,19.509139024893557,0.6630962888013675,Phosphorus + Potassium
67.19753578317062,24.574328918739297,28.106803999758554,5.939209332378614,15.780025543984886,0.4547152643823753,Phosphorus + Potassium
16.71167334532331,76.43984147335127,27.71155124899004,5.00443842154596,77.01681535512732,1.1861565866992763,Nitrogen + Potassium
39.37231450799892,70.91885253994859,105.87875202515661,7.593479415976619,51.455612597238485,0.9601307076594892,Nitrogen source
116.57927759168282,39.88608843965908,98.94195873883889,5.393719104820502,59.057941310879826,1.4864346846278906,Balanced NPK
11.097587409141088,24.34263677801428,96.3440533600963,7.568340154445803,61.39370286973268,1.4772028822381724,Nitrogen + Phosphorus
20.544074366419615,55.63204241611669,80.53054467686748,5.720165687608716,24.90476944920421,1.0452758734894676,Nitrogen source
81.99714157899983,50.00534695330778,60.80820188125737,7.4052037268623465,32.532267284455216,0.5065433921857596,Balanced NPK
75.49646524031844,51.29605768109622,99.34850403398468,6.45626124226458,63.48858259343022,1.393025086622611,Balanced NPK
56.8228376504729,45.69343758624987,110.12883996356189,6.050875409649094,60.58597143305317,0.95038662089304,Balanced NPK
55.5398973845726,69.81480256235,27.240101984092924,5.123902152734209,24.499965726441292,1.3391499428162794,Potassium source
47.79602183712356,56.29763907972938,35.392337933617185,6.718126703176222,46.59996024367548,0.5189872602289822,Potassium source
52.614352939400405,24.63286379188291,21.07425610881753,6.5107852159803,49.45390223709345,0.31707637146967005,Phosphorus + Potassium
49.3682439650933,39.70240709598061,112.57788306078669,7.136127387153819,75.95859141323183,0.8816978094094996,Balanced NPK
98.35837331102454,12.218883411687719,72.08597175337678,6.2352732445916725,60.990113065413546,1.3408736744071659,Phosphorus source
88.34850129768222,11.621264927931868,78.31606143861036,7.604357101936673,12.08890399060327,0.4206464464949061,Phosphorus source
84.83156274782174,28.61864277286295,16.84022056512821,8.112969503679233,76.65227280326819,0.6855143207047003,Potassium source
119.21642570327674,69.24344401823826,71.14433501694975,7.615327269893363,75.5369750469109,1.1455166585417316,Balanced NPK
47.12321760102832,19.476789330843005,57.49275636370562,5.653333577874502,11.506646566083898,0.792728681872289,Phosphorus source
46.21810163447196,12.146029512648095,105.8607133569798,5.4303124176552195,54.12787677276339,0.940110488922471,Phosphorus source
117.68897281723757,24.037922377122403,35.90524475657866,7.195197748288955,49.07786215964964,1.2553515148705783,Phosphorus + Potassium
29.037237199647173,27.54633163338435,10.550352037314845,7.5255392399175225,32.782659671398235,0.5069159289828633,Nitrogen + Potassium
76.54251670727199,23.877798574766054,16.24249748941798,5.826892244717336,69.48045319480691,0.9739750551449531,Phosphorus + Potassium
61.8279760449672,41.85586012210639,119.66598323942173,5.110218225209102,21.285094488081707,1.325159077727596,Balanced NPK
68.83153151200798,79.62964637056567,85.23153752563326,7.531988135094731,50.58366948624329,0.22255641763919923,Organic compost
109.88110051420149,44.225247007460865,10.995843498121937,5.734627748461469,34.5265954232286,0.572043541817044,Potassium source
13.05388547481893,26.017752510087607,108.59367987131037,7.060930634158058,32.88770202332259,0.31454389527228876,Nitrogen source
92.64240961528957,58.876722347720765,10.26047844410052,8.476937117253113,28.59591321739704,0.5411213841909487,Potassium source
43.113666012480586,77.12878136218745,102.52179048990503,7.230510218031817,44.598473250966244,0.6251305388800948,Balanced NPK
46.8572268960993,29.424707725273485,104.88596602829422,7.384597743871465,38.47636243392442,1.4916149338907279,Balanced NPK
29.52315434258709,10.750814961942055,50.49562014067515,8.436454878416072,11.681320760446,0.30530131561319224,Nitrogen + Phosphorus
47.55947771100751,79.05690974479161,47.779398976186286,7.373274460095973,70.48210962796452,1.0717256300929603,Balanced NPK
19.880007935723967,16.14007285832572,38.473344703516034,7.78590123268374,66.13225634344971,0.4213257633302933,Phosphorus + Potassium
51.70177340928954,15.48550014068985,62.03997109051243,6.275016816576829,79.44706667135917,0.7053225715834908,Phosphorus source
15.503317057341805,44.03660736257378,109.79005509272018,6.293209293122482,67.2947814514543,0.7417515029173132,Nitrogen source
72.5198101903961,42.675710074041504,106.15807478727638,6.988168627726226,36.534866459278234,1.1970938513587002,Balanced NPK
15.537290641712787,25.43933232192053,41.50757995617249,6.9912616252207265,68.39205490675039,0.919961153014978,Nitrogen source
60.41638371950492,9.898267145552676,116.70573627594297,6.034397084564364,19.07666571038971,1.2827291077710437,Phosphorus source
107.93796125915722,27.39444850100894,70.3437060979539,7.742088922696206,11.519136737732932,1.48299937280896,Balanced NPK
45.634741596382675,40.98256728433869,15.56249414501529,5.164284258805832,17.815761893154786,0.6174570944773108,Potassium source
111.36843234177758,43.65759885619035,45.831894882476924,6.578997731749514,28.553369112897734,1.0112250481831493,Balanced NPK
65.78909307404584,33.3910689139837,85.47364973732824,6.370893895096392,66.45817573597981,0.9779403095677224,Balanced NPK
32.23614430271057,17.239245933880106,38.15519114632563,8.213841080424672,67.63891113040998,1.463881963761902,Phosphorus + Potassium
91.87552963442424,73.58309404652626,49.08887975932126,7.169609127694258,37.4052703890761,1.324327468611808,Balanced NPK
119.66711467129866,60.91400803155305,95.9689640769024,8.08330462482811,16.673070261264805,0.8263345181503801,Balanced NPK
90.57467500760751,50.37791127185933,69.43587295273252,6.350353913131325,25.43150839549593,1.3991263693306875,Balanced NPK
90.75405644534693,51.01508776727426,19.390793559664367,5.390851498698905,40.264368301129856,0.3634454812492187,Potassium source
26.38092976604241,11.098896814898158,42.346031484258354,5.038890933218147,61.258819511140935,0.979144946656044,Nitrogen + Phosphorus
65.84205663869585,79.01646185686542,63.007807472743984,8.043793157233889,23.25597645359683,0.5442485148894276,Balanced NPK
46.138188622168315,79.2755809406157,109.83716405622116,6.57008936782869,69.11190998529,0.5031627567934185,Balanced NPK
75.18702883326871,17.13939149436674,73.27280042774565,5.777902160389759,51.00286053107642,0.7572763490118588,Phosphorus source
71.46461518013516,17.089533926723213,65.71364957113386,6.107290550899863,20.075891925894403,0.8505123632699607,Phosphorus source
25.227209655746186,37.04785380996802,45.545771797674334,6.900552869483402,43.86613163357143,0.3749505281288319,Nitrogen source
40.69155522704933,46.75556084136102,101.7311618779105,5.207262840971501,16.36059883928276,1.236003888195561,Balanced NPK
47.38122484768933,24.264403463151133,35.25921540534249,8.397476872361363,45.752183767962876,0.4091626381300649,Phosphorus + Potassium
54.66082900965484,24.548412642464264,28.55627928229392,8.425042303456712,41.15694723588751,1.0986202533841325,Phosphorus + Potassium
108.84193321025039,20.42170703042588,24.081981566913587,5.910901213690149,59.87954450816336,0.6965815825608607,Phosphorus + Potassium
63.799745355352734,6.519204004250876,10.467655881047213,6.424770029778167,20.52538090329116,1.228430253371566,Phosphorus + Potassium
114.64136125002061,74.42746757561055,61.21025802950003,6.003994604920168,43.86661212834721,0.3352412614465418,Organic compost
113.83238679655247,55.3476424903662,41.520318546488014,7.657383324969985,27.150261000582923,1.176893061720027,Balanced NPK
54.20043242271726,69.79446220033024,118.87690811349805,6.1207188070776875,48.582170913681196,0.509311321447002,Balanced NPK
98.04000977332174,41.89615437533729,118.21749517647864,8.104128904184314,29.088466598144063,0.35534843895379686,Organic compost
78.18394250250762,28.853761079998247,37.90722735675266,6.907917815923158,47.67416352036791,0.8988816896882237,Potassium source
42.3662420422113,16.65260440893966,30.202872119196833,7.5205025227479325,42.763280382362915,0.8101786482588902,Phosphorus + Potassium
117.44222891249906,73.84604532730559,17.14496955121208,7.791838053318308,27.35437544886802,1.1389890490969365,Potassium source
29.067949919921364,15.902902404568241,113.31225516329907,6.954067155975485,34.47489691003972,1.3584544766384727,Nitrogen + Phosphorus
41.88140338340395,9.791988878914891,53.4282159049466,7.475488738481673,56.3428989187928,0.8158222441569016,Phosphorus source
66.11834205555593,44.710124761317594,51.19710392356988,5.290375214311881,21.046884345647523,1.1415545906621203,Balanced NPK
99.1059952672711,34.66356239152866,46.21994358482251,7.1269059412687685,11.52404844400085,0.9403844589036505,Balanced NPK
61.59406619330789,38.144674896841536,10.15873084261118,8.300034171738435,22.1371063206658,0.346893474081407,Potassium source
52.441762327622115,63.407814079012894,94.14999034885184,6.791332966982631,48.44349514237115,0.7917721611094892,Balanced NPK
12.782431170699136,25.83946709275403,52.784166383390016,6.940581733471722,56.131655213492806,1.4839282741689501,Nitrogen source
65.81066318740726,55.392927897866635,115.67079805661267,5.975408630654836,41.76129252550243,1.137271886855846,Balanced NPK
72.16841727540262,71.98764650034293,72.26877539371802,8.22826111598973,20.39911790758224,1.244585751158074,Balanced NPK
33.459632299442106,8.684029137086705,22.281582874033898,7.032467220602305,30.35874417798486,0.38714602880279464,Phosphorus + Potassium
79.19994444023368,41.596834277639914,51.85896839738411,6.874985944464857,70.299086147494,1.1420979093766606,Balanced NPK
64.4703643931331,66.69395147973125,104.88086626838144,6.316996713896279,20.485033893047834,0.34955769603485254,Organic compost
80.27407734471024,75.22212355366183,14.240097528831456,6.740395683381687,23.59733940148986,0.8909672045349775,Potassium source
104.2327886447231,64.02035749831987,116.84187758407775,6.695853414765306,56.437882911429924,1.3680653204643656,Balanced NPK
86.73793073640293,77.31478367894508,37.01040971192568,5.472398390700995,20.438784353288366,1.3081340480533967,Potassium source
15.812212197377043,65.74388110589285,61.05159379145347,7.419310777488292,62.18861133010572,0.7517171880349685,Nitrogen source
26.069219520084886,51.2734899964537,115.21769144706398,5.089414417001784,25.88735648656253,1.3367285077163982,Nitrogen source
17.674821330420926,5.759964570481239,106.55839380024979,7.688405950880157,27.771585167614045,1.4563973748695593,Nitrogen + Phosphorus
88.36658462138602,13.932606342233719,60.65750991821995,8.027723567579113,56.74170435041588,0.9615451541452029,Phosphorus source
55.86998101482321,23.6033119701056,77.49583365636668,5.538438406900212,66.69395475174582,0.4724480418283308,Phosphorus source
23.262034668954012,10.402192289326047,99.64014697525997,6.637296646897024,37.906332352229455,0.8775455119044024,Nitrogen + Phosphorus
74.60429462348542,71.05415818918013,47.817716677333486,5.654855096508319,70.83380513711307,0.8247515973667496,Balanced NPK
73.74530013933116,16.86185311004852,104.83531054852715,8.284299219923856,41.33045288868715,0.2261937203941034,Phosphorus source
12.97614734222311,27.672566463513526,64.10084036311956,6.514830733828894,49.82127904648562,0.5346018417022269,Nitrogen source
33.071685209067695,78.05966152801928,40.86496664055228,8.312837811150233,50.00607896955261,0.29098756012925886,Nitrogen source
75.45124665661608,78.91594755133931,102.36424129745988,6.062407665258895,16.685427697473013,0.7985714403224873,Balanced NPK
20.856581474546303,27.325331831857007,110.99240509378944,7.287437405827591,64.84061494655126,0.9027604640238507,Nitrogen source
28.49398174259987,16.279707008625522,94.23386829841769,6.502581936198192,44.99994907944798,0.43258719512725163,Nitrogen + Phosphorus
49.78396962698205,14.917146518587083,32.49765970640457,8.11110261672447,60.168150920380356,1.3075152621628559,Phosphorus + Potassium
106.15907817191145,49.21972576400347,43.46283638157068,6.723920170629867,11.320193914758093,1.2625441607649164,Balanced NPK
98.28948876712586,43.124810533079454,51.53028341441126,5.6041049532919125,15.290908396600145,0.6224610653590477,Balanced NPK
113.12220392933784,10.156667391860573,114.4052985114133,6.850378756008849,40.86149768254576,0.3598458013423136,Phosphorus source
17.851375785311475,45.83463067461125,75.84747444346503,6.519337838996673,30.11311699876296,0.2172022363498229,Nitrogen source
39.33446777628545,58.61166429114344,76.66161816555334,5.553334163835674,65.54067572231313,0.393034491347677,Nitrogen source
97.50085631397168,43.44662940932197,88.8630388317925,5.290572557296317,61.86914105196347,1.1378961561774166,Balanced NPK
29.27786368022432,15.315473166307765,92.35656308564552,6.456547978939179,55.338032876676266,0.21176620823820316,Nitrogen + Phosphorus
30.20137501705793,60.944330883990666,31.87526483040467,5.28098703431294,22.256946703732808,1.282122016114262,Nitrogen + Potassium
48.118365633571045,44.75566495351245,73.5245490648638,6.304235395874921,16.558859874318014,0.5338455940657081,Balanced NPK
27.359255749460107,73.2140067935485,91.40963594097153,7.880682240414114,66.85743087879129,0.20282719942051863,Nitrogen source
92.39081080925703,41.154179397166054,95.2099341437297,8.359451629764509,35.040162291840986,0.9862210759950418,Balanced NPK
43.50628271529038,72.03551251103043,37.942526229761356,6.229378084673844,72.15618921425546,0.3311053449397144,Potassium source
64.34168208048456,48.59641685626422,73.69199805614727,5.420258232604686,12.76434559271162,0.7416345846204977,Balanced NPK
59.92449499152339,75.69981308444119,93.12298418258632,7.095224515095742,24.70795241207449,1.3718833512363764,Balanced NPK
31.288068479830322,76.05314173056259,114.0528971287554,8.42262255443025,29.811310220823458,0.3787312745025958,Nitrogen source
79.16555189805658,36.712493895666924,52.73493272811905,6.94707942435278,58.26249091364169,0.6317618803290117,Balanced NPK
46.862646006899105,50.77698978113591,17.844105982135275,7.449812826174904,65.93080783740032,1.3436778864670402,Potassium source
92.92162217420267,43.00576518908713,106.11958118125017,6.718457419653896,65.09600737983345,0.2826952242077615,Organic compost
87.9940051022881,11.307569102138075,13.047361224226321,6.75784855044706,18.361342117487837,0.6226534036964562,Phosphorus + Potassium
95.1666083493248,46.27126461800364,90.67158692687747,7.742434371239355,43.617812230045985,1.4813337137123832,Balanced NPK
32.23051447448624,11.368179764307216,45.03336242181614,7.668784432754375,16.736806312291066,0.8067632695846172,Nitrogen + Phosphorus
72.84773220083216,65.59725098641513,103.04836800130701,5.836270725774939,29.186639250405626,1.0891535964099728,Balanced NPK
104.57569170358252,17.626888016782747,89.49034481087216,5.831849601128883,22.64667052026845,0.6388211414139515,Phosphorus source
97.41216216074221,60.69133624129044,62.65706389734402,7.499655741544624,38.40917211615348,0.47366215566067615,Organic compost
102.73156678034753,9.034272783913956,109.11235384261741,7.761067754531378,60.65064583047069,0.93986084236433,Phosphorus source
99.10148166298097,7.1164872624534175,75.01144602435343,5.913640904268062,54.748803365446996,1.077141389018599,Phosphorus source
33.62156223567638,16.610487221633306,74.62031724256833,8.292018719739875,56.441164554226994,0.8294067842770465,Nitrogen + Phosphorus
112.90382157342083,66.41872368725349,90.60790073144035,6.53087280864729,44.397578031093296,0.5440057577482023,Balanced NPK
99.85712708487107,26.349822449054127,87.41256168341455,8.062360318655521,48.651561857924406,0.40346162106938566,Organic compost
12.736788862657805,55.492927986656646,34.70983510572684,5.136734529762754,34.02976230740006,0.9567595044094885,Nitrogen + Potassium
70.66858826700829,17.55579248514578,76.43844240984484,6.4377067259055,43.4340386937012,1.3367534150381462,Phosphorus source
18.63826396591474,44.5903235439674,29.09865158906112,5.6397057253977545,52.7324323557377,1.0706217912811946,Nitrogen + Potassium
76.6847736187331,74.2620312303361,97.41280432066695,5.695135642983864,54.51048070712218,1.0064421442700417,Balanced NPK
81.11772947586896,37.18101911437712,114.2382835562274,6.623057704421582,65.25478680375488,0.8257007974979356,Balanced NPK
96.61689974361303,34.67306102069013,10.089688553370312,6.74950737860928,48.35984576521263,0.35029784115119567,Potassium source
83.1702659745112,69.03013470464175,105.51745905177671,6.319135069760977,38.70064644605274,1.3159010788581913,Balanced NPK
119.81618971391059,8.94543528736122,16.79584544773931,5.1899075337025895,42.373685870738406,1.2199157508591056,Phosphorus + Potassium
20.305010254041953,56.671065502829215,28.827681458785953,5.115365397585826,51.69100253235567,0.9720180518343422,Nitrogen + Potassium
41.162429340125726,29.167746680311915,48.93879485509898,8.252309849557665,70.642379065464,0.8857611602355122,Balanced NPK
115.98025510467845,48.628998268356156,21.168547252788876,6.70506403140777,72.61643093092033,1.061454580535205,Potassium source
114.79332187728744,44.816274257790724,110.30319956670566,7.683058373014792,67.59008951460817,1.488892079720419,Balanced NPK
43.246622666826156,52.104280690323606,38.209797031572194,7.988642353298497,51.01127560150252,0.4285854778179239,Potassium source
56.337017592697485,18.630726867218804,60.37465020868305,5.271553821765678,77.56966330197163,0.9756025926844489,Phosphorus source
118.97283380934454,18.03251196672181,52.285705024340615,8.25933693465965,58.43753733002306,0.2910491824684165,Phosphorus source
107.1503452618517,19.162643123474968,38.799205873577556,7.561141646911553,59.74838807803112,1.058773104775211,Phosphorus + Potassium
10.594673496409914,23.70360742281956,47.93856635612338,6.401168465603267,15.175439298806902,1.0779915141182586,Nitrogen + Phosphorus
108.03747828549396,79.22541124262379,97.77784348209612,5.709099515927896,45.790005065767595,1.3904557093609475,Balanced NPK
17.325543619791077,22.12470887328187,39.120873765497876,7.133514587418686,76.60639261652872,0.8273668479596763,Phosphorus + Potassium
72.02871780625057,52.98964319681473,103.6686902073851,6.002156872494886,53.83742781479633,1.4028903071924177,Balanced NPK
113.28276027297848,33.69820618912877,22.2973658151782,8.23537065638534,74.46758184336468,0.32641715623279177,Potassium source
18.947771915171636,18.885374516923683,81.15338047273364,6.059174513839712,26.81395872068583,1.2395192943358897,Nitrogen + Phosphorus
36.82763096725105,77.03129241479694,58.22819950506892,6.479078930355445,76.05445517310838,0.35616896543407467,Nitrogen source
22.6437043472214,37.5179693902079,74.57735344715093,6.778228317926821,76.84389582032108,1.4911116754142097,Nitrogen source
14.495114332914353,17.41108147552429,70.89926624892527,8.325454528839796,29.593576291170937,0.677195769339075,Nitrogen + Phosphorus
35.41658865106865,77.55688777150318,26.924229030398646,6.975971737140561,11.606785428725601,0.9821745800340289,Nitrogen + Potassium
53.16981074069885,47.423793630341116,18.827911809141618,5.3187445068900026,16.456960060527756,1.2857409124046852,Potassium source
89.65947139458925,14.628080858074611,44.76510169465645,6.527513080105958,16.904496570711807,1.2919659898232667,Phosphorus source
49.92299667645635,55.286797227452915,80.61731702465359,8.200054640711015,61.93544889551918,0.2447582428851502,Organic compost
27.057633289523913,38.366119309195255,20.23218591895187,6.37140523866324,78.41912866312293,0.4671084786459887,Nitrogen + Potassium
87.52036664838786,24.495417812530714,13.757783302679414,5.344427634901588,17.272643770619016,0.588718366932828,Phosphorus + Potassium
115.6605490590515,51.549565799756365,23.529652005564294,5.245896745697828,77.95423028467711,0.42277049511328535,Potassium source
39.750460418509874,68.12640971058758,71.03835050096049,5.793356125817691,56.51204668818402,0.6829875293053508,Nitrogen source
73.97268662536888,12.25798644945555,106.82195736273448,7.084167203871452,10.3034518617401,0.9267992188886991,Phosphorus source
49.82795448014249,72.91433602632435,25.240475714684553,6.1679983227656425,63.51796274152081,0.49280363423136586,Potassium source
44.44703529224249,62.84313659641359,88.35643233574726,6.258888815147616,42.71900402046024,0.9180568115490972,Balanced NPK
107.67538454867761,54.612950469290894,75.17487253392859,7.838283239000605,31.3029081331893,0.7771665476848126,Balanced NPK
85.53194475251372,35.290774365012325,62.69877006967809,5.56134328884243,52.70156176192673,1.0323051943652586,Balanced NPK
104.1804229983713,11.405806774707134,108.9537444964356,5.300751454183519,62.17087374611012,0.9657213606871367,Phosphorus source
54.66697301793058,74.26079418866865,60.2225986723424,5.086615734201439,46.44119834122755,0.8921958090676141,Balanced NPK
91.88119939252437,31.86865537684895,18.132956070819326,6.223134653192767,52.18278857473459,0.9081785501400323,Potassium source
103.1692248675917,25.26518022733802,72.61896123205466,8.414560447083462,31.956433252962434,0.7669301393764592,Balanced NPK
119.36467029726985,15.830588409425939,73.09475818292835,6.296221805196328,13.22996720025599,1.1890176838727573,Phosphorus source
31.871496920192982,71.90418233740415,55.96335799905831,5.506188656182986,27.221028092246375,1.2827337803141068,Nitrogen source
51.1267408840026,24.220033308655815,37.384084020804934,7.041164924014755,27.97770557408478,1.4159328988505646,Phosphorus + Potassium
15.430430483931822,16.689118692943595,57.18525134482408,5.72896694947155,64.50352649316743,1.3915051966120755,Nitrogen + Phosphorus
76.02038263840339,69.05144662912134,98.06449774979112,5.555194035310507,15.470398760682517,1.017742570489706,Balanced NPK
118.07762544845875,67.39307484716196,77.79298614904992,5.388301684827434,64.57987663234536,1.0878600983592899,Balanced NPK
112.72687432483605,58.20552587279744,21.388145743586986,7.1321846986309385,38.26334148796699,0.7477971183415997,Potassium source
79.62487622164434,72.47516745621682,93.57588438409661,5.078061462745768,20.289926516426263,0.6721442833707669,Balanced NPK
85.31586727578504,52.56460134555344,65.40559090778979,6.505465626624018,65.26947335901177,0.3244060791473737,Organic compost
75.45430013075918,65.63697983231708,39.96470936733958,5.707879730868414,57.14217846942773,0.4283200282259021,Potassium source
63.704449948693224,74.21203407756255,16.67560585058108,8.182024912526648,23.32546674960259,0.827051319435391,Potassium source
24.5452471243492,58.24015901484894,119.75510159948203,6.057346994885367,74.72860914921698,1.1489537992851462,Nitrogen source
116.19655074708879,55.38465205727709,85.0206238658151,8.303102925988778,60.919018499936655,1.3016877689753525,Balanced NPK
41.302982628186,17.66611711436217,80.4061029948537,5.884126279678666,40.08875636398003,1.3122549111384312,Phosphorus source
79.41881871742414,75.79081625207357,49.01847528778458,5.982176947596887,24.959968161304147,1.4692794114999552,Balanced NPK
57.260165200200646,74.00589372860553,47.94007395227507,6.007044535181916,63.95843307160043,1.0034822732638247,Balanced NPK
67.7129233194148,38.01652615288008,61.307764022680246,7.920571855108259,20.71792154659706,0.2663542587821266,Organic compost
10.654389657455583,42.12521384993301,99.98043179883187,7.348395116180187,79.33142814629534,0.9929550603114303,Nitrogen source
66.00019027814852,48.62172931288846,107.03902258474572,5.051235441415238,42.65500441152586,0.7345210596654408,Balanced NPK
114.86494162765655,19.044449963363938,12.810112371804244,7.210885658302192,53.75132564632766,0.6151397546399787,Phosphorus + Potassium
69.37252206567034,49.75063836306564,48.83432055715575,6.471791186585828,19.925823282695085,1.2023324997465739,Balanced NPK
52.809966988287385,53.412529408426806,56.92928076743402,5.567894945890073,59.044779859043054,0.7425376310859366,Balanced NPK
30.389051923335057,75.01229342247196,108.26514373494291,7.545053862480864,50.32431330062872,1.0127459764779159,Nitrogen source
49.62277764837051,24.721254131638208,75.12704159562544,7.590027623559598,44.660016612192074,1.36421182172117,Phosphorus source
52.72469885929621,33.235410070593986,56.80731045602063,7.464695096708635,11.921933414930734,0.6599523222885343,Balanced NPK
91.72108279229877,46.60740995093509,44.086661236369494,7.298515663013421,73.07922038086086,0.8566643802468974,Balanced NPK
91.315878318286,19.881170575908698,62.02942996547775,6.0195258639876075,79.49524014597677,0.48435352368803036,Phosphorus source
114.21517795618449,35.65405945664742,64.81835202895797,6.833621440262617,26.9266448518498,0.5106176928757116,Balanced NPK
51.36371677849819,60.89006398988938,87.08488581626662,8.491619154616771,16.186414100608175,1.1870852908508998,Balanced NPK
31.442758802662038,43.32652475702346,31.6020020206045,8.276350684859693,45.503552570080814,0.810360782321222,Nitrogen + Potassium
43.814134873968,38.67151437554987,22.17675721755097,7.3946629257697545,49.94671667077251,0.3294323865894479,Potassium source
21.261468025160287,26.97216803155043,62.04180091107852,5.7793359558617405,19.19337912365588,0.32524404806210006,Nitrogen source
43.56181153461118,52.22090179035026,84.62018386931764,5.990036242712352,40.84068444997909,1.016997842966685,Balanced NPK
49.604891359234955,78.39566169162565,86.20015773984947,7.024475405685582,44.85332511884924,0.8395306619798921,Balanced NPK
42.090104018234975,10.793088660672243,102.1705334766055,8.168937936425982,78.2156694800925,0.7251663382969404,Phosphorus source
114.10470390921516,57.67715003571834,56.43342443468832,8.214845030329911,77.79697648379941,0.8941113437956518,Balanced NPK
95.76097488894472,63.2449035316904,76.9717527349843,6.479715094746667,19.40400452456427,1.4973383370901572,Balanced NPK
17.883127946323185,15.11448456786994,51.226643542939314,6.394924157871344,28.70076780964858,0.30150289224314825,Nitrogen + Phosphorus
108.93556268401827,43.494389399209446,116.68265214890054,8.072880839503439,44.580928183500696,0.7046888344683093,Balanced NPK
38.0553106730075,79.47868301561864,76.55631391326949,7.9425127800844795,78.92689968227906,0.4911299751299805,Nitrogen source
111.73250183962271,64.58583482022988,60.01121774668468,8.320773921921106,51.29267004892171,0.7117911984715102,Balanced NPK
27.58958694898217,59.592210892078235,95.14337816896449,5.724190372250498,36.02890903523372,0.27155462410787695,Nitrogen source
71.29796674816434,50.004897425287716,103.3080919957711,5.091525033030911,18.375306664795268,0.24103815671226175,Organic compost
113.88934542262534,43.46654869143207,37.05999032038376,5.066856843547572,16.756389901546342,1.13620519993623,Potassium source
62.83117757283514,60.08181350044749,39.17101589515268,6.538423282318533,53.67037566464649,0.4760127605832591,Potassium source
41.627524042158065,15.620560593034888,88.29750996501022,7.0380198308043,41.12707393876833,0.9375379943859272,Phosphorus source
28.676764870455834,65.9664551014398,93.10149457216525,5.6370118414313035,71.999830528812,0.7121684243439954,Nitrogen source
61.00008552648511,44.84451703725448,97.21866419066423,5.574033247514008,28.55129222142371,1.4173414553254047,Balanced NPK
113.1580196053253,65.67287669172688,28.52767169266384,7.082419921555687,41.21793931351872,0.3049654105916171,Potassium source
18.310236808180278,69.26275935922962,19.95492298019491,5.949865128251986,20.550722850896413,0.9476349909587154,Nitrogen + Potassium
93.60238995050916,24.888705759240942,96.02511511827163,5.612388037706663,34.971520882299885,0.5157456275137746,Phosphorus source
59.97751795028612,78.57564281972799,91.04769468945916,5.7201628086870455,77.6503953838792,1.0857420241567108,Balanced NPK
59.959187641376616,73.71895205834836,93.91137969487355,7.552176890237034,24.065269711281154,0.36635375149241656,Organic compost
105.21806480875864,56.011656028348206,99.89664667336042,7.680139335593112,73.2175244060081,0.688177190986913,Balanced NPK
48.52151450727779,22.764692519304553,21.59722710478637,6.690138114352272,44.87548771066971,0.34879885278225575,Phosphorus + Potassium
76.38773533915868,32.25251493640768,60.18655050380926,6.785086604361256,31.737730864478888,1.090571842544505,Balanced NPK
66.083590387999,38.10737733128137,55.055388947611085,5.082995782036249,63.98606184275511,1.4564368479753156,Balanced NPK
24.40700807989367,26.708177066069666,103.16107597654643,7.480402493392706,31.86775719672886,1.0443936470162374,Nitrogen source
110.89636907425269,21.47550899810137,84.76004731180852,7.841914879589712,16.671323911963807,1.4148606269617527,Phosphorus source
115.52636836341478,59.98005442298815,66.71664244952937,7.113855236158155,55.39054018216374,0.4003712893314726,Organic compost
42.43730872795539,12.565883172743279,50.750787396018325,7.607864917918729,71.98587090712097,0.682659921275834,Phosphorus source
77.77186316483339,49.61275761452199,61.97944138559344,7.429730374564699,20.556700900259916,0.29730200838153203,Organic compost
48.28376357574813,77.69852062951479,114.84299565717401,7.215759398209636,50.50953304128888,1.02317845382716,Balanced NPK
57.23134972082528,26.629075903563884,10.61099533006688,5.0672211930045785,78.05157022351321,1.167954011978288,Potassium source
85.91684978970659,68.33274143001992,76.76265042181967,7.33673717666467,65.30783580909741,0.36271231955400607,Organic compost
30.63980887728337,46.69741792814104,20.657303827913502,7.3079823016990115,68.25406769191119,1.288869066036827,Nitrogen + Potassium
45.564508482699665,20.20157116112879,115.4591486610182,8.193358045330317,31.94566853122269,1.3624061596110657,Phosphorus source
106.91105539360109,30.35244629453448,49.95079615822227,8.26163652237159,61.931157016061306,1.0027864564218005,Balanced NPK
114.81861430252161,69.86714106575505,18.22282351492423,6.745778365962113,72.69994392830242,0.34451195584365385,Potassium source
17.944892339684213,69.42922688779888,95.51209261635061,5.5852167385641165,22.676778117258017,1.2823903366946203,Nitrogen source
33.00757435311256,15.798615896880168,109.83132807656277,7.81768290097895,38.2649847257211,1.0138531408037945,Nitrogen + Phosphorus
57.343665710420524,25.584751885987895,118.54824917409402,6.909738793747506,54.6294889340203,0.7307491810510416,Balanced NPK
65.08151862136722,26.578881829156163,57.2208745353198,7.19733723978095,66.84867059455738,1.2430310188188878,Balanced NPK
11.256131446041628,45.11719776981563,51.064813496128785,7.124653907408139,71.71714301997964,1.2075491022876783,Nitrogen source
46.38055206188858,60.4371426505504,21.151647418376562,5.44854931467526,25.788974871855892,0.719670119689052,Potassium source
66.17477229356646,34.83850434572225,79.05771310905207,5.434617003493223,46.5035992867864,0.5541269538756961,Balanced NPK
50.11135211150508,43.16633836085621,24.592224204712572,6.358817056668211,63.25142973483578,0.5608402157882999,Potassium source
94.10245900726497,22.318110889074294,92.95899406951786,5.680400069715869,76.5850041335606,0.39989536151668204,Phosphorus source
119.98288456612367,22.17424489730452,88.12236047833605,6.067880401285786,15.753045808300191,0.23235984464872872,Phosphorus source
26.20151831023073,35.60563870011717,73.82342112286341,6.674814699709588,54.13210613152077,0.32457303298241885,Nitrogen source
84.4069285259621,63.888770875439405,35.37181428742211,7.771702385257036,27.500384896708677,0.7772980262533606,Potassium source
98.63885984450943,56.54155416832116,65.41051534048533,6.2938314121995385,49.45642770573211,0.875704216399066,Balanced NPK
116.85861108481342,66.96139180490707,22.807376627783963,6.443337713654747,51.11151126025091,1.116971138998808,Potassium source
29.5097992383603,67.3071825361145,79.29942434791289,5.236029525032088,14.136855850859538,1.092031723244855,Nitrogen source
93.11046139318476,28.28111204015945,27.81507622176001,5.769425411676847,37.45576718601855,1.0214378935855852,Potassium source
30.649222954965975,64.34882520902119,37.37607535010068,7.833478815705178,74.68247966917338,0.4134082796516537,Nitrogen + Potassium
110.95041205502055,57.90269585981574,107.5909015939598,6.2138434255436685,70.45626830157687,0.8198159581685573,Balanced NPK
30.86320437740573,79.74364382916211,114.28847264149938,5.436860281736169,41.933700086132816,1.4820548578983022,Nitrogen source
70.32958361233707,42.28161423233473,31.489447697113306,6.468328788368208,44.87358384152724,1.1282654209957785,Potassium source
59.503734313421134,52.62415111515317,21.166796573530064,7.673248008236189,10.229282718954718,1.034801705003872,Potassium source
100.89450164578146,62.50947167780754,26.20491766509534,7.954866107477386,15.54370748159921,0.2862642030126006,Potassium source
100.48672849173128,18.689029774289196,59.176485828840896,8.278216211921148,24.627459004658405,1.214758868732978,Phosphorus source
74.2883798216841,35.42718199562618,60.51538253605402,6.436086998691728,67.91121361761563,1.2581811983391216,Balanced NPK
51.076173271349205,57.29364714624318,68.5053772856842,7.618765034468157,13.503248201836406,0.6368445639035321,Balanced NPK
46.938696296157175,49.76091863033517,32.83999767082484,6.860928491318919,78.59016682068255,0.2565577107502529,Potassium source
65.37882004498371,15.371626070728649,74.06413699478134,5.843019916893214,73.17561753242654,0.6133882716754002,Phosphorus source
115.41440683287549,5.310106236961144,101.53261941286063,5.915892842195863,24.113573293846983,1.3493893325382205,Phosphorus source
43.481135008196844,48.79088152636413,91.0457494681467,6.467206029656381,17.093658086071123,1.3990381553307978,Balanced NPK
81.2250987245624,71.92980703771892,94.44993578225633,7.708935997998955,51.29177394447077,0.2080520727445386,Organic compost
107.09241629378025,67.31931672274811,89.97097893223686,8.073557875224921,22.894564432244287,0.5664164372131208,Balanced NPK
27.2833610174161,53.49641077551992,58.223109834091865,5.359254441261912,50.294591529926784,0.6406814831667708,Nitrogen source
63.95586649342093,24.603640352075924,27.726361102142626,6.577850472684428,25.83038591155681,0.7265176720174291,Phosphorus + Potassium
52.050284883370374,75.53188281316808,30.552904412702045,6.0025482298471795,65.43050138709103,0.5846211035387985,Potassium source
62.82893256130847,62.146034170246025,10.482640435641255,8.347956563994394,42.39831317657553,1.1872846860647277,Potassium source
111.28879864984555,70.76031499291713,34.241687227043805,6.943155414282498,38.745835933927,0.8920713984976947,Potassium source
95.75937951884355,31.585935679569612,62.493067808753665,7.127927160211223,28.939437440597253,0.9885861354891781,Balanced NPK
26.38035656749203,51.62347495421364,25.75548389990493,7.714809845437844,23.581480846386803,1.0399538295210933,Nitrogen + Potassium
73.93176094365154,36.89985797565779,81.00052569395366,7.962806093059771,18.411840175514335,1.079357677004468,Balanced NPK
55.11365150273595,55.54435496684685,106.25415536588262,7.28493146729281,21.187929195070023,0.7409743840903684,Balanced NPK
70.4393518244176,14.515769818575952,80.79722149509188,7.496346666324154,63.37607342350923,0.3558728524612762,Phosphorus source
87.56583509250757,32.46378907735708,33.2350937938223,6.835211267352502,50.090326321468424,0.7937932224814408,Potassium source
102.49296319861328,16.68476281187131,54.78688452291225,5.934556973281193,13.416011614975112,0.6407832304823637,Phosphorus source
88.9883237400933,44.24367643097888,56.06211910079457,6.661466729335675,31.875134136555694,0.35881257340871897,Organic compost
74.94727426450245,66.15443843852742,96.79585698600927,5.816696277149238,40.40013659954401,0.9177589634256222,Balanced NPK
98.2697407529619,19.73804995875294,24.545496829811533,8.260682499138742,20.20038742414888,1.485842515523254,Phosphorus + Potassium
75.88709037265002,42.42487423091662,30.78336859053182,8.011772817186813,22.051556268010895,0.7216483048718418,Potassium source
15.283792620694122,6.691093733851243,90.25340654227573,5.727099786446583,52.05536499894329,1.140425796731006,Nitrogen + Phosphorus
64.09653136615707,54.2323495713482,36.52633551972582,7.862517048580562,24.43637697739556,0.9677977204332437,Potassium source
101.94496187861876,64.49004459232984,15.639674331699814,6.2851386359317925,69.68050303442939,1.3062222775152839,Potassium source
80.00502568925012,13.139839206168912,54.46940083542077,8.364032105320312,17.45770887476862,1.2418243842092953,Phosphorus source
55.96028996404524,60.85556584342712,15.97424081990555,5.036100652588432,31.043989796109674,1.331233651253898,Potassium source
84.7779825616061,50.88678217909353,119.74474163849322,6.2155354090637225,69.51765883520926,0.34256505284910777,Organic compost
28.77992913607683,40.85725267623895,115.54272818574341,7.461909797148846,17.877115690644303,1.4413795071009834,Nitrogen source
94.22902774006101,60.24555115269652,70.6638036474146,6.377365040400361,17.69283477733498,1.0057307599115095,Balanced NPK
24.04595540716359,49.245914167967946,69.36136054176902,7.087835290081788,67.87490174417047,0.734531076606,Nitrogen source
58.02577617396218,9.498488352355846,41.65137927598225,5.28357748006169,19.923076749504727,0.754835733322625,Phosphorus source
54.791321396317734,75.18931517940081,23.12519927008863,5.522559214412625,62.56064160385909,0.22911818157660208,Potassium source
81.60410139122197,61.06708445683501,79.18856756978452,6.007317372568876,17.251088635134636,1.4924265111177775,Balanced NPK
104.52896771035918,59.79773642712867,30.574437487141292,6.5081849801989105,59.68738517830963,0.33186201564253237,Potassium source
115.30607713397437,76.6424667771683,26.554469224676755,5.689698816100474,35.48534697071759,0.7858896384653435,Potassium source
58.48092554407225,56.61531189558067,61.723345418111094,5.644888113777144,28.27156361996738,0.7345539827045182,Balanced NPK
67.1228088476757,74.22624270892426,20.58342508175208,7.815181296504142,31.759964518382375,1.1451363261171654,Potassium source
38.40832389154622,33.88582811144357,58.75824797792043,7.6277110962927726,21.637818406999678,0.6505180166861186,Nitrogen source
68.1406479275872,54.31944666486799,18.36763208039254,5.331541854049582,60.29361904336481,0.6759935057050389,Potassium source
28.217710251020094,24.740097227260375,75.80360972670029,8.336537596841538,61.23380788796674,1.2361739862174497,Nitrogen + Phosphorus
76.9293419439838,32.83861175188455,115.842892522292,5.284458185656408,66.60344041919808,0.5357523589783358,Balanced NPK
76.86441793443925,78.67897868538354,102.65208272742903,7.97549216394364,67.61475523864382,0.7899318635970585,Balanced NPK
53.23574551639457,43.89121401722006,41.36240176287963,6.673504950199626,18.875726170267473,1.3602946023222837,Balanced NPK
90.92377771370627,9.652295560898931,82.59438862152831,7.655442670241358,70.31283424294192,0.627862570225302,Phosphorus source
79.3808456882099,25.706486623670333,103.37687478175677,8.063059730623293,15.358707063418908,0.5705932942852258,Balanced NPK
21.309186515724928,34.90706632588769,10.566403629027782,7.739880181433293,40.201625613741854,0.8945794394079012,Nitrogen + Potassium
91.68797690946005,58.424290085907515,44.61284421949099,7.739685760384636,54.853027903466106,0.4836225588587067,Organic compost
13.217719370336406,61.71224183456696,28.221218118371702,5.394151289533178,39.4287367795193,1.3982333199133237,Nitrogen + Potassium
88.99707987377263,64.85462220550389,39.688176976294024,7.922681749827492,39.076635513239864,1.4732173779598865,Potassium source
72.67296121319123,50.46755785749641,110.66459576983316,8.31940673824375,11.235241929405134,0.5021950012697625,Balanced NPK
77.5669539235076,5.271080585237102,44.92832939851278,5.687098714539173,46.64339694834846,0.9765070414260604,Phosphorus source
30.791589897069436,45.22900429211313,53.63983455555587,8.4683664476159,14.557193444724723,1.292890767999656,Nitrogen source
119.94290761036014,45.619378945049824,84.8629824695783,5.447815430145721,34.55754841439466,0.4359365731101975,Organic compost
74.16528795121928,75.65669428854373,13.255297314025729,6.7305615181926886,60.64900630687743,0.7598062157918135,Potassium source
69.27566806082484,38.973047289640036,75.7239078773523,5.24002223982768,48.27563300306831,0.8653142881095397,Balanced NPK
30.004052798611543,45.10629979451552,60.94641913792628,7.076118507182113,49.46777507754979,0.7259649589319124,Nitrogen source
95.92480945009795,31.80919769347005,62.199097347373964,6.492435522119748,44.01105297290021,1.2402377848299817,Balanced NPK
88.06276607311536,8.1678433227242,64.4036194687473,5.436638240006805,61.05400207316487,1.482702596130338,Phosphorus source
78.06822342700444,33.48960927116768,17.954569895793213,6.163992384478392,46.77041037840984,1.3451160146068044,Potassium source
66.4292843247306,78.83236372069436,50.6083134409381,5.001719872970969,54.00376953574158,0.4848808289581106,Organic compost
36.816310137730014,6.306702296011042,68.46194922689918,5.86627720995984,79.60031694336662,1.2863541680622583,Nitrogen + Phosphorus
89.33090707505727,31.541866904070087,17.875684981842113,7.34129997958205,11.561105008685697,0.774081191756615,Potassium source
15.804736856364611,46.978083790246906,71.54960503344392,6.8571546513059305,60.021096525938994,0.4966018915962295,Nitrogen source
36.63852360563055,36.212247195781046,87.30476614061325,5.408633666227223,72.01214732483427,0.5278757176822517,Nitrogen source
24.067561931365518,49.9230662790023,40.31403002917284,6.430669824451693,14.278020135223807,0.8044532899924053,Nitrogen source
43.40648370019671,17.736659586425645,52.49462939143801,7.6952351240932355,63.45551099371891,0.6686317795149526,Phosphorus source
117.16594941276645,14.441462081934175,104.02259137084145,8.42633212463975,50.107186574793424,0.27817387804715277,Phosphorus source
111.31430545849378,37.77207377326462,28.907739054563844,8.119980495095984,39.88155922622818,0.8492033184228869,Potassium source
72.81226035041355,72.99506579131607,65.4124519035656,8.10871599773386,21.916099455984934,1.0017164954071371,Balanced NPK
67.8054181919706,29.37787467231901,33.37819740669638,5.244789872070326,28.321442274475725,1.0847653404680724,Potassium source
40.60296979117963,59.608131175649845,106.26678017440041,7.430068556165088,66.35484262936343,0.9451680427146465,Balanced NPK
114.12656420511108,62.22062245103169,45.49434864928525,7.5317229042612075,57.03008356807667,1.1768448300203045,Balanced NPK
45.12985881442196,43.21862912302954,106.84238623936224,8.414999893758283,35.19562725081165,0.8327148290504525,Balanced NPK
46.39072242445689,58.84543788335794,14.266760685590313,8.338344037983443,48.455759029571084,0.5522328306633005,Potassium source
14.101946057848062,47.05570621148613,74.47944450400897,7.433357856303045,46.77766907961683,0.8704159810015202,Nitrogen source
43.45424317915988,19.55281190210235,37.61036429941797,6.311648858010265,64.13421526579509,0.353730777337268,Phosphorus + Potassium
80.80519926111168,7.847095342198519,14.739593010602428,5.957769672035271,35.00340741192737,0.4468546278230946,Phosphorus + Potassium
107.48599995227599,27.853743995512126,61.51944601426116,8.47940743340778,27.772929815101058,1.0044311365374314,Balanced NPK
92.11775131732486,25.328179296233138,16.32302379744133,7.769774635165451,30.231518684859942,0.6176403808066775,Potassium source
55.62180867522909,7.928722919748844,103.65581401562561,8.021664387988501,70.99540825631877,0.4374070905731239,Phosphorus source
117.3833190485004,54.61143719550393,75.22449736768037,7.527929952035991,62.91689813287051,0.7409656104368567,Balanced NPK
74.23147887365523,48.88579941448754,10.859083463108256,5.034185582325276,42.9493168229481,0.9260119908742599,Potassium source
87.79432592318153,61.45361874576215,74.43588399881541,5.99537831282149,53.351686236583575,0.5377410154916216,Balanced NPK
99.93326815130834,36.74870057750376,108.4451545389621,5.447778297736059,59.3831765382593,0.7581163569544889,Balanced NPK
24.01167689405181,46.926171929156204,33.30391859761073,6.023248253426324,41.93548645220805,0.6736683437643606,Nitrogen + Potassium
52.75868539178001,34.77712813842021,11.867035142803797,6.285600446255174,37.54532292422696,0.9705561964884426,Potassium source
62.90095728789583,17.940677082702187,74.67039332484619,5.122790579584209,33.329100190801604,1.0061487295880018,Phosphorus source
78.63809032323995,18.530805846634497,47.31083071627506,6.60194085643812,38.80000940854059,1.0910350527199424,Phosphorus source
91.42069770957592,8.064565439888675,91.97941847046629,8.074768423787658,73.97341239512465,0.2727763016285836,Phosphorus source
107.20871027004516,17.277929838744143,47.218064739788716,6.335817266469392,30.929033638374335,0.5831284011269526,Phosphorus source
28.63545469647911,54.42618496357587,73.8496265483267,7.147324314395763,46.4949196188143,0.4870863263432878,Nitrogen source
74.49395649546848,54.029516057655925,15.711568972652428,8.457088369186472,50.58495714554463,1.0298321431237258,Potassium source
72.66499411894168,56.80398420441388,82.2528914557582,7.797034895902647,21.308261925598494,0.4128401571946112,Organic compost
34.153732679953464,77.25898905446802,49.27391077963995,6.106610873093778,26.05164633188994,0.8258270823438911,Nitrogen source
109.58478916306892,55.56342365031229,30.65371386555325,7.930733189827697,76.1853296578721,1.1269703137286848,Potassium source
75.29859744850445,55.38286063471693,90.95745298024826,8.007906465142643,56.10694725699529,0.8909183419170876,Balanced NPK
30.069481779182194,33.06690305293145,19.305319779504003,7.549845059002729,79.46049099872829,0.3247549756250768,Nitrogen + Potassium
58.421541457766914,57.5057097811098,13.291409752433811,6.538500214603149,65.63438462033848,0.5811704901656767,Potassium source
82.56723319212409,50.55055904335124,87.0033949003194,5.8405519875072045,21.78339681943482,0.22198437237513585,Organic compost
62.83842912722625,19.01286281544457,81.63279004092098,6.922122985011784,68.36001205938231,1.2425183981369659,Phosphorus source
49.73328405227237,27.220092541971745,19.038964104631358,7.6473022902955545,44.73432305021705,0.6371862524387691,Potassium source
87.39164993030457,25.55786643529684,62.58364411138573,6.5258666332667,28.916139057016945,1.2275722774736242,Balanced NPK
87.80697841423124,43.96496787118454,86.03700314418018,5.312895740368111,40.08804912276577,0.9801970809679124,Balanced NPK
53.319943024432646,58.55928645829257,67.44391202020125,6.340088269957132,39.074476813890506,1.1311165685352556,Balanced NPK
17.23889886035476,67.86142540416363,16.309353153888793,5.464359443855031,66.71475767248873,0.6867979472106698,Nitrogen + Potassium
60.536789096432166,32.9568533300223,20.23510169074308,7.1299524113345845,58.234952491904885,0.4469138821464859,Potassium source
92.73104171072161,12.485178205521597,95.23009563756922,7.454676300786718,73.84815962677962,1.2575468499576008,Phosphorus source
102.89450722428487,76.82801777287993,102.87672086993216,7.787424260427351,23.728835172950795,1.1815965193874571,Balanced NPK
79.59771065485046,77.11724977022809,89.20373560335868,5.908518973700822,21.48887425079274,0.5657651748664164,Balanced NPK
62.81545591506125,53.9381142052694,33.66014133326067,5.814871630198024,31.130532385855354,1.2494677738832547,Potassium source
50.19623267835007,10.878558831593796,69.95387639368343,5.020821140029499,57.15928196800428,1.2946980909498669,Phosphorus source
28.302023108868823,68.34499019647157,84.69260263041477,5.344934795827256,25.952600635409354,0.49554075663620356,Nitrogen source
32.63063435611329,30.091291292298965,109.84407020620246,5.7844926970118085,74.8691110396621,0.9145558688059288,Nitrogen source
66.87399108441168,55.5335594047798,98.62445273587832,8.351726198253242,10.188273244989324,0.7175707915063472,Balanced NPK
29.69338174146864,16.381251028721994,26.17281564168673,7.484218901190937,13.579863042059621,1.2877421350796276,Phosphorus + Potassium
92.78237744196417,35.695276956665985,56.80056678566677,7.374268442430751,10.753985148759165,0.703274076429693,Balanced NPK
29.814971782005788,18.558374475553034,70.56491658629682,5.860750224917996,36.26286465291126,1.1325105019583799,Nitrogen + Phosphorus
78.27393123705838,29.751707516922554,15.456296046522663,5.09333193198682,44.128227298765964,0.7479903544930884,Potassium source
97.60905653403707,11.151881651929457,103.49213145946462,5.743863123480009,34.551185471412296,1.3179068867451318,Phosphorus source
102.14200490881842,43.617855881037094,18.983198366581707,7.066671525910447,63.322064770109705,0.5410053317001948,Potassium source
30.136794956988684,42.278152934820376,92.42364078244653,6.767111426947977,26.76257127390949,1.3295913329237987,Nitrogen source
105.92074674474608,54.37487716457949,18.171875493865706,5.8124369784214815,53.30649348354224,1.2156942524497165,Potassium source
62.168673806438036,27.803308092517454,107.29739461155488,6.334661965812018,74.13682100137346,0.892043261720572,Balanced NPK
77.57068798028317,14.371784615241236,39.43432354447516,8.411397549116987,60.30672842491029,0.820196989696613,Phosphorus + Potassium
67.35698250813812,11.584641147428242,96.1663061756417,5.2497811734169,37.08946652515228,0.7338479831936744,Phosphorus source
76.33935003182852,36.16496961291773,115.67842651463526,7.792659981848036,77.15279312424022,0.8743551548530382,Balanced NPK
43.245838792323234,78.59827023996311,18.934620289710892,8.244778737756013,16.704732775219373,1.2489782385836028,Potassium source
95.79247926826775,54.47738736426527,96.08085381123972,5.308201004238489,36.14572128137715,0.6374419213126713,Balanced NPK
117.96838863587887,40.44012029827144,15.461518473007356,5.907596817258561,69.08584867774633,1.3591403031663247,Potassium source
112.00931311178998,15.808883923256726,85.68956606474862,6.40817005916662,61.48321216508971,1.2716963182083696,Phosphorus source
38.73803953455279,42.52535856581381,46.001489040119154,6.595714924521774,30.34310660290001,0.641526575151248,Nitrogen source
39.950260184948036,27.383177015333736,73.57613546341146,7.100992387608406,74.4515812605757,0.7077542042639655,Nitrogen source
82.3216367723145,77.41015389134301,61.29977140544257,7.727033507336994,77.88267234528045,1.2267090882665679,Balanced NPK
18.85537301821062,19.48345030331765,42.437206785016784,7.4017552144390315,57.00067801459077,0.3782976188277857,Nitrogen + Phosphorus
59.42825043944487,36.63642870960234,85.88551521326609,5.913316674361059,26.644282049953382,0.9757417454557535,Balanced NPK
19.11125389123589,55.16407994624224,58.33715475549434,6.877206786443049,66.13919471542366,0.4352631224778398,Nitrogen source
33.09409661892901,72.5810318232199,91.50759439539988,5.919438017315119,60.45101170975257,0.7943452849469546,Nitrogen source
77.90126048529964,63.99843107867601,14.923091783069964,7.139134654693505,33.692540886223895,0.8709930904084349,Potassium source
50.01299044052422,75.57871794480333,75.68724142344848,7.963096844659869,27.970766710215795,0.6739936741037273,Balanced NPK
96.57738901080366,22.58308408706674,119.99931066234079,7.310278191187521,72.77733027546785,0.33586922031127575,Phosphorus source
55.521250875941774,30.194092986585723,116.80600992150069,5.506621977193416,62.37142557358559,1.0201005836372496,Balanced NPK
103.64934451284395,78.29654327332685,98.64798236718946,5.882534541976989,68.39718360351901,0.884786837242878,Balanced NPK
81.86405775791846,26.033155140612674,99.76175207315418,6.555617810759977,66.58571055784766,0.7554304281195865,Balanced NPK
77.8196073567818,12.72458698400098,20.171255498450257,8.335392185267564,60.82458170823094,0.4245038990352388,Phosphorus + Potassium
75.7508908024508,63.589668113611935,75.85803904574476,6.569565169179588,68.46719321594821,0.2660074089145855,Organic compost
79.66692602935814,40.47558305828527,81.29830249061861,6.016573689223821,21.373277347862473,1.4664518341678414,Balanced NPK
105.06526475947825,73.17069045107355,94.56348974557541,5.227220275871855,53.953887388328624,0.6958453750245941,Balanced NPK
46.77171264418193,23.691556361112784,29.872540010203085,5.488072775835313,18.484643016888896,1.1250328697833134,Phosphorus + Potassium
112.3457540271523,33.52378462645572,21.662002288613753,5.774053856949287,62.289476323661304,0.6530861860834656,Potassium source
82.91058955535615,20.42178302378123,93.2455256921285,7.293109274587479,25.55657414182979,1.411565479771316,Phosphorus source
67.4925811252777,21.489736505541597,72.33468607444252,6.453637081903517,74.20003950261292,0.6028129746440125,Phosphorus source
107.49413534006182,60.678856115619595,84.78813448649791,5.643414230071988,16.029480657270526,1.3237681954492089,Balanced NPK
72.759611228587,77.39689708079759,66.80330280882265,7.06984305721104,79.79761196123508,1.1306592062726586,Balanced NPK
49.603300318776995,67.0846473951762,42.504296693510064,6.837764983597655,26.656350192737367,1.4930877374639353,Balanced NPK
112.79753009488967,70.5397405002292,54.12562049655685,7.549844607860853,28.254796090859223,0.7069996908205987,Balanced NPK
98.49865873879995,9.230602172680538,15.445030496118484,7.313771211631236,64.22187441902508,0.6986055395046733,Phosphorus + Potassium
84.2143975656959,72.72348126571734,20.998377865793593,7.906806572391327,50.72181579405122,0.7490622510978722,Potassium source
15.688317494841225,33.805637335392255,97.32787376712405,6.896875115737245,22.341557373529934,0.5018879482289446,Nitrogen source
103.23826299527775,37.4680695691013,20.503562759758722,8.406662318219805,27.742368706960097,1.2354332186771457,Potassium source
11.408247018925662,24.23755859116538,47.08351473765697,8.007988433567682,62.35637088650547,0.6004276036597571,Nitrogen + Phosphorus
96.62312033841434,65.75450866947061,66.32229117167324,6.777606066925565,45.66660523622911,0.417615939287622,Organic compost
99.40047287917854,58.595425262100285,103.4322868366382,7.854860156950867,64.98060208872644,1.2144896589769085,Balanced NPK
113.88957452077727,50.40582407877508,101.07301146702622,7.804693063725972,28.91635935791848,0.9354459504358859,Balanced NPK
90.26608275716131,12.760011719376706,68.36391500525173,5.009940033904223,26.821143119333154,0.8322821673277467,Phosphorus source
43.762301742542554,62.83174437957527,80.11444880895618,5.936390012215289,11.19544949796109,0.5311269101331206,Balanced NPK
67.09815453569192,62.167260757232945,76.37045902286003,5.195362028302543,42.65644224761308,1.4473689200239026,Balanced NPK
109.44506188814572,60.67963547833126,41.21963517888895,5.077584165544931,41.94567934436692,0.6867704276746769,Balanced NPK
84.34327458839796,10.294194327318522,111.5716384560841,7.575508285268369,77.96988216879824,1.3249078761786333,Phosphorus source
57.3251233725095,54.687264239579044,103.01923675599966,5.713562763354663,10.674102363059175,0.5998583829423412,Balanced NPK
58.12003618725027,51.842791245260635,38.97667799345075,6.547208954138081,55.40755771076232,1.2717508023382145,Potassium source
34.962884422026335,64.99277006589358,113.31203159427879,6.43346786783195,48.63914938942208,0.21297908905926077,Nitrogen source
88.12305277884862,70.40100055339546,12.198592333221633,7.952836535370929,20.43156294085452,1.2947284237730816,Potassium source
69.60952560471628,32.76195290863561,113.53891973968308,7.143252996670582,12.705901175004698,1.195800506714082,Balanced NPK
30.06386747147152,74.24561583844795,28.310157993820116,6.706802938041865,46.58045106993317,0.9329137119799356,Nitrogen + Potassium
68.66240026010485,37.92844194481827,88.41151380205899,5.544459136428818,65.10894221974672,0.24868603640379172,Organic compost
102.63049571119848,61.23716677729251,97.49396888377275,6.039252610523233,69.47954628223141,1.0985050691261753,Balanced NPK
116.53953566755385,6.500834857645833,96.95746201923647,7.181558947365218,79.23263527305616,0.775953745146905,Phosphorus source
40.762097556650424,70.98090786750701,45.8263411518494,7.459758547801027,33.22935951756392,1.429439038031183,Balanced NPK
67.87103948333927,28.984329075898863,100.46609784861074,5.2186591833978655,16.563057663495748,1.2877310554193147,Balanced NPK
45.575533334549725,18.241621870221923,74.5869952804018,5.891020233134265,79.10282806325569,1.2667811802478295,Phosphorus source
107.80927431195637,67.51898322955687,107.44467017488041,6.1829269573021275,57.138851687289,1.379077463554561,Balanced NPK
85.45456303035175,79.78661883625016,105.20869721345468,5.248283022241545,45.1165723316309,0.5582025180404944,Balanced NPK
106.2560967784824,75.29356247939673,72.3279063734521,5.203491817057221,34.267576809040804,0.44514854508611923,Organic compost
68.22010042751384,78.86296416244203,47.75871271980621,7.568908560156222,68.1738018468734,1.2792259368322125,Balanced NPK
26.447942651120467,22.808360506473562,34.560487834346766,6.040477226368017,13.276419945563937,0.901194234842448,Phosphorus + Potassium
91.50230412714134,24.56135797771089,80.38129062292097,6.909552454785851,16.941885701411273,0.5117120851569876,Phosphorus source
36.56328523879741,41.650934750299285,79.06364780552093,6.054809691636275,18.8987288509013,0.5499843431539443,Nitrogen source
14.420541743851233,61.14990122892416,86.92416686955643,7.347313448118703,53.244615274721696,0.5870027964087696,Nitrogen source
22.703160141777452,49.92615083779292,90.58329405515975,7.837952956178073,60.857178249618656,1.0562634231219963,Nitrogen source
100.68340857852714,62.133176280790515,113.93917624392968,5.021166371410039,20.266848522073982,0.9536768618472586,Balanced NPK
54.11651135289928,30.537905616491287,92.04989273123567,6.87472849136067,46.85411095905466,0.2647856339995556,Organic compost
60.742611428063164,50.6015947331376,40.80926445330181,5.8364382069969345,48.5428839566338,1.3855463210447359,Balanced NPK
22.801008514315704,28.183466906031246,16.395249191778035,6.1388414773282385,58.63886900645962,0.6142738786620885,Nitrogen + Potassium
53.83522943177758,75.16220726126296,48.17894036987198,6.88843275828115,75.35383530825523,0.8610663566544292,Balanced NPK
28.716951335008375,15.731223405007734,108.87847689324788,8.099723585554258,27.571981694956065,1.0101712627446753,Nitrogen + Phosphorus
28.31812391525547,22.362076758044637,111.27285372380165,6.406180860121501,24.59630546682058,0.8813593431077789,Nitrogen + Phosphorus
103.61059546618537,67.47134904766662,82.82200264321152,7.8470679252390125,64.56864021081023,1.4527481247025504,Balanced NPK
82.14242440797062,49.84250877055761,109.62329355493144,6.265415268654452,44.501965299749266,1.3168738792635843,Balanced NPK
117.68636515311313,36.59509560823169,74.8773554486086,7.932026136225148,46.31273432160646,0.7258968818215781,Balanced NPK
17.135171242242183,20.90420859937354,46.45720033033649,6.405757832137702,64.33459230525449,0.41685494927280214,Nitrogen + Phosphorus
17.963276758791757,49.08334886279307,10.89131604375115,8.258025103015386,27.921221329090375,1.2837426026307197,Nitrogen + Potassium
51.74828929406471,79.91379411729045,65.13969353131856,8.370017077598458,42.82147449303043,1.1285250126198147,Balanced NPK
17.000107323310775,38.372580958388546,39.78654687143917,7.776116989737634,47.270497709909485,1.0320101492489717,Nitrogen + Potassium
37.920083625908056,13.762389417664604,84.86202358297277,6.547948941412649,39.19213633899108,1.4531212187372013,Nitrogen + Phosphorus
23.0087061841758,53.28768930077733,16.627637862602928,7.39721246291097,49.175010441611526,1.1449811008430766,Nitrogen + Potassium
92.59055587626996,14.903318864041783,40.216446807636274,5.883381626773229,52.56190244925412,0.5358671079613115,Phosphorus source
66.74680140535791,38.1598209113731,74.42184157427369,6.229757940652856,74.74646873407966,1.4545116206907547,Balanced NPK
48.59652238373405,73.56939294510988,97.23369626791745,5.791402942919653,49.39667555248125,0.6909089893231132,Balanced NPK
98.10299324943281,72.04359762900076,78.46536381329439,7.205462574375467,60.48766786702159,0.8435934596794685,Balanced NPK
61.772490063219465,47.240283180554634,100.01981195751432,7.2660128524454635,20.07879803446395,0.38253005739782975,Organic compost
55.74879039704078,54.43191823108222,53.02191975599616,6.336106143856959,72.68144082078463,1.3286906076289997,Balanced NPK
62.32282045859813,58.87129754057058,59.73048899840293,7.110985828082647,29.215791100586618,0.8467957639565966,Balanced NPK
80.67929226116885,38.13337060970593,93.53248699512565,5.935626897274644,10.90137030635378,1.3885264625633047,Balanced NPK
49.7137038531156,23.906768122396844,62.36634017997793,5.872795092132094,61.32705741441733,0.5988354558940663,Phosphorus source
119.08600203766312,25.717119254077534,49.80619715697992,6.884334551467673,10.233330649066255,0.20537810826456515,Organic compost
35.71525663893277,11.124890266724359,93.60742263585428,8.051360943586134,38.927073968642325,0.8714738101841415,Nitrogen + Phosphorus
77.40179158130016,12.116071453822915,61.67981710970012,8.357809469758575,24.55180540678795,0.30927667555814436,Phosphorus source
40.86281915154093,46.094362805319626,105.53392533106613,6.2418198727229495,34.13655021820941,0.6459855247225967,Balanced NPK
102.50113418120613,40.198130183964565,46.45153170205991,5.619324991558689,18.7920913273293,1.4663777954634882,Balanced NPK
63.506648788621085,10.415289388312184,109.69973222905455,8.339285569374333,26.60237048106276,0.6108911028991281,Phosphorus source
115.65373005304996,6.182095906570577,45.6744709505716,6.505357314216714,63.92716846457276,0.6780774656704338,Phosphorus source
47.22517699820764,59.70498416669706,103.42366687357026,5.326431002233257,19.972992035577388,1.0577016705306383,Balanced NPK
44.57752419208129,55.13268377457565,29.13317648564138,7.814080213966516,32.499275862453814,0.6357004399866586,Potassium source
29.67569655401225,20.852296706394263,75.82353529459182,7.035619522869338,67.70811871490373,1.0193639948594337,Nitrogen + Phosphorus
57.06310230601457,65.25699606117743,11.825081462678286,7.456276110774947,48.023145428677765,0.4871611006559385,Potassium source
80.12410798297137,78.99929060102596,48.1159242596967,7.234766618144291,40.7561331016762,0.7101692700274809,Balanced NPK
43.787775982034375,22.171275170735438,35.91440833938775,7.709877686602672,32.66508537401749,0.8884485818255234,Phosphorus + Potassium
33.48642395332885,20.935077299338882,74.57869840739224,7.03967165973296,45.36844114865092,1.1011417797234122,Nitrogen + Phosphorus
80.07282600916756,20.00756568278325,16.104505924628253,5.9438561860452594,40.1872867217457,0.47078778883354483,Phosphorus + Potassium
63.064160468955045,7.753207476635006,62.483694596279356,6.2302944242980764,77.13741898497497,1.3397098332477388,Phosphorus source
114.62299548732322,54.412233608314075,116.91489777202477,5.6633158070044285,47.2674318414488,1.1661341150808473,Balanced NPK
63.05807450097932,21.030998591133923,81.92027810777513,8.39923354965735,46.6240319184443,0.5225444016738208,Phosphorus source
14.456943784945363,12.810262594818386,95.49463672890627,6.698404989430944,24.606161916301126,1.3181012375530556,Nitrogen + Phosphorus
57.96836642034306,64.68120382782205,99.24218476597804,7.512709479572397,78.0801974906765,1.365970741964356,Balanced NPK
23.798214987309123,30.781406196324934,114.96723822040319,7.294492206244859,41.06130130886474,1.320756984263777,Nitrogen source
80.27794587781017,32.792972428853105,39.83722533595848,7.978860809993477,69.27361342457945,1.3937978281813816,Potassium source
96.29980380205416,18.857674956048697,52.732601461277554,6.148280161265375,28.051308752235713,1.2331436178736341,Phosphorus source
23.71045744725493,40.9405664297731,105.22029449883003,7.761397922914433,28.716209235530414,0.24621134428982475,Nitrogen source
55.5264735468562,49.51293248494071,104.02247278575646,6.8489427663312235,28.606912011639317,1.0979833528150449,Balanced NPK
54.182390806849746,66.89276960979494,12.60978797043085,6.46653851850691,39.55108302010989,0.963806447963719,Potassium source
49.44723262321626,35.16310237933979,90.83819476212416,5.599489113762792,26.685893226757916,0.33310330838642277,Organic compost
38.34377677220202,42.90431320773877,30.80742222035507,5.257520860351073,79.74566214811992,0.7917679485241047,Nitrogen + Potassium
101.47032360992932,60.408059662015326,28.198624986843217,6.792973758178183,49.75011606632434,0.405187349056773,Potassium source
22.308687031875664,24.742082737714576,38.738998767567615,5.971549128929633,27.671940207054803,0.9108593664918663,Phosphorus + Potassium
42.38348456040338,62.87336691602263,15.761933949743433,7.175276334698836,64.07115672085104,0.7683200239383521,Potassium source
45.125714018885226,27.731582048313623,46.057240023622036,5.410771259925342,50.67529601596492,1.010517559351938,Balanced NPK
52.86500824573083,76.68936700073449,110.25780355109832,6.0425626822354355,61.26459373584776,0.3512105998917484,Organic compost
93.3595194463992,60.180421212110744,49.22914952065735,6.354327164403722,51.024305657863565,0.564287580518086,Balanced NPK
73.00097096537169,71.5719035103541,58.9321314471688,5.714727381592628,49.063105164445254,1.0487004410193743,Balanced NPK
67.85828515133579,6.772173586827339,83.62088855921101,5.129130544130294,39.21966571167607,0.7387170353697499,Phosphorus source
103.10467248819685,69.7004272675162,95.25459336514999,7.869051042947339,25.31616761452129,1.131169311978962,Balanced NPK
92.42124710916076,63.355549685212054,97.42614707473057,5.571349656085781,27.984752895575618,1.218792461129497,Balanced NPK
26.208349605286624,14.297066810212792,117.47147427745826,8.38726643588306,33.57136562798981,0.21117104192696556,Nitrogen + Phosphorus
53.80711767684314,6.940524363578911,25.77705809137791,5.7843984312193975,68.74539597068757,0.6878906854632312,Phosphorus + Potassium
10.904308233875154,52.76576774665455,17.769271064894642,8.129366123466182,27.174758315237277,0.5090636748771395,Nitrogen + Potassium
53.6748304213402,13.058456305244013,12.545187086372696,8.200286306883415,70.45258278265867,1.391216757255427,Phosphorus + Potassium
84.4303378581931,5.9764788947190794,117.05074132443484,7.4806702647416055,39.06625434630846,1.1522234704449457,Phosphorus source
72.37830818614266,55.376011599320364,100.65148844808668,8.276641071545246,65.76583962213375,1.364648110383393,Balanced NPK
72.42538121365213,30.382459002106547,83.66584046633,6.946796356155078,13.934832895053372,0.9486460302689792,Balanced NPK
55.915458696169566,32.717892929464085,89.69063315996442,8.097883829989984,23.799808512366727,1.233364660194495,Balanced NPK
28.65542810275212,48.2334622128872,103.302651543467,8.170439485729458,31.59113947008478,1.2645450889490875,Nitrogen source
106.66682179850463,17.958155430700188,52.319673890219676,7.716873096259523,11.030307888700355,1.013495231441741,Phosphorus source
55.610666912123264,43.81351623682071,56.02027404284999,5.683861334840799,34.39187555509786,1.3193652720001823,Balanced NPK
77.20579643900875,40.794721772030876,87.66576401979063,5.643054171134777,15.843102913328982,0.9131792258510809,Balanced NPK
11.265226376632189,16.116256672936913,88.87642261057078,8.155663706265218,29.968471867574006,0.6974121884327458,Nitrogen + Phosphorus
84.91232740677886,65.36654395484928,38.62331622852531,7.891591672293489,78.08788140788519,0.31434681250855595,Potassium source
34.675199581683586,59.46099460951936,14.037414639935104,5.99407520557963,69.11678321140482,1.0861514535641663,Nitrogen + Potassium
80.47770990794999,50.899948195790486,65.20985717531177,7.683592095779128,70.5702676293472,1.2341957097879632,Balanced NPK
63.09622906562738,63.38882950229472,93.08842072841412,6.595171380091089,33.387765713947246,0.7331763432819207,Balanced NPK
64.25281398301865,16.021411198035686,34.032935699010565,5.356446617677844,15.060607661815649,0.9359550651751805,Phosphorus + Potassium
86.78814109440688,51.02093275399654,89.95914888226407,6.422750428207254,65.94044915578709,1.1719883090664074,Balanced NPK
88.21053439158794,62.45005145949728,35.45910468541197,6.993039623881501,64.24558076385603,0.32852828937367107,Potassium source
37.177885101988565,41.81241032802532,55.560284389316095,8.199937427667326,62.544997495749826,0.2530798366236088,Nitrogen source
61.18368873854094,62.19200590911461,83.59110095668754,6.88177870798196,15.963630032727984,1.3896761659953312,Balanced NPK
55.66075566199671,15.885105128125005,19.28351364796192,7.746781781328915,52.892309034724946,0.5272266491078612,Phosphorus + Potassium
68.63344227498182,75.9850613100081,64.24276065133208,6.367220378734135,31.549032791036968,0.43696093616558407,Organic compost
110.13842896128617,17.87733636915256,16.00777942974884,5.49954592702814,22.77464899887756,0.752268998098087,Phosphorus + Potassium
110.06040875572158,15.111439775175967,26.078974129856775,6.530674235650054,73.26418892842108,1.4052731145442348,Phosphorus + Potassium
114.591439786834,14.51593368060251,87.6094020994577,7.265807749501731,12.133151533744028,1.0739895600414509,Phosphorus source
86.66836749410244,54.24957036706769,33.72694269454907,6.163263976844656,48.763216094405585,0.3799466271774252,Potassium source
27.462806240195732,57.406175517285504,28.227956712668593,5.058404522393173,22.957021531947937,0.2981837163769908,Nitrogen + Potassium
41.03867436633573,62.02482844382919,96.47012152501492,5.249736448571058,49.91999843081831,0.31446285352718617,Organic compost
30.57948222842016,63.81599720186471,116.92092029690079,5.950667623993619,64.37342647781321,0.6446651303742341,Nitrogen source
96.30175350035421,47.76990641568319,70.09592975081327,7.830712929538555,58.73192013551331,1.461975349243,Balanced NPK
49.8937027230135,76.62846913309924,101.04052576761744,6.727380165882405,45.057033248480984,1.3725409692294412,Balanced NPK
74.61893531428987,30.334921568509273,14.551268293421566,6.0487071780286055,25.213893273726008,0.36773830379500294,Potassium source
83.9885486696601,34.677362043669305,20.402326882228216,6.144439058250248,19.829051674947447,0.9781852096090791,Potassium source
56.960335985023185,75.06552509999375,76.96168104249152,7.6781044780932985,33.45393166550536,1.1808232806736016,Balanced NPK
90.82612201607085,79.31696707619763,82.72868693150933,8.206535973354104,70.68409344236186,1.3943493718253694,Balanced NPK
73.04836561691268,21.798882630572923,74.35300041838605,8.225853490077748,78.11129819807745,1.4300171070902759,Phosphorus source
58.51994442880297,65.32476703562656,63.741720375367905,7.421041246584036,40.20759420099357,0.5933427567964689,Balanced NPK
58.61291363909771,28.023480469810796,56.54963072207213,7.3718983180025255,24.05237016476017,1.0797301068760914,Balanced NPK
18.098185990121706,5.119443523979965,35.63491550856356,5.708259622188747,68.32085422799247,1.1828537484201291,Phosphorus + Potassium
83.30274855335027,57.96896781870259,82.9285319419931,7.892579010034826,47.37267750103535,0.2229357177861651,Organic compost
104.96475157183085,40.281787011581336,112.12685128001979,8.125514076635937,37.95381425574903,1.412994823688695,Balanced NPK
16.444248887064916,54.6747658559742,84.9640357139699,7.940456906080938,43.00109510142571,0.5127352442652737,Nitrogen source
14.859690993860983,40.04680605882672,59.86022463436497,6.247352045557731,54.54955865773988,0.8907948833698331,Nitrogen source
22.71098089405966,8.60902727514732,107.9738576554963,7.597597443043125,42.423696735033175,0.8448602775368286,Nitrogen + Phosphorus
22.589991428570016,24.76332818119483,100.72526613887321,5.44219207075613,17.300770797820313,0.9255783794251211,Nitrogen + Phosphorus
102.43459430663079,33.43409508976141,81.04620074984415,8.157510122588295,72.38788597599277,0.80823628891185,Balanced NPK
42.51406924031039,48.0037791286379,111.66183604763249,7.383022376086865,76.86205967676356,0.9529107203033531,Balanced NPK
12.334537719103295,38.59430981203549,109.3602212222058,5.118175834822205,53.25955657396584,0.6913080491211576,Nitrogen source
54.399373868926645,47.56815898176826,55.27334242954095,8.220492151121917,31.258505559794724,1.1870658169429613,Balanced NPK
20.12874429862447,29.963257201721962,27.366027111351418,5.7693860022323715,49.5146875469856,0.6446495242529307,Nitrogen + Potassium
15.362810956495695,69.75519914205269,84.29335403319556,8.343253660129747,66.03134249960988,0.9271848727197838,Nitrogen source
60.6411913838372,75.99571541967381,56.63804307520573,6.907145849254981,33.361533991918904,0.5648234040233775,Balanced NPK
103.01107837427344,23.52591248711481,25.845287252161654,7.548136412785939,68.8811139432591,1.4060397216945884,Phosphorus + Potassium
83.37183604383874,31.12841765719188,66.1746446858055,5.65194397809412,24.847220622553557,1.3651396341616713,Balanced NPK
103.3720458665684,25.92329774427916,51.84606462977306,8.355772464863955,37.43892707322334,0.6256781486707856,Balanced NPK
32.06781119580587,35.57412428400686,49.99832145540734,7.571827515820888,34.289290995479476,0.7958063342965982,Nitrogen source
45.349526789663415,28.953132239051914,37.634900892125486,6.743395567130043,40.031583686217644,0.274845326066,Potassium source
112.36066418817185,31.15975119231421,93.33015198145216,8.17425104209432,10.7977247435348,0.360310643918373,Organic compost
30.960294219378774,71.4357666800028,70.02344508470401,6.088299256481752,13.08823088543075,0.24614524327349901,Nitrogen source
73.52648155714968,57.734255119095245,52.41262306585095,6.006564588320689,66.4589009413338,1.3252056697356935,Balanced NPK
52.183246275862906,61.11445437641724,105.63978697794828,6.331991922426186,21.251585941507713,0.6789440382407992,Balanced NPK
16.843048457653204,7.667792549002771,100.73850361110196,7.984682356629564,55.31260724725189,1.3137294082459847,Nitrogen + Phosphorus
112.90131652274877,56.48279592687661,110.28012622830887,8.218538088639471,29.212305253464287,1.4349239953346413,Balanced NPK
118.2228729182603,25.981847783552112,79.01975120436292,5.770696040532035,37.56287268758258,1.0112760628609943,Balanced NPK
14.118215780847887,53.481150795292315,63.464670344744135,5.433205603616674,57.92143480696319,1.4252099643276999,Nitrogen source
10.247612055190956,37.831783815021936,23.87555408477864,5.724524376819366,44.412483826003154,0.5786953742764387,Nitrogen + Potassium
81.40806716688066,24.80288540106327,95.387373229611,5.642148482813366,73.50720301387564,0.7201928707701688,Phosphorus source
16.10053457103102,12.479052926453697,68.6244056908057,8.188616942608194,46.07397582616335,0.7852311733429167,Nitrogen + Phosphorus
95.00787809940822,22.009558740507746,84.430652673423,5.763947125856479,69.17331596802359,1.3457332013012733,Phosphorus source
31.40351972941404,15.767894157882745,89.56750358191282,7.284961195744712,53.51586992779153,0.8622033674606271,Nitrogen + Phosphorus
24.19671308486959,58.960825680324554,27.855995582698977,6.899938358603972,34.26308649024877,0.6311434388265134,Nitrogen + Potassium
101.54866957559085,39.21614005702391,64.28050401953666,8.13667117639507,49.091296072481214,1.2416965830894549,Balanced NPK
104.9155429100537,57.13865318654923,25.843280622685658,5.417400913629137,40.39573240356238,0.2821446539406746,Potassium source
43.078863171541215,20.635275870729394,14.251313477985489,6.396959219591745,27.43560313000774,0.332531844656544,Phosphorus + Potassium
90.33274644241382,73.44344007985681,78.28357285988612,8.252627950251423,21.65226608654956,1.198515171878446,Balanced NPK
54.9468412496944,41.71475632530625,83.07116742692992,7.742398351557078,14.187273517046545,0.7046356544094365,Balanced NPK
94.14781650117642,45.12125743111337,47.585926009981115,5.141858705999845,10.515421469700462,0.7526329126538478,Balanced NPK
63.19512479750625,22.18992646213893,97.95875369947969,7.532100695463111,23.17305363299227,0.4443926949715524,Phosphorus source
105.1333201997142,73.93558515704274,118.30107587024958,7.40236468667403,75.02454720306677,0.39305404471631056,Organic compost
27.1279746495025,8.11525239834837,69.23781321888245,5.774459480024837,49.81684454218528,0.20998621001462403,Nitrogen + Phosphorus
68.1854457639074,71.66835227849124,89.85039466949345,6.284523042654718,14.777087596586336,0.5186665649902396,Balanced NPK
65.36936565943677,24.302386276102283,95.40330435783001,8.273094855937284,22.33518254702405,0.20725065909729853,Phosphorus source
19.2479371582659,65.21419801586427,15.907849148685715,7.612070279653544,38.36459001752318,0.7538832232004029,Nitrogen + Potassium
90.3848483866402,29.002257937561627,99.15395860519114,5.330264575706769,60.30604741432091,1.3747854728898863,Balanced NPK
28.067837523275898,46.61439642574597,80.50763149829221,5.464662095633835,48.02815895409763,0.5279853647973692,Nitrogen source
92.8935904161534,47.601671093606555,55.16242360246863,7.5988595450324485,61.227613924232955,0.47361889534415164,Organic compost
12.818047220962505,23.621789319575214,107.08444019732893,6.388932439226146,24.102272383120635,0.6795207696058863,Nitrogen + Phosphorus
52.1467781177574,39.055304482669406,59.50328941357391,6.04332237751443,30.963867822046456,1.2396794490852237,Balanced NPK
82.93322535398563,55.95471882945623,30.95683743845649,8.471516919907202,16.084867491001884,1.0872875819291354,Potassium source
91.77583916982245,25.038200498488116,18.48014191661678,7.580913619583922,49.58950409031868,1.4553157591139587,Potassium source
90.0456328337462,74.72619915538264,79.772558471458,6.743037570023082,76.1314199769193,1.264500180981967,Balanced NPK
13.85585372154721,48.72860098406167,26.435841152257275,8.317947851414246,57.31144318588967,0.7867531747061876,Nitrogen + Potassium
115.5858384979487,30.226375074191623,58.85607653966068,6.396710775659043,19.230530776308896,0.3948533309765524,Organic compost
75.01074196168733,10.214682410427285,112.41915024079168,6.146747530641097,32.46747660212414,0.381584978581636,Phosphorus source
48.604808554507386,56.836180369919425,115.30583682955964,5.674055879921225,22.43177404711468,0.38071889830424255,Organic compost
73.13914726376905,13.769979644392858,19.693664828851603,7.603768082120889,65.52263045652379,0.608932825760471,Phosphorus + Potassium
73.96093799850303,60.67812987537444,15.385075639895609,7.221452897878323,30.03382455051836,0.7318522855945868,Potassium source
49.18502029512401,58.87555741932246,61.565366888225235,7.660237465843599,32.05017857700364,0.9036580785657553,Balanced NPK
109.76901103144543,37.85579563951858,73.39343148438154,7.346766951200959,73.86181175333952,1.0269758647910436,Balanced NPK
77.36329418314274,67.51447012697656,119.10123801488592,8.146271274826852,18.741517853467244,1.0793831692454485,Balanced NPK
46.143383322072864,36.085068940644135,80.98790454941329,5.507895105648975,58.487519285352654,0.5815554640784113,Balanced NPK
100.11565946682687,32.877183260992695,15.495843967439553,7.095735093316778,62.484606229195,1.0017147580775667,Potassium source
95.66612430343262,65.30953236187794,14.648453570870997,5.006465794089036,25.70170128050425,0.49212369401404044,Potassium source
71.9243535585512,22.18244249017403,50.13322035012444,6.587811742490187,52.05787839015702,1.4957674550545201,Phosphorus source
85.73576514942478,24.934356894098347,48.587815417565125,5.1527980909212765,39.36668664489215,0.9658798828980171,Phosphorus source
114.43757496750491,25.09579674709166,36.78521617518701,5.060318658497546,50.22639026445765,1.494631300010916,Potassium source
50.82016287450105,42.33855252059139,16.40605181373906,6.998803523100178,24.70497655864252,0.22009568514237357,Potassium source
85.22292424025815,16.08052772409677,21.126647490962128,5.798604594588463,19.627623180278974,1.0097237190824013,Phosphorus + Potassium
39.37726087519248,55.32435104615702,70.05686514564282,6.237716125771088,23.543364424929162,1.0745575787422543,Nitrogen source
67.68728829232938,59.06374061039031,65.67380378859545,7.8072333253487365,48.4818569013843,1.2573448709601054,Balanced NPK
70.46913227329776,77.13072484390044,103.85108662449652,5.8894111608019495,60.97000888219643,0.37158042061525054,Organic compost
110.22026784966324,30.915934119874652,62.51703798330458,5.071993499038265,70.73375521481557,1.4324181503038522,Balanced NPK
61.7551633285213,19.09287090178944,86.31729099605964,6.03936184476137,77.20040768569064,0.6045025872041025,Phosphorus source
73.32955546800684,8.708365518705664,118.87893135737438,7.016558716275781,78.272017138769,0.5909345810081688,Phosphorus source
67.98764536073632,6.379028974178806,94.7903747484137,5.582750752104556,39.77302386962663,1.071046813789092,Phosphorus source
19.033384652039338,63.77190460357393,98.63749609172443,6.859537044785149,52.34728898813307,0.32247999795834803,Nitrogen source
59.369307922346934,68.08588069463413,19.824446300081,8.460480426306644,44.014207334991355,0.2166301943390277,Potassium source
47.38950591473133,42.546097392367614,115.48867434947134,7.468312753330583,50.67251469864472,1.4564712670797906,Balanced NPK
42.447441321259824,33.47767942593102,94.50352368614315,7.080692924915349,25.329593646090807,1.1763850410438845,Balanced NPK
39.39318121974702,46.915886112064435,104.18625625699337,5.962864456934057,63.28155153158051,1.3197346826451852,Nitrogen source
44.88633253436529,19.745676692046263,105.2333691306043,6.632406145642944,31.794842999807397,0.21349590865014476,Phosphorus source
31.340712813964206,43.45308950177974,101.18710077712322,6.758050057527642,29.352603548992484,1.4078752747283385,Nitrogen source
50.61636041698128,17.215869940802307,113.98799167162166,6.387509895510886,43.768695739096714,1.2787704329432799,Phosphorus source
41.6515114135839,44.65402067954615,105.29145152925463,5.896390964275458,72.60044986514393,0.44892435870930447,Organic compost
103.9834487232741,34.51024016133597,70.29681150356387,6.929913776919535,24.34375864934317,0.4248931651617641,Organic compost
88.25595021178988,66.90637299660224,25.0638675982427,7.6303938786279435,32.88387106294729,0.9727577538124141,Potassium source
68.80969756869239,60.75357153483988,69.6117437329708,5.326958383286561,29.544084477274694,0.7172994420075265,Balanced NPK
72.92235788474825,17.712533447107205,47.11746611089767,5.221250737191477,32.57938937232787,0.865859811131162,Phosphorus source
113.00959019585125,18.330561412263265,13.038189904139994,6.320179332788786,52.531210223995814,0.9899213748279085,Phosphorus + Potassium
48.01096959811898,7.820588623995793,111.08023735130075,6.756239137866878,64.35688318662959,0.7159727663219333,Phosphorus source
101.45737502748116,63.85159439381416,20.482064487476087,5.179430656556044,20.465201199260264,1.269693973071942,Potassium source
39.64737584400527,34.68384910195355,73.6218932838842,7.281576699257384,39.845077702111524,0.7839148634150022,Nitrogen source
46.09438849841595,12.052365381436069,26.31473682292405,8.114647247812233,78.23955359383046,1.2730903912321223,Phosphorus + Potassium
43.63776792762141,18.376224157934153,66.01101651934889,5.331136401163011,74.04744403786468,1.1984046104355903,Phosphorus source
117.097585445075,69.19322632664293,54.96919348976738,6.0997549171243675,68.39492679244206,0.9642682109348637,Balanced NPK
106.65603227384304,29.389883369530338,70.11124752041788,6.618179637929474,22.82693474756151,0.9033959068078719,Balanced NPK
19.17437000459129,33.12477723246363,68.67719920770686,5.508342570848441,62.7554912924767,0.4480555231140058,Nitrogen source
90.13980912114934,6.79666307887818,85.77690928399558,6.401455804144488,65.30773086263437,0.9305561953191963,Phosphorus source
51.804685191953176,54.785145747600964,52.66972960465256,6.24670307626841,39.79391500858143,1.1235176841556331,Balanced NPK
77.64351836844784,73.738334879374,10.041026693642994,5.563335637806059,44.581398428284515,1.0705467286130501,Potassium source
19.859971739981365,27.065308770843277,118.74286122890418,6.146757118158262,36.60843409508484,0.510421509551857,Nitrogen source
11.918295455409062,26.404628922351364,27.716305169127597,6.333585224529891,26.270861610701996,0.7250160515766664,Nitrogen + Potassium
39.64000626346474,73.67059579796806,42.05245012722107,5.660136503895983,63.34225728386462,1.2552694217373006,Nitrogen source
71.93068710728497,30.864122042958755,101.76412220295556,7.344543651172629,36.672482275658794,0.7091611100314972,Balanced NPK
10.269065761204589,9.33253801762398,24.82984369262258,5.865476221529921,74.82494572014417,1.268101654923378,Phosphorus + Potassium
14.48525847806081,6.118940682813224,74.46041710141023,6.317686349371644,66.12425220479062,1.4647451820917903,Nitrogen + Phosphorus
64.3683211589107,18.30558492045204,108.20500879346369,6.477718123119333,39.199619952973634,1.1150950877669088,Phosphorus source
50.69087492181458,22.613397272204395,91.58665378477764,5.650439642342856,12.74903158606874,0.8469115177399247,Phosphorus source
13.73296208850799,64.32073887610535,117.51459537982736,8.32023431683693,20.42376699017307,1.4115832954413783,Nitrogen source
22.301934762641043,31.58066189150584,19.27663114073855,7.879361251714833,25.661981150088984,1.064370451913604,Nitrogen + Potassium
93.89567668716397,33.55714365355722,96.82143220838255,6.139554843279596,20.376032644336362,0.7978097577354466,Balanced NPK
88.13524481643664,7.977658138729533,98.68691738481486,5.894743518223434,57.68474490649873,0.34826232003502844,Phosphorus source
52.84008679911202,39.878635719930166,61.52883094540033,5.956327943471615,47.044207362166574,0.5605757671455693,Balanced NPK
28.318665043059898,15.000816816495723,108.41820868279055,5.457255693000288,37.663458960993395,0.5274714176354784,Nitrogen + Phosphorus
77.76502055295725,30.931877910749087,41.49474956873995,8.391539208730311,79.77223557160215,0.3724058695322742,Organic compost
86.20649491667348,71.73781689720998,116.7922421366087,6.04334819772004,64.91032529949435,0.6260556999249307,Balanced NPK
78.37557224283181,43.47223778326736,87.82421258664317,8.194460305874415,17.894306889569464,0.48968903706445827,Organic compost
74.43264156354897,31.791142584838322,71.36434856135695,7.739754584276829,58.964143625076055,1.1965635210687093,Balanced NPK
27.73054641181086,7.277264674935431,105.89001308084855,6.580326522206014,54.49724142069244,0.2948252324849878,Nitrogen + Phosphorus
87.84947453135408,12.624338653571098,96.6075317672404,5.212513134106531,15.824042514307903,0.6462904006325751,Phosphorus source
33.322304649058864,78.83362544818647,59.645263835988914,6.640946793813589,13.253473225118597,0.8388083464895513,Nitrogen source
17.03468370358724,52.10849830412538,117.971423742513,6.153527119984517,66.56293202010485,1.455152392885526,Nitrogen source
116.47627514805114,60.94423248646249,105.69801568568118,6.230096310928989,50.86987097659193,1.0617518944985926,Balanced NPK
33.91110449462754,28.505887085958406,49.7571442760345,5.229969016935114,41.95844652911968,1.2183530611396147,Nitrogen source
81.47597158576896,51.885107544724846,76.65092204131858,5.078850528767136,10.230720801946804,0.4198559706453794,Organic compost
110.46271527296827,69.28399819265266,73.44725037647208,6.348914786861666,77.45322074890304,0.2857821715998905,Organic compost
20.683210632395785,51.57603252222974,70.22695360948379,8.43454793677047,66.17787357777244,1.4196847116594948,Nitrogen source
89.38696723983084,74.51375909707113,85.54840831274754,6.839871754820443,50.602396920637915,1.3715716683133012,Balanced NPK
21.51312690383561,47.40361901991051,53.148947851949245,7.32033519785588,52.265249615332635,0.7195027501483073,Nitrogen source
85.82414770786568,45.19908972402196,30.622030424408372,7.233208603888821,11.86752279501018,1.2698823566123822,Potassium source
109.71345817720754,10.845394370654455,38.245823125813786,5.443860339956811,64.02791573380819,0.292366383412939,Phosphorus + Potassium
69.52211675181155,34.11589769101387,92.59548424157597,7.236959908801984,48.093158097563,0.8545452686276556,Balanced NPK
95.25234450313116,40.79117754795695,56.17874220334057,5.088610632031239,28.799030233939316,0.6808282816699963,Balanced NPK
73.6632478030244,55.49025022755355,115.89657583946574,5.96842850647669,48.109055322476955,1.1828507006081028,Balanced NPK
44.15745476709141,46.13956852066871,56.03977354713026,6.39037193154204,14.387713383914896,0.2315073835868465,Organic compost
42.4904447400889,73.421632700819,31.20494968547823,5.220503063286757,53.414725178402485,1.4461051170665065,Potassium source
16.288429922333407,60.909253153318886,21.93497710163482,5.47366612830951,75.5258332679008,1.1115728490998384,Nitrogen + Potassium
71.52301293795675,17.348826098429832,71.49601383746577,5.21795088008767,37.61013472925774,1.115785773139552,Phosphorus source
72.51590236012406,55.63737744672806,22.742590164799886,7.655093562867626,76.93976891539613,1.3797834045176334,Potassium source
19.672815753630267,12.39468485453113,66.47017153258385,6.834213455535496,69.9988425229891,0.6795410555486259,Nitrogen + Phosphorus
66.59248497112958,20.277324279564887,114.12536901663164,5.423231299778301,73.28512191644703,1.357889317178915,Phosphorus source
15.55284901487048,63.15630812993023,47.12760798278082,5.786468721720268,38.17072195100772,1.4011124347041255,Nitrogen source
53.87951332035981,23.20285636831645,67.70530881806098,6.4336775178427645,11.33087666842313,0.44218492148351474,Phosphorus source
11.89543956963971,44.164566404080716,80.54596919428117,7.514160846893375,24.55317817155162,1.2465183259964918,Nitrogen source
55.21399646006298,8.68858399360284,112.04675012202237,7.427053664446088,49.37882398151152,0.25227742602041703,Phosphorus source
11.537317799601416,47.36261758702028,106.66657201337485,7.2661122374838785,10.38789905889436,1.0294254349369785,Nitrogen source
48.34694159565251,14.15232226471018,99.2711875884321,7.017579451274768,60.696052696837086,0.41458558183236205,Phosphorus source
22.77392192135996,43.58824744028863,68.06560181897115,7.037187794239063,62.09636861616435,1.0626768058860467,Nitrogen source
84.38817451360138,18.124859787096547,55.99187387016769,7.099921490339149,46.30508938144911,0.5955051189281713,Phosphorus source
113.8696791504616,15.514428097336124,117.20964845699868,7.7372171345974605,51.73246997400516,0.3657132348082583,Phosphorus source
72.0298327131317,11.595454140755733,112.51203979736249,5.999619130012287,37.96609358885589,1.0278062453565686,Phosphorus source
12.061993578219004,45.645432374921874,88.63221981530361,5.725426179285124,20.78073710507317,0.8339457572285358,Nitrogen source
69.02141824673807,37.92913864569524,42.51678150440251,6.434410491962224,31.86051204431113,0.5245598478489122,Balanced NPK
61.93260263072574,34.673325386216945,57.89305078984164,5.000808535850464,58.48924277459512,0.26093676965094414,Organic compost
32.73719274231868,65.2588832360347,118.25667175125625,8.470171995893494,51.45612495803162,0.5372388037533293,Nitrogen source
101.83172033667896,53.77444912766122,118.48136606164829,6.92185680011504,46.831994484618804,0.25693362447882684,Organic compost
31.384254939113752,55.019125532396494,119.31498475151363,6.664690467041778,12.036632079443237,0.7193958127480744,Nitrogen source
23.89434167856714,76.9789632772007,25.544329102127477,5.412515947238814,42.043419903900386,0.90448727864672,Nitrogen + Potassium
88.90293455732336,32.59862343688009,108.66860928321545,7.095108767439049,13.309175458617222,0.24441605232010366,Organic compost
61.56497556391034,37.957087682049504,59.76100087159258,5.200165921248198,13.729076741957034,0.27899765538040144,Organic compost
90.73214187119403,50.10929926605934,25.011066154488535,6.508467948539686,76.0056829434765,0.2898811062744936,Potassium source
30.806684079841773,34.22109316808759,35.94961431013434,5.554861756925861,78.13340551533658,1.1963651914030788,Nitrogen + Potassium
90.20913168746088,74.92294623158922,30.574864967833975,8.114048263182829,78.78720420131789,0.9622119635850981,Potassium source
109.35599194850569,66.20912602928522,44.96735158448054,6.1632027792793345,57.307056674535325,0.9177772942508573,Balanced NPK
52.34355956957855,8.528963995296369,12.524328537337936,5.342957705054971,38.28999341366316,0.23563287098001767,Phosphorus + Potassium
26.2988922270957,77.60550932339798,59.563631733703275,8.266378885195815,23.297178532598032,0.6660866050383637,Nitrogen source
83.83312730385325,79.24039636788346,86.98254865374777,8.15772384708011,13.438395428230745,0.594970937259397,Balanced NPK
107.10725581102919,44.241186131478884,28.685130572032303,5.594308647104112,63.10589606662999,0.4053462847124928,Potassium source
64.74372607689632,18.596784039834063,32.91129092755288,6.390495002249021,18.265877535861733,1.0571290120631616,Phosphorus + Potassium
28.27339627043545,61.40102872246852,67.34390767293027,6.212731319388808,52.99689748203228,0.7299083383821232,Nitrogen source
19.07469317102991,28.182950473267493,67.71392943061025,5.364865201085378,61.26451280221404,0.6633922086563977,Nitrogen source
32.526690963184585,5.603840404695122,19.342252725595973,5.830480937820381,35.68783629719938,0.39930149166998785,Phosphorus + Potassium
69.94821788276332,19.579577648624745,115.01302444608773,6.976797031225059,65.76355647885184,0.7483692704988436,Phosphorus source
32.53696435711575,38.716651264875175,55.35513619500645,7.1828047043927565,73.74341267528408,0.5083918357217949,Nitrogen source
20.620282031986168,58.64735302804643,10.043164060666456,7.781109026520783,60.95216212184384,1.2735458437293847,Nitrogen + Potassium
19.96866267494312,20.278228665578016,70.68164315073147,6.145543879623111,69.20817463887309,0.7958386178325589,Nitrogen + Phosphorus
57.243364848474975,18.856395166646337,71.82284831526329,6.210818365311844,41.53715908019185,0.5526830411094826,Phosphorus source
76.9735443920426,67.85471052255349,12.261091803772086,5.808206800819465,57.41435962537145,1.1186310843713867,Potassium source
42.37032957721097,26.463705121235687,92.14932044475962,6.954256611532894,37.22635147023087,0.2720519838709044,Organic compost
81.83202116370255,26.970790505426955,73.48018923850564,7.528337772105945,42.429129092081446,0.5292571757299083,Balanced NPK
33.5567566444694,57.86896748588303,108.06968428092574,8.429912120658516,66.228884942587,0.9835159491026872,Nitrogen source
105.07579313387538,34.22447236879627,107.04062248522841,6.505835170159267,51.67364232872042,0.4209005540207157,Organic compost
64.69187204061379,30.612005272761785,50.31560330150015,7.093643434948872,71.73173586482518,1.273734868341139,Balanced NPK
48.385970007031325,60.038148774813884,70.23860990520704,6.219049137961818,73.56404628343572,0.40963709611697363,Organic compost
98.56645922058519,20.917262889433406,108.1698595810657,7.524683547537567,42.54599674881339,0.3005158574409572,Phosphorus source
29.818344139406044,17.371950444427597,93.7711371599477,7.177047922167973,25.233269428485034,0.6779744431546737,Nitrogen + Phosphorus
44.02646646366485,53.936809257505544,46.34275831063246,7.69010977284443,58.64770486334853,0.5153858930792672,Balanced NPK
45.62104647817775,46.20957255709744,109.86462085914322,5.390189163030502,35.10130892072485,0.9789299967604403,Balanced NPK
45.70006292755803,26.71642679140878,57.51415438833881,5.674145344217218,52.240659736736674,1.3418148097923528,Balanced NPK
110.18324471471489,40.35605185468274,42.27897689804045,6.338387766099577,25.984897886896178,0.9781106360392569,Balanced NPK
24.81890309185674,28.86315037766874,28.76511659525096,5.718449264982116,57.0019021734702,1.4905616921344567,Nitrogen + Potassium
84.29606839985217,23.308076380189835,54.84235153687486,7.197807074752632,70.7173561015077,1.1285274065366535,Phosphorus source
25.991165049952066,50.29428685906806,31.689394922891065,6.310144361905479,77.53748274650789,1.3597060177282205,Nitrogen + Potassium
38.24505739221675,59.6406009506476,46.24712949138347,5.027503777204347,69.50812041191654,1.2692410929776738,Nitrogen source
42.357576275834,62.906981739085445,13.463605753227062,6.889243921437306,78.7108648776429,1.2250218988135495,Potassium source
73.31182938437182,32.43660638265156,90.88770184693884,8.41392979866522,23.448458390997857,0.26439342655595527,Organic compost
51.49940006485185,43.765499270043776,36.97401849621582,7.15796237633883,31.410770065099232,1.4764950197023385,Potassium source
39.18817142854833,65.22348522734859,116.11004458375817,6.748407022897667,23.947680783001147,1.3574940947852339,Nitrogen source
54.25745193604322,45.809335415939024,15.394407493078127,6.21836635313411,48.91685609931027,1.1008814096641684,Potassium source
114.62608161070841,48.76223982226747,39.853836827852426,6.950090451687126,14.964503318721764,0.39252662894649987,Potassium source
48.702435360923275,6.669264136570018,18.28566480025845,5.025700369746329,22.725268708094298,1.273202735381916,Phosphorus + Potassium
48.65437256416401,72.68390392127378,107.34314484961631,8.022096964695342,24.830765876674473,0.6451108122981296,Balanced NPK
61.5162812354298,37.369474543883186,18.78902522580682,5.836110977076487,53.41521213568128,1.079501794578259,Potassium source
50.111994319008915,27.274678373474465,74.46726416305118,7.322135522471491,59.76889371284498,1.2542499342100217,Balanced NPK
74.22630074604318,33.41554461449051,48.26782762827184,5.120192783874115,39.145151987775265,1.3294147569518566,Balanced NPK
79.04291127619773,49.479878900509114,34.61948594099726,7.08627337009222,22.628794419127743,0.6433299809170463,Potassium source
74.29382433260851,8.403714279068804,44.25547132977448,5.309833864998399,21.47659572044674,0.6577903973269182,Phosphorus source
86.21027681694328,25.056913949025805,12.208849455415658,6.396675659056823,25.47132593575997,1.211766374443401,Potassium source
100.41633788455056,55.32285099697546,77.42917744832535,7.5571863645675705,36.31925541616102,1.0464918188529462,Balanced NPK
56.169987623376,37.23715550392549,96.76046004177589,7.768771036485294,38.03141127074587,1.418296382444171,Balanced NPK
69.56953704513806,41.53799188513854,65.1702065973104,7.727777397628633,77.72795210276598,1.0970740497597578,Balanced NPK
47.5418731997236,43.76015804037677,43.792377668351605,7.287868656197335,79.9453454666541,1.324419015138036,Balanced NPK
62.002002455281776,30.663838231497554,59.80086060399946,6.106838796854924,79.41452812939987,0.46248129608937094,Organic compost
99.073657268969,36.075964514549746,81.68485660495283,8.2299014652103,51.44608825588389,1.0018790768385122,Balanced NPK
13.960893336117644,14.661952149288306,69.45674621550472,6.297251986188041,52.63966509138857,0.6995193297002538,Nitrogen + Phosphorus
29.245756173640302,64.75678413421087,102.96557693678776,8.388112698850346,24.05070011445825,0.6049070846022795,Nitrogen source
40.88748235327147,74.75829914206041,75.71476386669332,8.22851327565576,72.32331356881653,0.5188684474972769,Balanced NPK
57.06073690791268,36.021716705005524,63.55921214374347,8.491949778130468,22.16414971761653,1.2041677236579011,Balanced NPK
35.038616785048276,60.45417845695262,32.29833723008335,6.8447922702361215,56.744222419350194,0.7614426225082558,Nitrogen + Potassium
116.27793472182827,57.916244870481485,27.306149755912944,6.302495156754684,31.97893840769168,0.5841522530983294,Potassium source
33.29275752670736,18.92889384608545,105.71765020193583,8.462669899292962,21.202051846933877,1.2286341723019738,Nitrogen + Phosphorus
35.030281394307195,44.12523511176,31.685026547802952,5.948886173266602,38.74858395847318,1.1165575898143798,Nitrogen + Potassium
62.14349576663059,65.75409026910738,20.625168053791057,7.001473226785562,17.469424571563955,0.35314280852090124,Potassium source
43.97939250729579,12.873257812854376,95.30045402167632,6.775871675417076,55.11890518568439,0.2731414287343655,Phosphorus source
34.72866953349583,44.24686902062049,19.021196224581335,5.56204773097755,11.531705398381323,1.3849350864986754,Nitrogen + Potassium
57.43628203302138,8.376533016527809,60.65410043765119,8.106414927326927,23.29643820962174,0.5092245829404645,Phosphorus source
118.04565757337984,69.04322320651124,70.33803587120366,5.651043959841327,25.36673750236492,1.3198956955416232,Balanced NPK
84.30884367152964,31.320801984396933,12.856465021711601,5.476075268495842,61.04605390133664,1.0433728513783427,Potassium source
49.46602580417977,49.3968980933287,93.06299520231337,7.253393412924333,26.765744323956557,1.4369557015513155,Balanced NPK
12.599124140816107,46.72067144293495,34.56408401889661,7.476322027701356,49.32637992580076,0.45441417927921013,Nitrogen + Potassium
65.64767861981917,43.980451829635115,56.233175316545726,5.147602856217275,24.47440738898061,1.4594614248773259,Balanced NPK
30.733926150617837,39.407232403003604,42.34443813629576,7.648966609441912,50.466185743084154,1.130030767066643,Nitrogen source
80.06744537869992,42.777433933038935,115.66850262917536,7.461141403952727,58.21780119051316,1.0976243936469297,Balanced NPK
61.34719733401517,53.20148527646401,76.495405743636,8.10901790222704,78.5195469243844,0.8279507638188139,Balanced NPK
76.0906946909808,26.769818186565068,102.99766744590904,7.487374390345449,74.67898376943302,0.9865084705369074,Balanced NPK
87.95158522517605,12.135955744085763,76.74016215999936,6.318749894658021,45.56644373325484,0.6245441881869619,Phosphorus source
41.59729157634598,66.55392860764051,71.33837196165572,5.886240490308444,63.669984663713876,0.29724299564860845,Organic compost
42.24659153776315,30.222873267257665,29.534548106654437,7.949415686688559,57.172900243149954,1.0713953990117864,Potassium source
75.19780932279083,33.371927332001434,82.49132996731159,7.576994520308357,47.6936788780193,0.8119400957415481,Balanced NPK
34.587685159854466,11.299828572682706,14.543231577531202,7.4998570304968935,34.40530412564287,1.1209307410793008,Phosphorus + Potassium
65.86968458214919,38.51648108440992,79.18197221031618,5.641409578538582,78.57655381749792,0.6292942675339004,Balanced NPK
94.61037453745611,23.590072875568314,61.472406044320245,6.747583383871464,31.466092304505043,0.6532093347590384,Phosphorus source
57.88165656404116,67.71447511970146,65.00555284274841,5.310013308461364,25.167377692027564,1.4818305195658312,Balanced NPK
19.885941881921156,53.57965643622502,33.22729671144005,6.511756681951143,34.99138110047699,1.4703307288236322,Nitrogen + Potassium
70.63995625733853,23.743526952384997,76.39333142004352,5.249889614561892,74.86532872778133,0.6475153274482379,Phosphorus source
107.17075904491689,65.69039785180888,30.54675889145055,8.368047233079169,79.41740490935831,1.2468781890103864,Potassium source
59.664319668022316,55.440831402486936,18.871712320337437,8.223916454095166,25.52305003382687,1.1317206725113411,Potassium source
98.16847315968914,77.71816923289609,100.61893754129194,7.863150513153795,59.37685636630274,0.9496406322309883,Balanced NPK
14.607172992573567,77.9527270060238,59.3867973405475,7.788758939133045,36.40997085631692,0.7928781578421433,Nitrogen source
60.858532381157694,79.25062521468303,33.24830072554211,6.75617996450584,20.828329147720762,0.8423585936072684,Potassium source
70.05615727266584,15.248791015094415,86.80806884171098,7.897956215503621,67.12193480833528,1.1479889704672335,Phosphorus source
25.49723700069127,51.61005282515469,86.81930833651664,7.65773946144348,59.65809248454728,1.017442956302514,Nitrogen source
90.05169723235635,68.92425481587566,72.62507597801776,5.508538676124967,67.11698700801153,1.0593217836735571,Balanced NPK
85.52722846365614,27.065529331352103,26.462587420062263,7.732525636929455,13.45939665477859,0.7230517075454406,Potassium source
65.97477636676211,6.3072913623282085,75.67069907598201,5.418692530915057,26.901374052812344,1.491639144250331,Phosphorus source
71.62997353711381,77.62042512623087,64.18979212058926,7.811986661669184,12.659302771754373,0.5786386260957177,Balanced NPK
41.154646157106555,10.23495764739555,114.73118353081874,6.766377044905396,51.5080132864392,0.8765995253180894,Phosphorus source
37.342049529818155,74.32273057285221,83.58931577690849,5.432603622807767,42.325234324034206,0.20191583294586343,Nitrogen source
84.22175202574961,44.26876471952194,109.46168334412475,8.315678362129951,16.87240545721511,0.3163455255225287,Organic compost
108.89999766474799,43.407637437284464,61.66456576260832,6.99776185017093,42.64810984541525,0.9985485745745939,Balanced NPK
114.39761624203916,50.44870892701324,45.28087004979788,5.746843872541375,77.62811155454527,0.9532193461691356,Balanced NPK
72.33345606790638,7.499776659334572,111.02258761751737,6.643610334450293,79.98250279581524,0.4182249089350109,Phosphorus source
45.8825612692706,20.755655252980695,51.68249306400824,8.418220527254709,39.034453543937005,1.275230705761349,Phosphorus source
93.07950707213166,27.346191857049757,73.78944436060291,7.980978922722436,52.79302526081538,0.5444087613168056,Balanced NPK
104.94874613586491,46.712396964070216,117.80096703476251,7.294690189886266,41.4197299247471,0.7666774591542533,Balanced NPK
106.81162049859465,78.54453531939232,55.13883727754728,5.570566449178324,12.784362000299387,0.6190840469259173,Balanced NPK
47.617670678509896,36.93973469091922,25.952839652174205,6.724315867215527,76.0355576357717,0.5022424535164929,Potassium source
85.32323931334597,7.848683241883402,80.81907215670107,8.281314117730421,29.764103431314197,1.2611058764611696,Phosphorus source
19.069384489987712,31.867672569423316,10.737210062683602,6.242883086978274,31.688794383534706,1.1005823250695441,Nitrogen + Potassium
42.3961370954212,66.73210426567287,42.06022570517451,5.781618338507554,44.61686509066422,1.0533953815343053,Balanced NPK
107.76000191456839,66.01316930904389,67.69543220559264,8.424019613882043,30.756145111514158,1.499302172467265,Balanced NPK
52.37032754878655,24.68061619839445,52.107748359451755,7.050361758163567,43.175479403260425,0.2652438221026914,Phosphorus source
49.1607458903453,41.88650074309961,82.962285862383,8.33567526414583,76.91327168072452,0.8682432967618485,Balanced NPK
72.60001193680749,57.35249122978091,101.88595723928844,7.608295334255585,60.43581406609259,0.7814572495466061,Balanced NPK
105.5844717462053,54.69103321899597,27.511814929500463,7.0943182862705445,31.739130590935687,0.46398681532492386,Potassium source
81.37341859018412,53.16875337274903,115.01891710257296,8.416774205767322,38.615161081741746,0.43207450893806887,Organic compost
25.45040349222365,78.06937940614448,53.54761306158841,6.19974021511607,53.48025729290967,0.27450797304593344,Nitrogen source
81.14331081718345,70.6812998720721,89.66963313675129,6.46108571379443,18.129930057545337,0.5136155112707577,Balanced NPK
39.19673060592895,33.86920715690215,24.668162231598977,7.01478875189513,35.64179623721438,0.845282081733248,Nitrogen + Potassium
41.3650091764011,39.039752091412524,88.39148675100122,5.308782833666033,45.70659635470909,1.0038268528142529,Balanced NPK
83.4443712033678,74.2094219616382,95.92337454848327,7.5864815583220135,70.75999151931543,1.3887505548074337,Balanced NPK
102.3284094211295,51.049617866165185,102.74070216733463,6.142442289865501,76.63838308288541,0.4255007482753145,Organic compost
35.21362939731133,16.889415750524122,95.47148780902833,6.520732287578761,61.66212760111319,0.8630844165284488,Nitrogen + Phosphorus
54.36030216718402,72.22825548601199,57.535892059154875,7.164399111689639,70.10185291263758,0.47637491845763325,Organic compost
54.299642819328184,15.867895707089522,69.69572373257165,7.7634877441073185,13.852252077374027,0.2784300851553531,Phosphorus source
91.5310893009135,58.219381597424814,54.24141334797689,6.2624258039018175,29.742326382754726,0.2802893000595908,Organic compost
66.49042264718393,51.20564395414376,105.19003264940311,6.89651466373218,20.63694579729483,0.6006315618806457,Balanced NPK
96.35260419679076,51.36425890958049,94.82226042649114,6.447201802242171,14.726206403981397,1.3597656385090149,Balanced NPK
48.413846403196736,11.253801430752542,74.55766866806998,7.603866341600003,43.46025850063193,0.9980203847863578,Phosphorus source
55.898396658200426,66.02608349312871,96.20877089781129,7.5198989833293695,11.391510374284278,0.871261628962021,Balanced NPK
96.38808789745084,23.365460053921726,38.51213389356111,8.164867693945082,68.92009837211027,1.4845740878572857,Phosphorus + Potassium
64.71637753231684,14.317697104666337,10.907873720166542,7.471466078843073,67.16707805518615,0.756772242890964,Phosphorus + Potassium
56.837664563975075,68.02029813648716,30.465313870649748,5.222045333957663,77.59863052184036,0.9051142258897211,Potassium source
94.9613373783504,76.60572562342881,99.14619847658552,6.636630768689442,55.36833798303135,1.0219194746080318,Balanced NPK
111.80825797831633,15.58089183662008,86.52848357710013,8.019878949396194,35.13576222245207,1.1207866222110736,Phosphorus source
37.48308482340283,11.60245073858674,12.794615405642288,6.854750544229078,13.616759507134743,0.9701556205224795,Phosphorus + Potassium
51.307696323702146,5.515130296107522,34.91243038624819,7.584426399964296,36.51571935722612,1.1432216344465163,Phosphorus + Potassium
99.6470407637589,64.7707728730787,83.7664866076713,7.613061431909587,49.88568766329494,0.8041879602616919,Balanced NPK
16.788137310195737,78.13288286211244,102.42681344959381,7.351739068982043,55.08662946457049,0.949851961273553,Nitrogen source
20.386209257698436,28.955301747461736,47.357990719705,7.777960660109723,52.34715045556491,0.7175908788437269,Nitrogen source
46.089754692195136,69.04075478123413,96.41986281524474,7.845844763168125,37.67871699464315,0.8230141258668318,Balanced NPK
73.0605322676997,19.386085319572278,49.8508207658157,6.718940227835777,56.92626712276695,0.7843497457498849,Phosphorus source
27.006483126544993,36.88302520379885,68.4506241623391,7.277709938807709,69.76642191323518,0.5022464636449346,Nitrogen source
71.57009485746676,36.30309303158815,85.564472511059,8.059941237575309,43.39646573575147,1.2974257662163513,Balanced NPK
10.222356729059626,73.41681363113685,96.73384097814979,5.468432050480391,57.27117883296964,0.8685000486262369,Nitrogen source
116.77715886838402,27.82607978999395,76.99076771679276,6.830005240582256,25.47895817392827,1.257772288638641,Balanced NPK
91.73245956484297,45.810036393357606,113.84538431445057,8.243325439863286,67.25932166766215,0.3980955323347193,Organic compost
108.35691880521517,27.935813425928668,72.7085781138953,8.411610925423387,26.16715883509805,0.4596785865060194,Organic compost
103.71265112180127,5.979400202624059,29.1654707397802,6.145645974546582,61.679842960414355,0.8246042775945377,Phosphorus + Potassium
53.26614261317257,73.90582002112626,93.15016548655515,7.214907897368553,33.80228745820464,1.3165491036672605,Balanced NPK
37.839893863704575,75.9438914328649,38.65155847623298,7.87029889486056,73.99480387917603,0.49446475787899136,Nitrogen + Potassium
35.237415581079304,10.894888611586431,47.54651519946764,6.750902486566806,16.017080766517367,0.39022968561770655,Nitrogen + Phosphorus
56.43720868307713,18.510319832120615,95.0841886488756,6.1285823287198316,13.243765804623774,0.40088010088486903,Phosphorus source
43.796436827219885,15.934349652098572,33.710633090156506,5.723082205553558,39.307908993263055,0.8813025909334007,Phosphorus + Potassium
78.48307041453873,73.20377913388353,85.68773668218498,5.695055594768323,41.44333017083887,1.1483631136736376,Balanced NPK
71.06431001881418,17.701545125193157,96.62540169593301,5.688262962537939,34.101801087625184,1.153759089907217,Phosphorus source
116.6290865266919,71.77817414561983,116.67960159260282,6.388608679556696,40.50934693817587,0.41173192130147246,Organic compost
61.98814022264577,63.53241202065101,17.58167586282072,6.116547072219012,74.78980791776738,0.4373258948736653,Potassium source
42.68377906107147,75.12943850044799,47.92763421649152,7.908196144846099,30.096912549741617,0.5341151550206447,Balanced NPK
30.57995773615384,9.700040878715644,55.689592246592625,7.496955850498786,45.37407495996105,0.7295308703369037,Nitrogen + Phosphorus
32.488017059652435,56.26304214427901,37.81418316836958,5.112278068505407,77.51781625250545,1.4252375566286157,Nitrogen + Potassium
33.590507437014416,22.894138533159463,73.81133999848302,6.495958072724415,72.145227599261,0.7549820242212633,Nitrogen + Phosphorus
24.941286268580463,45.99915006059898,22.457643073971468,6.565235094419143,50.40953654102186,1.428943690541546,Nitrogen + Potassium
42.26921943271616,53.706863047124614,10.019649607996309,8.050057127370605,32.19675355317963,0.5130692225929947,Potassium source
21.275063983658974,63.89367136154761,16.222805028559776,7.162559410974411,32.08724248892639,1.1244829039624893,Nitrogen + Potassium
116.23850452785008,25.614955359641094,78.16860333779954,6.2968767356773405,45.66028641745714,0.3082796483418619,Organic compost
32.47984847974644,64.56768499735581,47.943100102584644,5.0035326780848575,32.459560743039205,1.070586510526995,Nitrogen source
116.87472573325593,69.05886075377444,93.25522396119138,8.252606728820798,56.160041649388134,0.8749295240298518,Balanced NPK
69.35528811659468,75.81767674632006,10.234978679995109,6.804819043635569,63.835494012852024,0.24954199347546646,Potassium source
100.54981607670602,68.29803716612646,67.59510935549052,7.900732817318961,19.98443172715167,1.4259833371745407,Balanced NPK
15.372870714480888,7.793855963862218,67.64237011887221,7.57335055543915,59.00388407076566,0.9152750166375909,Nitrogen + Phosphorus
96.19825553761002,50.57876638063023,103.52206513580592,5.405266352350368,78.69971869650615,1.3449439492179966,Balanced NPK
108.479832684585,32.27061706098236,114.15522180763274,5.495257913818364,15.452182583310162,0.7183318888930137,Balanced NPK
112.63919360888788,77.58994687318821,64.28797962114956,7.631722425407317,47.676646788105515,0.3474921086815075,Organic compost
81.8450235506908,16.014959456872162,82.18226127363457,5.841548860684381,28.433097807696868,1.0774067688647215,Phosphorus source
61.14343372358344,67.26781271165483,84.83026178635964,6.032499108614779,64.39816305015515,0.2840805283448029,Organic compost
90.83113034662247,33.904309879420765,43.232238477676425,6.829314535293985,73.49834455617795,0.533774897573807,Balanced NPK
119.9324930927414,49.16586253101307,37.73232747258417,7.41886356523281,61.47741843035117,0.8909734687511415,Potassium source
24.364403699292357,66.13303311803604,99.12661366686267,7.678305752065047,62.89947892488637,0.6957237027534768,Nitrogen source
64.20015354485676,54.60956207718606,28.22651424445748,7.114790406748838,17.71388068145076,1.3021748373555129,Potassium source
23.180974184984862,62.93110338716951,34.41989788793458,8.249282397034168,56.05739594683167,0.7604877926492148,Nitrogen + Potassium
14.79986227161286,50.537824544206615,51.58406382927859,7.794037264395677,65.49040089493755,1.0931430922758398,Nitrogen source
39.460443745959836,17.971750193391543,64.67651354331751,6.583234248465931,57.106140045267175,0.8926584453503736,Nitrogen + Phosphorus
64.44260896992809,41.05961552618811,65.4669337164693,8.0525675035045,21.960841558582338,0.22439119800905583,Organic compost
34.4036677342239,28.271325561635066,77.36598054759223,7.949210958990323,59.91390842455412,1.4977826418186742,Nitrogen source
10.07797182181463,19.25898355861854,19.58036528816173,7.3225668657277385,39.887616283046626,0.6046877964609798,Phosphorus + Potassium
44.392196881568935,71.97327675082785,18.305953798591702,6.0969025272958675,44.99231647157199,0.7350618080351174,Potassium source
85.62768581353396,50.56161021788117,98.05188288445822,7.954578760037715,37.99576860243643,1.3258932776436525,Balanced NPK
79.53840470279007,69.52819899045265,61.19094311629363,5.089485223836145,56.058150228545514,1.4558087805978779,Balanced NPK
112.33139971505975,16.402989519140206,63.85063426858863,8.054822889814321,39.15719041111337,0.8736121831301524,Phosphorus source
119.73586088075388,41.19822282810406,30.903139186616556,5.135357031341138,42.29565662672989,0.8689855568753535,Potassium source
111.19269323469643,64.39907778378523,16.91521691632242,7.858849193857073,14.867292066233066,0.21826407213470095,Potassium source
70.1656262127278,44.734385308701675,44.8088399599386,6.611946768282731,74.4260432171247,1.079304776685927,Balanced NPK
47.66528460882185,75.04637419659991,27.92702587036505,5.613147176690769,26.3102983667196,0.502238307680001,Potassium source
17.80911090520492,28.22456073510211,70.35179422016047,5.779737027724923,17.47878590502879,1.0456076562281016,Nitrogen source
56.19870398369549,54.00049486712759,37.28418435303333,7.646308624034138,78.09417432120928,0.5396055042803218,Potassium source
80.33042707968525,62.37938784811775,69.7602936179868,6.018979878241158,25.009880444502755,1.0405702724674508,Balanced NPK
62.78823570920201,67.79658068434682,19.82893104793429,5.114530697472298,35.95951685676384,0.8166705528814777,Potassium source
80.35243895391977,13.55370566556943,74.6021633592497,7.845622432790863,73.6684662336614,1.3696884818272936,Phosphorus source
67.03174351161216,72.44352815110025,69.13714171612637,5.256754485928126,78.15703373985963,0.2033866549919375,Organic compost
41.43724111542352,8.478512786681495,69.8034710785175,6.986012418490717,54.65514862401024,0.3824681503010519,Phosphorus source
11.916572953501078,24.92615360701745,15.66455821856215,5.123496449979624,28.47646909375156,1.4984856935725854,Phosphorus + Potassium
98.3729254994598,32.131287698825396,51.37038570590709,8.254464744178964,56.338513328750004,1.2880586728793118,Balanced NPK
105.08983842765645,17.696818623454856,11.77187187378014,5.938896640387682,51.608727859294206,1.381105169362934,Phosphorus + Potassium
43.947508314839624,68.75963991435917,82.84072588620057,7.290795924581145,60.139975960653814,0.864993158263843,Balanced NPK
84.09549220385209,64.49574315839783,74.83237334671803,5.137273175984044,45.7416960170493,0.976069090122059,Balanced NPK
106.28912147798364,5.392062947476568,15.342932017482585,6.287788780335549,66.20771003212232,0.8296196148455879,Phosphorus + Potassium
43.57798747575828,56.99415655606299,65.47986036966043,7.008011240211337,39.98331602845628,1.1425692427641478,Balanced NPK
11.714274010994743,5.126015192470275,85.11130383645876,5.093303662609917,33.60319554688212,0.6762289755596641,Nitrogen + Phosphorus
77.51912660233006,62.932199967622736,100.40050548263409,5.980541236492432,21.361405255798424,1.4750402727032075,Balanced NPK
14.812053609844153,66.03609279865336,12.213882314384096,6.697909013921343,54.904498603346305,0.8210309086372061,Nitrogen + Potassium
72.11765084454518,6.902423923090735,26.964560874580055,6.936540327137072,67.93963069955896,0.9129517093695094,Phosphorus + Potassium
64.9430986915977,79.11364564189854,52.88063004255332,6.349179129684314,15.181418664344886,1.2181344044863578,Balanced NPK
17.449129246826917,15.211669715801172,16.24334118278437,5.673345167665902,40.7224252080634,0.254597751925019,Phosphorus + Potassium
55.258598462011896,41.07905190042753,22.18776278244519,5.192976294713019,32.007576916920755,1.0456944024071884,Potassium source
76.78572113956811,14.495864452863886,20.11033071761091,5.654107287321289,71.20507775407494,1.4111602612929282,Phosphorus + Potassium
67.37692957407936,72.67043369814017,24.454022834639634,7.300312249778371,55.41303896072786,0.7841275965383585,Potassium source
91.1571720712739,40.62440851231574,104.21165645111148,5.475478827860809,11.212184473219644,0.6915557656350109,Balanced NPK
24.147154519122143,18.43476263861532,15.252890628962327,6.507113246207045,61.60639262498302,0.9236718451343606,Phosphorus + Potassium
49.235315694764694,5.878150923100981,65.99702058423054,6.1469708364711035,26.7211646422009,0.7870090396540159,Phosphorus source
28.707394735489608,29.121263845072686,111.8793375250036,7.137986207311853,79.28271421480255,1.0162448838644127,Nitrogen source
20.667435319322976,54.93624765483689,105.2459150198377,8.194473092368025,48.816730296306105,0.3561667166315605,Nitrogen source
80.73735444946699,15.723123555352213,16.16400068254443,5.741032969052837,16.79232452163638,0.779022295573911,Phosphorus + Potassium
113.83051723654081,54.52968407046659,86.39235502403237,7.812617664409931,26.74632472095614,0.9441407839492679,Balanced NPK
88.42292782626768,27.804332243458116,52.63248818835077,7.454688542577539,66.59234334620945,0.6701237730921017,Balanced NPK
78.82578080442475,54.823128197694395,112.17620367569604,7.756119476283807,23.6168633747203,1.013343005923788,Balanced NPK
115.35076163856272,33.370005423559505,94.18168594447168,6.887230059831561,40.646632167743235,0.9413432107173028,Balanced NPK
56.76416631832558,28.852126665578734,93.72303230228027,6.864393712138636,75.44084754387715,0.21136326323568927,Organic compost
94.6285621965973,16.800330343635054,93.73344117217661,8.045809797307424,64.88415023666842,0.9719947614375817,Phosphorus source
23.497974226205862,77.02939751884013,45.89845797683363,5.098804960102621,10.13153014056096,1.1602101680307848,Nitrogen source
101.63187645196496,65.22786963253176,71.49424609522286,7.21159154000764,73.47674965434538,1.0627147797006973,Balanced NPK
48.63083322688906,76.28018460782637,116.21405335343083,7.197621758459023,49.62700798861617,1.4179118875388947,Balanced NPK
95.58812980542206,13.903748111178228,115.39858623868389,7.535282875680184,61.73089740586261,0.7212127825910688,Phosphorus source
10.929107657876052,25.37988919211964,46.422342269345314,6.595606431031208,59.09332308700725,0.7857897969577883,Nitrogen source
50.93419380883695,23.609240073507625,94.53492509348922,7.756263199923611,35.424707206127536,0.48283019590117016,Phosphorus source
34.20518279090743,54.71116845297823,94.98341734543676,7.747445069432272,70.94656379962778,1.1808111323343107,Nitrogen source
63.4526804964589,25.052230041539637,51.11613554660879,5.9930581460194805,16.964351133808155,0.38707182883358004,Organic compost
11.396420844593372,19.755437691350714,101.87300320088224,6.879945440445665,37.26092043965931,0.508602293248559,Nitrogen + Phosphorus
74.88540509423224,78.00439833811356,48.2764918084668,7.966284217118808,75.74222924278298,1.2230099315484537,Balanced NPK
75.05796664539362,27.652571711195776,13.672345770557476,7.578060443710205,76.91765898646852,1.0959562458266183,Potassium source
13.984456845886875,15.458445982760056,53.225062545369184,8.462510636962996,15.942710120643115,0.6132485925879263,Nitrogen + Phosphorus
70.7069131300927,13.396853945096833,22.93661196447395,5.240438122955958,45.19467979069949,0.5724751856809911,Phosphorus + Potassium
14.3452031967002,42.63682116971304,90.3495492189898,7.340943225168255,57.90145868247813,0.9158220021989025,Nitrogen source
95.93604214477928,9.67855890746364,30.978486562716594,7.461563826200606,33.50204383546844,0.510500998238014,Phosphorus + Potassium
12.975107585660403,70.13586241666461,102.1772107825829,5.21165202073388,31.307330041557563,0.4789193379352697,Nitrogen source
32.74632614829588,24.356001308306503,42.67415057398352,7.472837421155978,77.88960219165139,0.2590697515427234,Nitrogen + Phosphorus
45.518056383856646,55.05643744658163,43.65182950508922,5.66893871215788,21.747742262966234,0.9773279102148269,Balanced NPK
26.61605026124341,12.241048981422303,92.46630053636109,6.203163384959815,72.61763435965531,0.8453108555528448,Nitrogen + Phosphorus
24.496306840262353,19.45715947329292,106.96163273795578,5.4394719562899425,32.086937677524794,0.5944466943387197,Nitrogen + Phosphorus
118.64977521875414,78.08231600437932,86.12759537191535,5.82429424321775,22.54963894797261,0.2781236016555973,Organic compost
16.743148776172642,75.560830027544,76.38675604125076,5.694069931577741,64.69254743272987,0.29934213422390205,Nitrogen source
67.46283623849607,19.68359484750603,59.348984502503455,5.801741337126539,19.555063944007344,1.404910525999683,Phosphorus source
111.191949511994,41.996843344641746,96.48155098284013,5.706138450059444,37.78749571266774,0.4932053739684158,Organic compost
19.214114761496653,36.79060845162859,91.93950443391243,7.606821735344431,41.037134862992254,0.78021695277063,Nitrogen source
76.31917195007198,74.98352097360691,26.506720430361298,6.417194894874728,73.39766439935725,0.9133178508869833,Potassium source
97.21899793393786,39.69729996998759,111.31569245329047,8.115927824043426,41.21651240906057,0.20651371050811956,Organic compost
72.2776540850494,20.293998301758094,36.461100864432616,6.504087201012201,41.49923506139683,1.3188572051810965,Phosphorus + Potassium
13.441763490105961,27.13098587678252,79.5550131880653,7.176933230812047,32.24367643035859,0.4313277966297261,Nitrogen source
40.47176939547043,71.9251269217155,38.91486837020236,6.721132917675794,75.96198072811774,0.3539435422206332,Potassium source
105.780861420824,60.753182095345885,63.39641293421369,8.321304542231557,15.208811565864359,1.3109700655692869,Balanced NPK
31.745051183363184,31.564982357699044,23.458833904018814,6.733512159578194,21.83618699749438,0.5316362554509189,Nitrogen + Potassium
16.5587322265398,27.88238991119931,28.02414232570285,7.3987146282567435,54.67241050283272,1.0650997279442516,Nitrogen + Potassium
84.3614414000845,12.737093972599821,33.52122600915597,7.581158486695786,43.752992829279464,1.0191279677134757,Phosphorus + Potassium
16.226367633428943,33.97334419192954,58.18049750135328,7.423229036542761,73.84428355602262,0.9468951046011709,Nitrogen source
93.72237052479653,53.26226959949961,110.08958191872058,7.837749434972032,27.311449189978543,0.4889943041094061,Organic compost
110.30834744242884,49.808652287318665,59.45789922372739,7.450489284021697,29.720133835388648,1.2511737987298766,Balanced NPK
68.05165499170405,70.32360944664072,80.80692426714933,5.910763425428176,77.58213569416102,0.7231602331878004,Balanced NPK
94.25263960075243,24.165011987179295,55.87863170443043,7.583996303207812,58.73814227763286,1.420691724802515,Phosphorus source
97.76042418831622,29.313775984557267,104.96232601152276,8.223742567093161,76.78676638142285,1.3705977097212363,Balanced NPK
86.4904448827728,64.68612666094324,81.26380053934953,6.1190009040237126,67.12669794276499,0.49583872441424803,Organic compost
57.44339092100463,30.762591831076136,28.93633270977571,7.7961819094409135,43.03485916234721,0.8850836408441225,Potassium source
65.22441942151647,56.70262218721376,29.348589356129466,6.752825894370533,28.21746226368015,1.4631540547868613,Potassium source
16.619439279031347,74.63009243906758,16.59071075688908,5.382433131993542,73.43851365173015,1.0422077882668552,Nitrogen + Potassium
45.68566487720144,49.12729889899272,28.276789568710342,5.2270350270023425,13.446003222949331,0.5510296709182898,Potassium source
29.733957825399017,35.24897206253459,106.43337914419502,6.324942119650485,37.89949795086464,0.35700490061398077,Nitrogen source
118.75732510544618,15.893448730393871,47.213892403090036,8.310096928229436,41.84475649965684,0.6395320966964047,Phosphorus source
88.66782594317844,7.4770894181208565,45.33167174195147,7.0308118845263055,79.37063331620764,1.457809457386465,Phosphorus source
78.8806078663812,30.508451471132613,70.50583052554103,8.268542469216575,56.70209050925848,0.3939662500680652,Organic compost
116.86984099812109,72.66542986366854,33.84554980058586,7.298959575862727,71.47583863374638,0.4866760744280321,Potassium source
111.60062796576238,18.50373094655867,49.288666592171516,8.300933773052087,76.26664250830568,0.23026929995169998,Phosphorus source
105.30328232175569,57.02924379595504,105.88926634424264,6.6167037440458465,78.70552907571557,1.1727012800511083,Balanced NPK
93.52950209297528,37.020405170670834,53.15538551075916,5.719452353144653,14.077020533329694,1.3719019283202891,Balanced NPK
74.97622230955183,46.85867038447056,47.18293682152148,7.5889483917579845,38.48167978175936,1.2521184022029055,Balanced NPK
18.780623713263278,23.557365823576514,41.175050870082046,5.081655672382759,56.44089966056841,1.1121051894502327,Nitrogen + Phosphorus
55.47312196208581,64.65899220159564,114.91033703555757,7.578457314126242,57.12913856901448,0.7845073169399439,Balanced NPK
70.88296002659186,26.608366766204554,36.85220546504287,5.091737383461802,43.660669195724935,0.4926019969084297,Potassium source
61.40998401602573,65.9267437191641,50.38461842952151,6.126639225240173,41.27833379981094,0.8441417662592041,Balanced NPK
39.99356638328655,49.99403358416192,13.189476674088777,6.701429824728676,55.43158922539168,0.8061440530946324,Nitrogen + Potassium
117.60888243945752,16.627616500785695,59.83577742099392,6.021286427094832,73.22565959607003,0.43348742728654377,Phosphorus source
67.35685946514639,36.824014151578986,110.89484774525094,6.9516131723855406,42.596108212174265,0.9625473789353245,Balanced NPK
88.25601354322882,7.398935598638227,37.143962666000505,5.8250386498859115,39.09057550452981,0.9492811835206183,Phosphorus + Potassium
110.74783531264148,47.43275721921948,29.960035108736143,6.840497641739507,40.00019273532092,1.0394556353279591,Potassium source
80.05090457645598,54.51083606880016,119.7020856890809,5.096618758902462,63.35670614347909,1.311298986063582,Balanced NPK
36.965441080622725,61.804495221243144,21.548109963369093,6.898864882866181,32.56765863610921,0.4963999240217192,Nitrogen + Potassium
81.18852118396767,35.196811939110745,28.266661624436363,7.123086566897799,45.47678969219769,0.25491401346619913,Potassium source
100.28349125178411,79.00623092809508,47.64849987817522,8.455542129589801,79.70747483857797,0.8036804217220586,Balanced NPK
111.27425058352895,63.67133131066323,101.79342361029059,5.428777120331047,64.62245982857351,0.5075019212430675,Balanced NPK
92.22279060478098,22.69235378405786,96.2314529233289,8.12815862326359,45.12188868321202,0.7631998562358784,Phosphorus source
26.02620691791367,22.698769894540888,119.14369533764642,7.557821884569909,63.83646263634381,1.2582103340402417,Nitrogen + Phosphorus
74.20048296354273,38.08357079962763,48.28964129912737,5.095426100288631,66.68042638523161,1.3243480974580077,Balanced NPK
47.72398084758723,43.626566935415354,73.58245893128196,7.301124378677845,55.49204862582233,0.4557383046851896,Organic compost
85.53351363594962,61.440198081409264,11.89933925894169,7.162593704734589,39.1702389177639,1.350667429538773,Potassium source
113.81055679188182,48.7810874667192,53.957052265632335,8.283241659034093,28.885967100737126,0.8403166252889007,Balanced NPK
48.84354145582215,16.522263103395474,108.37273345187326,5.876702375227853,65.67387065884799,1.1791475885928862,Phosphorus source
83.35213876349471,13.17406978108447,54.07066059534313,8.244022220623869,35.61420855048653,0.22641529130352897,Phosphorus source
89.81208707809478,56.569606851487634,73.81642969619324,6.270029535299782,32.59662912291702,0.49840158271798146,Organic compost
75.09227597054479,79.7107890053157,96.17682173619255,7.291940413472298,49.86519004961534,1.1169275566306962,Balanced NPK
65.21070654344837,68.55707827934947,74.00607203719423,5.8660873197291945,49.431050535046836,0.5190304445372045,Balanced NPK
68.92355274282674,65.34513126623732,90.03151189924074,5.946241929948148,61.05055874218272,0.3609246112476137,Organic compost
80.98808332982341,28.61533624118918,77.88619696770898,8.018258247019933,19.363522203433696,1.105421367517104,Balanced NPK
85.16528068531353,61.769364226014815,116.62275551434013,6.690356758149157,19.541569707650844,1.1047307155967672,Balanced NPK
69.98372773092852,65.89258837122362,97.22842637143725,7.565922271246319,37.7931112593279,0.8184015543777321,Balanced NPK
110.7654945838833,37.697879737222614,74.52615612827117,7.392301671462162,18.10151856909939,1.2002390594663734,Balanced NPK
11.644574372493668,78.65557468863989,72.52402868799545,5.588204132428583,64.89338280954667,1.2978816953640975,Nitrogen source
32.52470940969937,8.094135503058194,67.69445836591713,7.241982875305748,21.778410214763092,0.9300879800784583,Nitrogen + Phosphorus
67.90300103645414,69.7699164044002,99.74137362130969,5.461848488747964,59.49133477549972,0.8537274532908803,Balanced NPK
61.28839799441033,17.17517749037887,92.24085161705906,8.039280171040701,24.38560597924114,0.23822774189429266,Phosphorus source
77.00648057755417,78.59616760452846,84.66958389246454,5.884466234680738,71.09128668648898,0.899481607602304,Balanced NPK
66.07347417597347,9.295937801068828,16.673744653364686,7.027553664755095,66.46861742570962,1.1791192648010274,Phosphorus + Potassium
113.48413643856946,42.707135795435015,78.27947437945414,7.195162502297128,36.61372404201353,0.2036899951521817,Organic compost
102.27903735467713,10.031889673935808,115.5190617417467,7.953488672873425,17.26487761066169,0.3586370884883321,Phosphorus source
91.08298416244119,45.77499452960768,81.38032768204293,6.014838998919412,71.85840647923828,0.9058637564137162,Balanced NPK
72.20160823279141,79.29372393390452,94.87022370383737,7.410825914624597,70.66535521476656,1.4882322517300477,Balanced NPK
99.37882870803749,65.4791484740391,31.047455572228728,8.05670548715208,71.68491579882674,0.9761682911163465,Potassium source
81.56904914329286,51.78291906432001,69.94438889519722,5.641840135569021,56.03917814954161,0.6932279505808812,Balanced NPK
69.01527407380462,72.58339404133615,22.009365880850567,8.344092506539655,49.77356532767404,1.4347685980937852,Potassium source
32.07133573929585,9.071628694957035,78.31117472410128,6.844019149571251,61.44207830189885,0.981885599000911,Nitrogen + Phosphorus
66.57155616963763,72.69089026448754,45.57491472557937,5.950408738787251,66.27943669809885,0.6571278437713544,Balanced NPK
71.93836859111128,51.0536320020741,42.39114014447548,6.24511512887565,12.849000520115467,0.5633970922946872,Balanced NPK
45.870151631668634,6.260496147495399,100.54810195766463,8.098722385642056,22.409559526516507,0.9870718033017654,Phosphorus source
58.616295052075884,14.586301893341375,12.7459797986368,7.322425272687614,15.578238502083462,1.3583291049053734,Phosphorus + Potassium
96.8623376605217,59.321836142501894,102.70378210652608,5.373163678237262,53.88317053167161,0.46831117031431285,Organic compost
67.17370598277154,31.89129048619981,23.462861401372194,7.570871799318782,31.130963175140256,0.3597751014953138,Potassium source
106.73565080328953,15.097581728992552,32.59581760874232,5.082999709887068,46.30012878861085,1.2729051333512722,Phosphorus + Potassium
103.63486733942267,60.78363054100443,61.84811587282306,8.113083052604578,63.69925185193978,1.3560121775692078,Balanced NPK
36.34132411351365,50.09645063367752,12.373822149499105,6.825202949203703,71.38196999154212,1.1600081172449495,Nitrogen + Potassium
95.37878356967661,28.781751231021925,53.79695098110296,8.451901652316348,28.70929207010495,0.31211165505494515,Organic compost
52.79166170923768,62.542795844434025,67.59732269814641,5.152986874903103,56.530702585132666,1.1562878066815314,Balanced NPK
76.30533883975737,17.850401252748686,31.01603117311835,6.425677472614378,35.074483719476795,0.3324456889204036,Phosphorus + Potassium
104.52749297081863,74.34640639387855,25.820065597228997,6.968203762002389,40.08461574497241,0.7317097900359375,Potassium source
73.83621339124535,39.11866872447429,59.665383624601965,5.502711468909027,59.74462058058376,0.9539079421724637,Balanced NPK
16.16033036470505,33.1575683007522,33.95584919741877,6.36487439810108,18.320102233122995,0.9937092003513155,Nitrogen + Potassium
73.96762107540894,49.45812122222763,50.27166763533829,7.527147309948138,68.98524998970626,0.741249525953775,Balanced NPK
57.63574880655579,72.38346615889077,76.56843289376168,6.783883684559863,61.60015649952974,0.6031863281366274,Balanced NPK
13.603343713281038,57.644121774415126,81.06721376190426,6.4998922963760934,13.209266944096077,1.4220898367948542,Nitrogen source
90.38457533340087,33.91592681504097,32.115887568268704,6.9437034215798885,11.48826728329288,0.7943659463662816,Potassium source
118.72318915377744,60.4399013791646,118.34235281800895,6.386049604818671,16.09881696995984,1.4546434759763005,Balanced NPK
105.17725465052904,47.190307727617125,35.28270857788081,7.585616261363128,11.346211761719895,1.388759669327681,Potassium source
86.68999841547446,18.18438219291692,28.099077630554625,5.202920022369749,63.934224646806435,0.3662091231959305,Phosphorus + Potassium
67.20774433605344,31.864065179900866,70.39841275233452,7.431832407072433,24.6972947158838,0.4606450205983331,Organic compost
47.13599003193483,75.13919035054121,58.84340045071609,5.899351436229185,46.36857370686404,0.4344832512145401,Organic compost
94.1710689760384,28.945408995364062,118.09019124110729,7.204625005601998,52.809545160154435,0.5776785374918912,Balanced NPK
29.62465998633265,10.832242584529334,104.12388603408783,8.428677232646214,25.068047022607367,1.4914553947850806,Nitrogen + Phosphorus
77.7505492558799,64.00298781139267,118.71864323916465,8.4134398270252,49.76247664648554,0.8851926183936507,Balanced NPK
84.3329978094179,21.483227226475165,52.768625101186835,7.896544700634129,17.685670410911758,0.7967680228894165,Phosphorus source
44.72608127875193,48.68751253007085,30.833590952502213,8.248204085221477,65.41823180999475,0.30564491510063,Potassium source
45.84460889700502,8.239457469341462,23.5512225504718,6.482747621644663,33.062003174497704,0.8768034336185286,Phosphorus + Potassium
41.998431203836155,29.913478748998084,115.39948702238316,8.06216948430449,10.936351396266584,0.9829588796773427,Balanced NPK
25.637712318680315,64.20761537954508,101.95469929202629,7.311321848024254,57.12163512462125,1.306874945056613,Nitrogen source
21.2020402304923,58.07511703639554,23.192681008671716,5.148074375156286,54.70208421554565,0.5537101436017953,Nitrogen + Potassium
15.046768534659485,9.734590175337713,117.76616657772588,5.7808320912450615,38.54837724626123,0.5464872825536291,Nitrogen + Phosphorus
112.88627344613076,10.536622384591269,69.75277003472992,6.67226910367676,58.44762155301275,1.3678121505184446,Phosphorus source
10.04375426944981,6.241979548449349,51.5010423363165,6.405665299328843,72.33342493265116,0.5625256285731497,Nitrogen + Phosphorus
103.31684702140969,11.695212093822018,18.514376789145658,7.607921259055849,63.38507779217475,0.3228323182828674,Phosphorus + Potassium
119.23602139599596,11.03471818536813,107.26017298605176,5.678724968174665,11.538792863510409,1.3112305639747528,Phosphorus source
30.276675158165293,44.70631440203432,100.94830248933846,5.54151388784538,61.8739378341805,0.8910037536194613,Nitrogen source
38.14529206944378,8.116724427192779,38.9226935004945,6.486662816874423,35.75489657245841,1.1319674272342688,Phosphorus + Potassium
55.08086927458334,33.52559384546423,99.34740363411959,6.623747313776921,78.98432855643857,0.9468003088894035,Balanced NPK
113.0929759006433,71.16470363343716,55.54387915015556,7.144333970853168,19.856082837462335,0.8851255317259601,Balanced NPK
56.63749830766795,41.28121788172746,30.270150449458978,8.031774989242706,15.597935504301791,1.21556079784346,Potassium source
113.85361412569047,12.975265485179552,57.7053040194324,7.047325075456445,79.39342804422331,1.3249978469618473,Phosphorus source
55.56517785416198,77.59378051722028,46.43923508772156,6.189969077945771,45.43810756310287,1.2134484414212896,Balanced NPK
31.138491422249974,60.68499278800572,10.297015651688973,5.91867906736574,78.21281046854442,1.0534060624790744,Nitrogen + Potassium
60.881661390626356,59.882224799514724,57.87819003463065,5.373409825283739,44.82985865217881,1.442022518440014,Balanced NPK
39.98619698935727,8.965617217281299,91.54810679647609,6.5904167895060635,33.429342321192095,0.8338008143774684,Nitrogen + Phosphorus
112.29994779439939,23.76869470503275,32.057200466388736,6.868690207714581,42.43158359140944,0.39473689720424665,Phosphorus + Potassium
73.87230492297459,48.086778339807445,76.59739111895131,6.447444183284392,30.30341090927325,0.6268270030460356,Balanced NPK
101.77928494686279,51.88225878376031,53.782599060350094,7.146434293472373,34.472975201822806,1.3214422790413725,Balanced NPK
90.0395223109764,12.571149261066829,16.178701258392856,5.1169609278673125,11.927340524965594,0.8459829760701756,Phosphorus + Potassium
29.89260041420861,55.589963983298254,63.10385455020993,5.327169108680416,10.408228820180835,0.24774216961339557,Nitrogen source
68.66704252013167,48.995323155888414,48.8315848713068,5.276151705077559,75.42822007458035,0.7274277407106866,Balanced NPK
57.22394618945681,33.6093238381997,16.54141081481653,7.486566192596757,56.53671092793453,0.41380387081409864,Potassium source
39.54405425508246,46.018987281330766,51.44428621043418,8.492752192125614,44.753433982122615,1.3468981742286648,Nitrogen source
32.50740482449149,46.71657606351879,45.39749494105591,8.270755793241705,48.582636506012655,1.0501298326372555,Nitrogen source
18.36228637519871,41.576538122620725,73.74203610138831,6.016410142370119,61.50366565808501,0.8065539957981,Nitrogen source
71.7441441702957,32.06977481943031,84.41558145046764,5.361100211266332,45.43592125636119,1.3643325646294726,Balanced NPK
35.87022501814775,70.1336022975799,107.35567719780227,5.806511249805999,15.650722181441374,1.1937439198786668,Nitrogen source
115.44402362068148,24.17874869268155,110.43043366814199,5.728585947515338,35.15132585511351,1.351677800667843,Phosphorus source
43.446650586160686,61.677174408892036,26.166516869076286,6.32568186420422,75.85163064118575,0.49416708456658803,Potassium source
87.18718266177825,73.96653608566429,96.34502153755997,8.317961575854458,76.06238648948786,0.34772717710298406,Organic compost
76.18289975907224,37.01712546489108,85.10120572952938,7.598922089907525,27.16662046630083,1.2398281511251121,Balanced NPK
55.012295763964794,54.255386782366465,57.047688389395425,6.211405738639062,58.57278381530885,0.904479117348709,Balanced NPK
103.82164115195296,63.95065999718807,105.51662945634891,7.680201235888271,74.17888224140691,0.4036668932498202,Organic compost
80.45297464456232,11.180660734706784,64.96120371712031,8.01470885195892,60.79183129286025,0.9578072216138873,Phosphorus source
86.3384494035154,17.99668050732693,112.38825739553275,5.743652964734582,21.687982119546575,0.38200419880611414,Phosphorus source
112.98404678219131,39.564257680823246,68.63717390140019,6.326587577075693,11.909506992952073,0.2866613296126097,Organic compost
11.733571007696984,45.424719111228164,31.2832002078276,6.407423503021448,42.22272691621856,0.8923515886766251,Nitrogen + Potassium
108.20864056563316,8.2425564636883,64.36518833362595,5.461524554821485,74.8562988057559,1.3926937448527348,Phosphorus source
25.393181377833002,13.801941757322396,22.085662235034594,5.343292308056096,21.066806108641142,0.40239556133459564,Phosphorus + Potassium
27.985110568876358,16.14319420482755,51.57057382638147,5.88863295354645,39.195517036741634,1.3618676601109758,Nitrogen + Phosphorus
48.716226553739936,26.48553270219109,110.57898880645023,6.125626691024682,18.540383413578617,1.0046805337476277,Balanced NPK
40.99742944218616,43.99692777536609,94.4785549202367,6.979492136136929,66.61369660766411,0.6481123894797269,Balanced NPK
28.554498834834394,34.60003792313988,55.312061343506535,7.505888914076034,58.07874802858438,0.6021817628519097,Nitrogen source
112.22581507100007,25.669132142408888,119.61102115975382,5.114453618598208,57.16184327127206,1.0062743886799737,Balanced NPK
74.34220209521196,63.43536164169774,74.99637447605994,7.134710880499796,71.4150752434322,0.44276589803518057,Organic compost
68.42733123884474,58.40758587739035,43.86650424821646,5.768196184211235,19.023121751108757,0.5414948657817997,Balanced NPK
83.26856046940347,51.122407995476195,28.892776840304766,6.7190380682136315,24.963881364857492,1.416764582138618,Potassium source
89.65476949721605,17.99965062718453,41.868351968240866,7.985777849077582,48.99854648583302,0.6627416284176999,Phosphorus source
75.82629305766045,34.21119138875295,110.2571077706858,8.057392789343144,21.22705105518176,1.080683114013581,Balanced NPK
102.13466795553904,20.843282961532612,105.86608441479173,6.468450983099606,31.540896856994642,1.479279706409986,Phosphorus source
85.68054300340995,26.78806344680572,68.2659258085117,7.252128333098341,59.83567495676377,0.4722079073888809,Organic compost
77.82596717806976,68.54465240661597,98.40256819839847,6.0299593453974065,77.91348686146857,0.21636544389337284,Organic compost
95.69173221828149,28.783372245027792,113.53258585218362,8.013698152970626,71.68125745189346,0.5274278149622732,Balanced NPK
97.60570640492267,29.948986154235126,59.19292504354444,8.165173739097058,60.43173817176592,1.0327366891370124,Balanced NPK
24.187073364833335,45.37124285066013,23.58659407484848,5.262583249380607,76.26063499852927,0.9701183004226503,Nitrogen + Potassium
10.676075396366407,40.177157025400305,41.54184001475455,5.538683843733794,67.33849633962527,0.39969165732646683,Nitrogen source
28.29850306864823,22.445528629113802,88.36865973255051,5.667560198809211,32.49519419279038,1.3730501306711074,Nitrogen + Phosphorus
72.16556818754438,17.97564678770369,104.58932819002291,6.792568385967091,68.39594536197333,0.3023686440692802,Phosphorus source
27.80038315432705,11.886088039841614,62.93595025683784,6.355826539138253,39.120655823797236,0.6765011689476998,Nitrogen + Phosphorus
56.6564130734223,33.59252986279505,27.562688790141348,6.991790201666169,70.84175169320105,1.4923062021080449,Potassium source
22.903912173489708,35.8425865467228,36.52004622738363,6.984151300253158,35.22557812792291,1.3410802027605313,Nitrogen + Potassium
112.87246793264835,29.381541714251544,49.20592956890308,6.8723702680521965,54.48651980315988,1.1781966757274087,Balanced NPK
21.007836359564287,8.831947450678964,84.60507980800703,6.675405604098188,57.092651387072976,0.5920890543381305,Nitrogen + Phosphorus
28.938968012633584,13.34386169473664,96.49667484356094,6.410603244039693,15.801225056133031,0.5207962352476798,Nitrogen + Phosphorus
104.76706877078684,41.115489733122935,103.86765785501734,8.308673175789288,14.687010349619946,1.426189851384902,Balanced NPK
50.81723707796079,57.37039266794408,54.34407902221869,7.151160975815488,56.88361631775753,0.37288059439337273,Organic compost
57.4236163937642,20.494362959174616,23.1236829128399,7.071802595030833,57.618415175596105,0.5348381984818404,Phosphorus + Potassium
10.80578870988326,77.80697191821807,62.233429293528445,7.28138862261687,15.265593356061773,1.0062828700205133,Nitrogen source
93.88605249456832,8.554092503244458,67.5929406538064,5.49704558686993,20.284372794738594,0.9992422340379272,Phosphorus source
78.11838513997277,46.532752995179486,66.11857789544092,6.64496003439933,43.685489071426254,0.6347977056378603,Balanced NPK
38.306280949570095,24.9233898375199,109.89098533833923,5.933477555294075,36.215994847641234,0.8553092995622011,Nitrogen + Phosphorus
91.69626636672118,63.28229336711279,89.3846269362412,6.060609028707079,21.416464092358115,1.2621344594257606,Balanced NPK
106.1935320503756,73.46942630314479,104.4177009556229,6.264818479104335,20.745418187643626,1.0715564667454924,Balanced NPK
81.43592314661605,23.592412514260747,78.22427535602417,8.493849911823268,21.797376562278473,0.6921515985600821,Phosphorus source
53.01547726181603,21.014886119917005,96.68767042043707,7.475560051924143,25.18786597032599,1.3151344551939272,Phosphorus source
56.83802108070532,46.31812547853129,85.33822313092473,8.059553309579982,25.878451880474273,0.9700491008701562,Balanced NPK
83.87332386928064,71.47856578135453,94.95226208688133,8.200521334628274,15.266283893222035,0.7530935199861131,Balanced NPK
43.696150464732554,42.28874900731277,99.18916712443452,6.723962575859277,12.460611392529497,1.0720653024674516,Balanced NPK
11.13225157051259,12.331428541975722,90.05011252053325,7.908501310808606,32.26801419281401,0.9397081419064626,Nitrogen + Phosphorus
70.1903021080819,9.169859385336569,69.93322234693301,5.038396150174968,67.39795242408022,1.1725746756220135,Phosphorus source
41.20827084897482,24.67478205959068,30.913508523397493,8.334669421807092,69.2051439228197,1.2890574354242357,Phosphorus + Potassium
61.28347291576754,65.86410939703268,75.07194463460456,6.048116798152978,40.13048097656949,0.7318160022230733,Balanced NPK
48.70072237203273,23.172251014074245,53.80697341671488,7.097521976163854,23.733093809116824,0.38440012903628873,Phosphorus source
85.92505833018515,44.47537970113644,48.73857721924961,8.17765692810311,42.29242560841373,0.6312574920503657,Balanced NPK
33.78815761367615,29.237874459047923,40.11220166681149,8.033832306121285,72.43916393564743,0.7363544822293973,Nitrogen source
38.704756175161684,14.776093448464113,88.7744158125711,8.076804376728566,38.7781992312067,1.3373680054219172,Nitrogen + Phosphorus
37.22644876424507,50.65350815668539,18.920133252453976,6.9709354213509895,54.7076799834664,1.0376935918997143,Nitrogen + Potassium
95.66635627124256,12.105895183136576,40.641689499359,7.425724714229861,51.44526388711819,1.4342882427367056,Phosphorus source
96.25972502863065,40.32349177244878,68.71221926165552,7.308946212672793,10.715978442573102,0.6734763746007523,Balanced NPK
23.409228086378853,22.958021682670015,101.24578113905578,6.919651165772079,70.23221797921624,1.3554634253672906,Nitrogen + Phosphorus
98.65439093412714,62.1556488822328,28.27090534130969,5.942524315161098,59.285445822543664,0.5913631563800144,Potassium source
51.26645597674443,75.22637924443559,87.64553943579126,5.373222462495629,60.48414446215308,1.2319236062109307,Balanced NPK
110.4644349065806,56.384287765955776,20.527872915350592,7.678466765109062,55.940958387910854,0.7929731804556126,Potassium source
93.65919251833105,44.383863346978785,112.55198277605678,8.260586085452633,25.781452635959756,0.7727568481835874,Balanced NPK
31.837214904945778,29.803838962902912,34.54024965376571,6.791714747346897,10.045071022301181,1.2288221229908305,Nitrogen + Potassium
27.48342281410122,25.559199851857084,29.240148921612676,6.238836438362669,15.392257700380194,1.3165794926565753,Nitrogen + Potassium
55.64434196892909,74.31649604623642,15.165773344927128,5.604085262120197,68.5078635203478,0.8029540580331904,Potassium source
16.538744512595365,8.500968918975891,108.43385804237202,5.915975013447943,38.76182637388332,1.3661116409127152,Nitrogen + Phosphorus
83.44004532334233,62.783611211702606,61.865066538013295,7.433373315219018,50.902354345531776,0.4213754643753629,Organic compost
72.99553886549336,74.41875539281172,47.97561571560388,6.728575224841858,39.125928461126534,1.0952168837734033,Balanced NPK
78.97192962892365,40.77926262022146,15.20081452214473,5.9258771188977875,32.016917255392215,1.152238544615098,Potassium source
53.591629915930575,33.37287189095457,59.044993971009255,6.511943815332417,60.2369665647966,1.0714010927171989,Balanced NPK
93.91546999213135,20.555935360836862,91.55948911712498,6.036692874635664,10.004349333976123,1.031459558749951,Phosphorus source
11.29765697056004,12.349561611083463,14.524496763103393,7.122271654933982,24.552124213728128,1.251915342091065,Phosphorus + Potassium
49.19379210978109,30.13838012020374,66.62719757835009,7.712640744150848,58.74779695972152,0.46850698595126244,Organic compost
93.98583786169745,43.010684720633435,118.61457692346352,6.808833016934852,30.03265707608816,1.18948444962173,Balanced NPK
13.221977142448852,59.34739701763895,69.74977283791674,5.614770345646772,11.687237908177861,0.26055504772321947,Nitrogen source
18.996575806244778,41.57926782845938,87.83451313064263,5.468308875882302,21.127868136657618,1.2582329431428516,Nitrogen source
35.0715706346085,67.09274230265322,20.454935351956593,7.9292469051334535,61.28085012056699,0.39196749157353095,Nitrogen + Potassium
47.17375572330774,29.983422720796383,24.72279083129564,6.319914372530766,57.448463802536324,1.1497137706418283,Potassium source
32.31943840652124,59.13386213201615,39.33267428090999,5.148763103828864,23.62438727211144,0.6449083549572352,Nitrogen + Potassium
13.949851884972343,12.1476540734925,49.18721076570706,8.236055018550317,54.50616015135295,1.4146915103873579,Nitrogen + Phosphorus
14.095999724383601,70.1072570697275,24.926672614617754,5.829305411052968,17.02207593467636,0.7345561792155595,Nitrogen + Potassium
32.269676848194614,60.45143468767773,93.0418287081848,6.016706281405353,65.98525618975555,0.412750216974979,Nitrogen source
14.42786850215299,17.378053417558455,37.03542154339531,5.176147260947309,17.685044247430824,0.5935135083268887,Phosphorus + Potassium
103.76911880151714,69.16041549772707,119.29331291217775,5.343025937193714,10.128904640375286,0.9352948198854263,Balanced NPK
76.35700259055528,22.713126114113862,97.67458872322783,8.345834117354068,33.218092727961405,1.429586234380977,Phosphorus source
21.47012582262341,40.67304763424819,31.68853956888473,7.045511403253784,14.97911002039774,0.855671787944762,Nitrogen + Potassium
29.048882755631457,36.30881071798592,85.68574209318132,6.168248415816846,47.831288220293764,1.4629428661920842,Nitrogen source
106.2848527446476,79.77250527792877,29.47453927135966,6.729464930982999,64.89684333377984,1.4077039445616284,Potassium source
36.4980798113468,79.08180045376798,58.548525552946046,7.702368630053374,46.28689486133265,0.5868832037916301,Nitrogen source
21.979046299616297,17.13877348420057,81.21351991046386,6.938536684102974,40.292987241359306,1.0139216997901503,Nitrogen + Phosphorus
65.81294007687735,15.598841796430031,38.77042103653247,6.511270125510474,37.84818399836864,1.3732833555151864,Phosphorus + Potassium
113.61064631308685,45.054045797718466,39.221526643711144,7.796049623313222,22.728468989319175,0.8398168542986995,Potassium source
119.36696330406627,70.60752558244614,112.25426694168976,5.34257042873775,42.35027916653652,1.199834657767897,Balanced NPK
27.161530194937804,62.67228817446061,47.59653309903204,8.10524097406618,39.23217515038289,0.5253477609947408,Nitrogen source
110.85507847340139,58.459399964957335,60.92694887044891,8.363601028579696,52.16709061146535,0.9631562190700629,Balanced NPK
49.73508462754437,67.60365472690063,74.38102802829538,7.175767261838008,75.53476024168987,0.5509030525788651,Balanced NPK
97.00029559325422,65.8075528075091,16.972326968273375,7.528170534274253,68.12667969513217,0.8972756814774034,Potassium source
22.230121833789916,10.91964271269698,12.590701819595866,6.2813792597026055,53.48504895400115,0.9411598930221408,Phosphorus + Potassium
66.07534582845147,36.29386002289196,84.895673281789,8.091344310751941,67.8538722356232,1.1295515501747746,Balanced NPK
42.15601810057036,75.53385447226304,104.73452713333977,8.317209433489246,53.33395499907983,0.632868351911153,Balanced NPK
59.737076912999704,29.552444333797048,48.60241857518889,6.489509224978027,75.45032250141136,0.8467115920535111,Balanced NPK
54.48102931984374,52.95297512708546,41.497876527343436,5.030822282796537,61.09260129903322,0.6321888879979496,Balanced NPK
36.123174110640534,45.12703562948461,27.72087629517992,5.972902361848421,45.86094141751797,1.4667059555494781,Nitrogen + Potassium
36.83124156045619,40.027658092927624,68.08181163021754,7.4951796543230405,46.540147820900515,1.1534234466071138,Nitrogen source
105.06311943007675,26.20888056002573,101.92271053081926,5.919554489183972,66.65446183258231,1.0276505900280637,Balanced NPK
72.53875660983226,39.794930770608126,69.9967785669115,5.821026684340135,44.86463876598332,0.9910580555311468,Balanced NPK
51.97229252907569,33.637775696906864,48.21623083273446,7.862656500289892,36.91093584411996,0.9544242955425806,Balanced NPK
116.94333366334708,7.257079609448306,34.18933149213299,8.238289913681054,60.16938325310551,0.6893962088730976,Phosphorus + Potassium
19.874642330394906,43.54508655165039,96.22572093173288,6.480114717328078,69.07865832135698,0.5776344839713968,Nitrogen source
64.46768349944726,11.763778778941202,67.81277727041532,8.013695947969335,20.6541655153876,0.9924373054605735,Phosphorus source
44.568437669894436,31.50614316899487,10.944053790139613,6.865471346950298,78.97302807613823,0.3909223432562682,Potassium source
35.76797589380075,21.972530374342735,71.8344343037252,5.664678484114367,76.61581414290082,1.1052207339998272,Nitrogen + Phosphorus
78.78257823661394,5.297919320940421,61.76396224191369,7.833023042913131,45.48957617717232,1.1597621159876046,Phosphorus source
85.02634866705839,74.71009878611419,50.33093925962134,7.888784016631257,28.230166718209368,0.9247913746619214,Balanced NPK
77.97383793688665,38.2038425856913,21.26020195087461,6.519708702681747,23.788987865667067,0.833508388162802,Potassium source
12.268617458110082,41.25619615890047,51.506172869930474,5.047280529700468,53.59311733454645,0.6069046479019664,Nitrogen source
74.06112320802706,71.44386638823455,105.08506959632122,6.76249355735056,42.98816675602484,0.8932997571716363,Balanced NPK
52.9354193781147,27.132196584400106,27.339779890378846,8.202815297280017,14.314955797760934,0.6486484448714736,Potassium source
28.308427349741596,9.540056993437311,29.00259248266338,6.595878985373813,49.126310824362875,1.362673753612947,Phosphorus + Potassium
85.22225325011134,65.14724019555068,70.86331109602361,5.704431927945343,69.48986279785585,0.8168701363510871,Balanced NPK
94.83741797819052,5.476330826873942,59.02024330736368,6.186084574858505,30.80417257490937,1.0772996458351742,Phosphorus source
100.69976526988911,69.79675007994075,98.08038305177493,7.840821410837156,68.4558380138254,1.1016366334994863,Balanced NPK
93.59033721481794,21.586992838677666,115.29729331706051,6.761004233181165,28.393061708287817,0.7909089397359546,Phosphorus source
100.55918578095083,56.936623976307786,26.786519605199665,6.535264577285265,62.85925054547753,1.1021685137381876,Potassium source
30.853062739288028,60.71505064119553,84.23272253404369,5.855313715045593,31.530379762936356,0.7452258559773945,Nitrogen source
84.1100554238518,76.35807683806286,119.42169703967956,7.412353925508733,38.870755179579746,0.2889941430843489,Organic compost
75.22857592159932,41.12956924629888,83.77918420142727,8.375641118677379,21.676413742923963,0.6818057426033822,Balanced NPK
73.37658269352988,31.303521705074438,29.365458999135754,7.094914288096847,12.7566804495795,0.6901561348258982,Potassium source
116.99659212431632,40.86556227781904,21.174787221746108,7.920011443679212,22.53271740010283,0.5260810379981834,Potassium source
115.86812319002237,63.132671393172004,45.409874469615886,7.265442983534218,44.14366566071935,1.3602459447766426,Balanced NPK
71.6323032129459,54.56087792270215,26.405160022920793,5.874523450106059,11.857983968633269,0.9647177103124818,Potassium source
71.87698195603696,28.086154318352726,35.53465289967262,6.585615907415955,17.264772775216112,1.308840850299569,Potassium source
101.50692431973998,49.71093428595108,109.17376223133375,7.147201783878342,44.364026132552944,0.979973993312375,Balanced NPK
19.39805308961536,21.31170796810922,71.41515109916989,5.392858881653602,66.67149899530345,0.4212915514409822,Nitrogen + Phosphorus
56.029507422914406,41.34251718950899,27.372329348936304,5.847579692675378,43.90738555530673,0.33882447662441245,Potassium source
30.588405048513142,6.739437195479763,65.70942430102899,7.877985042094083,66.75689654482673,0.6613654320012808,Nitrogen + Phosphorus
85.6186984065392,79.24311318181758,56.57463695749971,8.198402493767,64.498185560033,0.4298871426593841,Organic compost
58.86569898447513,74.8096759998461,28.43108925928786,5.2017246132820185,28.70854040283318,0.20631186356831144,Potassium source
23.98094588086356,36.97028927197107,94.08798551788084,5.7480235937007045,69.47601545455689,1.4842672700639874,Nitrogen source
61.05971660679038,79.41006184248387,73.55945913338113,5.2107905778751205,17.73980512822724,0.8668197598411822,Balanced NPK
111.39959585084144,12.386059788905353,72.88867488753712,7.838506126481586,78.8165802886683,1.3804020023839703,Phosphorus source
21.664827128919516,10.76013319379281,32.578942745077725,5.979611023409722,70.60633698376881,1.0387758074463311,Phosphorus + Potassium
113.64466360173131,36.413592344979236,55.11390335136726,5.978650628857356,40.62625920532538,1.228192700128947,Balanced NPK
86.6368749789203,64.22988084394989,101.37649312369871,5.015018001248347,26.610030074052023,1.0505286879454385,Balanced NPK
59.08399377313424,13.808937729078629,17.126979603661574,8.301725173759419,69.39149663958743,0.6147602294302216,Phosphorus + Potassium
80.32224576625919,16.0067455859571,24.84699576431272,6.167733500600699,29.68672736689996,1.4731995559581859,Phosphorus + Potassium
12.67932637198573,46.046859002468146,103.95349959067693,5.090672120425573,48.760894896958995,0.6939917804814495,Nitrogen source
33.7485547524264,22.65254780650613,99.58892270078869,6.625586279366754,13.211732596280836,0.7314754898888505,Nitrogen + Phosphorus
99.83963639725329,56.68672690310649,115.04488301161037,7.705812014546616,21.96638633748215,0.2868758130896968,Organic compost
60.88125522151978,38.36078798300438,70.246971483041,7.350779892469692,27.802524185552755,1.4848142102149677,Balanced NPK
64.4240085204311,58.62259824640435,54.92399123889149,7.395477457231495,78.83774825952476,0.39966306044667366,Organic compost
57.95181042782186,57.27689585686758,104.25405661053652,7.230156853711125,26.18991946481672,1.0387029974663033,Balanced NPK
78.50075142977914,8.273357416908205,76.75833510688744,6.8640471077332395,30.262874485277255,0.5105929074764832,Phosphorus source
94.46753944351288,9.869020177680742,41.29551133478678,7.453740882299508,24.64441489861503,0.35288774300146264,Phosphorus source
118.11843239248451,47.4223559646231,39.56416926579103,5.538878728408194,10.497442076558574,1.1746776849417495,Potassium source
49.32456989310925,19.592234466148128,109.38842395558419,7.437158518633993,66.72874789283648,1.052461728365737,Phosphorus source
110.83817788168757,30.833859603396235,27.20508778085188,5.0233442366146,12.367174068572712,1.310017176036782,Potassium source
77.63438327121771,8.41693647975265,21.73989764770854,7.437788048026064,36.94214486051529,1.206727413977992,Phosphorus + Potassium
113.02130656278506,61.69996344921431,29.973366324147808,7.273845229210577,51.673966754738395,1.302291482588944,Potassium source
32.031399950757105,58.919049151221984,75.97616497996893,6.6714910609962494,30.375957061558402,0.23384169812281186,Nitrogen source
98.61609038047601,13.057214256536813,51.51071604198206,6.736542080137772,33.080329258024356,1.0611875814591085,Phosphorus source
46.13362229410512,43.72349450185587,20.47120901922034,6.520733187851913,50.81003503314632,1.320373002825505,Potassium source
29.975076161099487,30.39764351425628,38.5220582849327,5.534328117031906,36.99321952424499,1.3808383993602917,Nitrogen + Potassium
51.02323435859365,25.412322006358366,115.38465074176963,7.504158105319981,35.8772316499916,1.1741140795826257,Balanced NPK
80.23989856766616,69.1129674728581,22.21098229259251,6.889507299098717,59.14870673340476,1.4969774735884942,Potassium source
76.19132909050356,15.551692305621666,116.86933141326402,6.605698156693114,44.17402363499923,0.5290907082638481,Phosphorus source
99.49919695901275,44.69743700021637,117.12919691754679,6.816599174271355,22.63889763167312,1.2013980734989738,Balanced NPK
26.24711208369996,26.251129502873948,113.34348960200616,8.417280172762034,64.36648458914692,0.4689660676942017,Nitrogen source
91.61132448315998,49.554049466253566,59.14134477778994,6.561473621308226,41.71350104336622,0.6190651220972617,Balanced NPK
69.18367830145928,7.740302596180669,103.33405993137849,8.139644196814963,37.357285911645675,1.4331387934351436,Phosphorus source
95.37594203410632,68.59112502471214,108.0406518709862,6.191114542285325,66.89001533382591,0.3886680762809269,Organic compost
117.47397185801998,49.64578450919605,86.35573412226536,6.072420910965739,12.230600942354375,0.41202367184484867,Organic compost
25.627919839995293,38.18243856301834,42.17902008106025,8.305341219204877,68.90674380033641,0.9018064045075898,Nitrogen source
103.76203021670362,48.88081587989958,111.20224876963383,7.608007484945878,61.463079207625555,0.5573664811701513,Balanced NPK
97.39112817849411,62.927332756853424,18.90373559982512,5.20262552293536,71.687553086342,1.4725119075511268,Potassium source
76.50998624224968,17.809605354985976,56.33079564955618,5.073671225520955,67.52089091242092,0.33410744251905716,Phosphorus source
46.866573753781715,47.202820445704845,86.78680203374786,8.174765412988505,39.5269920329044,0.44833788465945246,Organic compost
21.97878140253373,54.39118671523509,24.168884779868506,7.303797249543001,41.93645491387611,0.7414829521544009,Nitrogen + Potassium
38.70081128906949,72.63205196431272,88.78056857769255,6.836364827721625,39.66483226290142,0.6685797121296371,Nitrogen source
53.908066953997015,69.02302014946476,56.35559917672727,5.015403465597121,74.62718108857993,0.9707129209077205,Balanced NPK
28.224576334103745,14.493978079760822,51.42380588054828,7.142820855108726,75.74195812520072,0.27078865705213684,Nitrogen + Phosphorus
48.80538983749658,24.287875111106732,56.33072327102595,7.7723372804511035,21.098364314658177,1.4154650490522396,Phosphorus source
38.2085304339666,61.45336367377344,80.34191282366692,6.917228497948241,69.0718120519506,0.9893000223503698,Nitrogen source
96.0712201599361,49.18653604613593,89.25121436212964,5.166211433109767,55.15759671076845,1.3556958103170063,Balanced NPK
81.53721848189494,66.35958575110723,119.00687613204357,5.546877344060453,58.23782136852873,1.3664156147473663,Balanced NPK
13.16209006873939,18.024242475541143,37.461652445519775,8.080984104156235,78.40622727204536,1.3875591026695027,Phosphorus + Potassium
62.140451438097706,55.074183590790966,21.43510945732938,8.426779745869426,76.08308774407011,0.9752102113028993,Potassium source
25.74404937319128,76.05803135007682,108.53720603515997,8.467384872195577,45.54975071745194,0.6526269224251597,Nitrogen source
51.487320022511646,42.28291726738975,110.35176980483536,5.450412164159285,55.39685286370781,1.3897301525564312,Balanced NPK
40.11493651982602,44.3912567470441,97.39080861249265,6.801625941240934,46.923086778719735,1.196602146942744,Balanced NPK
28.117576906862848,58.618685472984495,110.52429543713934,5.356645881064305,14.213669057109144,0.31373245437127695,Nitrogen source
90.89404514320317,34.341276707063315,61.09384253094608,7.549253886530465,46.61666330340013,0.9801643643058051,Balanced NPK
103.5701880761169,38.84450664346543,106.23050264830337,6.8311894279869385,38.13034221554523,0.5393700192538635,Balanced NPK
90.33419231302415,51.64551154647888,98.9005666754279,6.913463061086987,70.67900516280247,0.573678041420163,Balanced NPK
90.35550151724476,34.49919945620837,22.53081947187777,6.849096500444484,26.193260619275264,0.2802621097439543,Potassium source
49.95330173501732,78.31541899107631,108.35123391539248,8.429303982924182,12.000153500653798,0.3987161766556787,Organic compost
35.86100531475827,60.25603729784322,117.59256815610136,6.42233186299082,50.8509970007945,0.3149776837623287,Nitrogen source
79.21379639459361,72.5000812675635,82.51615175735131,7.28664453158263,44.12329194554899,0.7849697452805564,Balanced NPK
50.68052660539608,66.51485443217008,80.91930957088758,6.048674299850319,46.251651013874124,0.3504144155897755,Organic compost
15.03404918803016,15.219880653001598,105.43205120677548,5.900280852868702,77.4164800656416,0.6397753914290747,Nitrogen + Phosphorus
55.067560716730576,65.90336256789644,34.63383577021163,8.182911598644555,55.7403231690827,0.28076259432310147,Potassium source
115.22813166684017,26.561160979796124,35.51569569118554,8.143813383204323,32.77771147057848,1.1394660084208015,Potassium source
13.757308666672165,74.07834124086705,55.01348454041059,5.625114375555591,78.68716440524706,1.164305842936721,Nitrogen source
97.28074415915437,42.56189382059243,85.73339534732855,6.018075147344494,46.26657975219398,0.6947932140285625,Balanced NPK
56.76317097907963,5.321344045380489,99.19337780533999,5.76281432168888,43.14930710973883,1.0566237181093678,Phosphorus source
13.788691548438097,30.682184341689304,39.02080365480796,5.464991944926869,66.9393358193097,0.9041160284515166,Nitrogen + Potassium
60.18928562171836,14.936254296593061,66.55074287888533,5.9358726049853905,18.861079982966075,0.8848767851619457,Phosphorus source
84.99639138365417,9.258017444922181,16.182940895131594,7.585041181245194,24.47285947427971,0.3997287878744609,Phosphorus + Potassium
115.83538988988546,18.499788236631897,85.30674076853445,7.852442962227568,33.016335825128834,0.8019994667101487,Phosphorus source
70.9579510971906,20.043277636792453,42.56039121440811,8.37079124689723,29.14885920150708,1.2560133273570062,Phosphorus source
68.86430100752816,53.429393650307354,60.297615323946175,7.059023918239456,47.80697236244719,0.8264757347234115,Balanced NPK
98.31253996851041,71.01596883306385,38.110842830688085,5.4754922635846,66.78531640545751,0.475465380560728,Potassium source
105.28493922590944,12.695129147224808,20.010444804694036,5.635770864520269,10.829280509966441,1.1719266437289113,Phosphorus + Potassium
53.68649729330644,75.8972574156637,50.18503016675907,7.460491253359832,57.81884144331734,0.6221242189930288,Balanced NPK
108.19113137304113,34.84074159117069,70.65174004952084,6.393685776498408,40.47392650955116,0.2710993645750694,Organic compost
44.12213949076711,76.12498345831145,101.45839187666022,8.080604896054963,59.89896420629045,1.0492212518627542,Balanced NPK
108.84484545160709,45.33968261246716,110.75592634740826,6.453174177624838,51.83304221255595,0.8131781438348693,Balanced NPK
12.095219293494935,19.921920961052898,112.06467098007627,7.093350899226483,13.259768075677806,1.4573934615449549,Nitrogen + Phosphorus
112.08004605448318,58.39931330797879,41.14639093077173,6.032417864366105,70.56771193877407,0.2787771843182546,Organic compost
36.109673621731716,17.479972810097195,88.79619802070206,6.336153194817321,74.11639719341812,1.2437871230777207,Nitrogen + Phosphorus
118.31237987319632,27.424920772304915,62.24175721791672,7.309345974376685,78.23205817399503,0.6480429795523039,Balanced NPK
45.95288786728866,52.006880299593156,83.18059848347778,5.6613152611585535,41.81318978385124,0.6905771681851145,Balanced NPK
56.324236588905585,15.534660485399122,81.2959493222734,5.656333144339314,11.779102869203616,0.8447835316135217,Phosphorus source
14.245892595583054,54.95613533474469,75.37957633263429,6.983575324970117,16.66474354493903,0.3610271348575522,Nitrogen source
83.19198060015523,7.415530777978727,22.749769276789443,7.67319125383613,21.687761289708263,0.8444600937050255,Phosphorus + Potassium
20.835369208020104,22.630899495503165,106.73031380899933,7.636210256240643,23.19645092209009,0.47892628739367793,Nitrogen + Phosphorus
62.11577342975023,52.42196671858881,74.05500217133459,5.996289452570787,76.27187047683233,1.2856957999342065,Balanced NPK
81.6774707278399,73.09660962565158,42.34144383781705,6.04920218702829,31.6307678327546,0.4085241296623522,Organic compost
25.39314327623586,73.19474199098471,104.35175969837907,6.92116750588726,56.24316613713104,0.5100582596340695,Nitrogen source
12.514971526675232,38.11897924553736,83.64943390482134,7.379513868316403,52.29876443486315,1.4029840746939901,Nitrogen source
33.0258446065567,24.771723981988853,18.75902982889251,8.277459744586595,41.82613850751821,0.7221907779331613,Phosphorus + Potassium
118.4209110502609,37.08106072123953,46.83264268079241,5.730391172161986,40.792359664515104,1.0913551093221272,Balanced NPK
110.5505101902328,19.34454805120422,86.15624159760866,5.0232092552535,66.061879727372,0.5641887708453186,Phosphorus source
14.314345436994099,34.56800074961187,108.17716554283275,5.814909178064293,30.11110456584531,0.41809991315293427,Nitrogen source
117.9775250577951,37.45242856878127,114.26029230261011,5.32153810191406,41.403420135096965,0.8165917756938657,Balanced NPK
38.15115809139063,42.29974852300747,48.56074199732106,5.863001181645913,35.5720946276594,1.0257318583336967,Nitrogen source
61.49731155116786,35.69534224289593,103.89210704373403,7.257230425376681,54.58771111664999,0.48900903060829903,Organic compost
92.50619039265038,7.766364709976596,33.496072334080324,6.444816656672602,72.24180187099708,0.2364530249073675,Phosphorus + Potassium
58.935260783001766,13.986274496971145,35.30526684494225,6.418757277416477,16.893457660286135,1.2783354312532127,Phosphorus + Potassium
19.121437297868702,48.90056967737855,27.9596420986262,5.372826315547872,42.390679828866226,0.6490438389475016,Nitrogen + Potassium
14.973440542483424,9.868006786135528,42.910053686739616,7.739920494404151,69.59753809554847,0.28626450206428616,Nitrogen + Phosphorus
28.89016665567139,30.431781455999214,81.50887961714784,5.998074786749641,25.530272541840525,0.9647539753159404,Nitrogen source
84.95829017951242,41.562350183270546,83.53159408378835,5.014354408955784,32.950083990799214,0.9923351063855048,Balanced NPK
81.6039711885952,19.58364704436113,46.52626750151698,5.792286636385739,72.89637703287147,0.5848653444477497,Phosphorus source
107.01968578259095,71.27270223068284,67.82750515950184,8.047868832428078,15.366824251662916,0.3640123855433418,Organic compost
54.738918989634435,56.88420511351034,116.76037225284952,6.6340142966367,10.51673151648234,0.43595501235882306,Organic compost
58.18057775273462,56.7487435607873,74.51850867318929,8.066373025297297,28.590752214458377,0.9019954165260748,Balanced NPK
25.867721408702764,53.393146890465495,93.8587229042567,6.796957110336615,41.36819295704984,0.4416252676380834,Nitrogen source
112.74772883702965,50.46271875585692,99.66820075140603,5.084880741381719,27.59162678236905,0.8271109178403455,Balanced NPK
68.98513204638955,35.372909510722984,47.10149398304202,6.576297963192577,35.618117036772844,0.2520636867987656,Organic compost
86.20210875300035,62.84733812908134,44.23740597244367,8.380735833278925,79.0843526443556,0.9391381099482656,Balanced NPK
97.34981304971278,45.915027326016464,38.72099603394767,5.245084659642778,34.110347519559625,0.4409837958765721,Potassium source
111.45161939172245,77.84286232119815,68.48973835272247,6.971199306942986,75.13383662940956,1.1716894735066519,Balanced NPK
27.81880196834844,76.39684300633559,72.84861839426944,5.072316633381326,23.735199683339626,1.2358800279500246,Nitrogen source
24.05423468412159,68.84744563594018,96.49575948914202,5.123398320224791,33.17320982077014,0.8589408065341129,Nitrogen source
18.362709224868503,48.47106455102878,117.82867450774019,7.100491717576144,44.56015082591579,1.3269035245921956,Nitrogen source
116.03663606487724,72.58921443684491,14.065121257622444,5.34869661871733,53.08212327080799,0.4947091334035321,Potassium source
67.31556020171452,67.88814054605623,113.23010253978921,6.16761449501306,69.40961213478515,0.8552027009021128,Balanced NPK
82.44542949381761,14.40754128592868,16.968867209512183,7.731411345495652,51.89145889591648,1.2710521948534823,Phosphorus + Potassium
22.736166518422557,17.890784345402157,16.928745992607027,7.275445110651268,53.09070201426489,0.7532197482840448,Phosphorus + Potassium
24.88146298173843,6.788737079529468,38.486637167410535,5.009821794553884,76.41310521054126,0.4212586134111984,Phosphorus + Potassium
39.20398601238479,64.89301746539101,119.4449034061153,7.171916624647331,27.732451373094175,0.7887892390253253,Nitrogen source
16.561566216728753,13.175993589158514,88.05527745640676,7.903203927655319,28.909714540433512,1.1599114686138434,Nitrogen + Phosphorus
80.44068369648419,43.22522828380189,41.81870667685378,8.44828140317118,27.357539253748044,0.4712779951095942,Organic compost
22.093845802304685,54.42450126158138,109.13251205314286,5.469564579095398,17.30930220191643,1.3757511357438474,Nitrogen source
82.66066721937624,77.67664343911301,88.13221486414305,7.700968541155708,42.32041497853723,0.5098056017911383,Balanced NPK
72.60546370558836,31.866029763257828,61.66980789748317,6.804895821533345,11.8599520411915,0.9911028533791804,Balanced NPK
49.43882849197275,65.90784860231219,16.193040209042195,6.946666356498534,35.20135438782242,0.32128514133218383,Potassium source
55.50641431214792,35.695374029854406,92.86386568433943,5.532069650820074,68.12672629017177,0.2622782090948311,Organic compost
66.72782270687105,53.67528579716737,11.577750746543913,5.2419566038008165,29.145224084456537,0.6958882016133703,Potassium source
48.11612777598621,77.84832409870488,28.363724413503583,8.117574291622756,76.12036808450094,0.4282697161608098,Potassium source
93.44466321215012,79.86419650666099,37.26386441353506,6.759575859650104,63.11847720548524,1.1552098872069019,Potassium source
101.64816528582021,31.117995147719665,23.272595175431256,7.367475985796918,33.76933673195343,1.0398840139549577,Potassium source
62.076097035035076,39.39554440512198,106.96626718865224,7.24160756665072,53.715442692133585,1.462107303829791,Balanced NPK
39.67188032936858,56.638558961371814,49.107600437096295,7.09622451608002,67.19770419455827,1.399620739235964,Nitrogen source
56.981181432892974,67.40679177179786,46.85730806828269,7.313593356804413,71.4343948700691,1.0910487601820729,Balanced NPK
87.63071711001754,67.82200389253344,37.769330460773276,7.614135393816353,54.63508346797313,0.9096538886255463,Potassium source
117.26000074249647,35.93851486962235,35.83350271755009,7.937430103951778,22.95855541776208,1.168855613998545,Potassium source
112.10418805204671,66.61862234118928,79.64663155740826,8.23103560136444,44.22361050517777,0.2983749615698704,Organic compost
90.84238785163063,58.76333206362989,105.19138125078746,6.421347686809705,20.152880376797103,0.3334713292664364,Organic compost
47.99351177200925,64.47232557423357,67.35059037587979,5.596524477371489,26.927320574950382,0.6529341601401681,Balanced NPK
62.83150859715578,67.95830435326467,119.15638812662198,7.097402179716379,37.24277474145309,0.4383927627035134,Organic compost
66.21262098868718,50.984073268859106,45.9634926132389,6.133731977686082,67.99506470865379,1.05795339794824,Balanced NPK
59.52936144337723,46.8286831377635,65.5224887692199,5.610312590368851,70.92366905393061,0.3182996873108337,Organic compost
33.43288376222728,47.12889570937353,60.72472295069242,7.083722623072098,74.37888174339858,0.571797118503004,Nitrogen source
26.578492106863784,14.096599577527881,16.49669666813822,7.76764083579633,42.02288528562264,0.5325415895807017,Phosphorus + Potassium
84.14795834332106,63.302134948159,113.08413943218333,6.398031149159486,58.25942800854147,0.5518174205844044,Balanced NPK
105.20287625267086,73.15208735976753,79.32754346869598,7.306322682946496,56.17312811906151,0.969031958077534,Balanced NPK
58.266120957821464,60.52423518402171,117.42849554365722,7.610315454877927,31.669678725041468,0.8505671829498909,Balanced NPK
75.67681673037822,11.165987041056692,64.11910279675568,5.358599779638933,45.736095407848424,0.3130774273022824,Phosphorus source
49.750432360213715,76.58638415855864,10.820987284659102,5.959945593132604,36.02164488771066,0.9670300174056756,Potassium source
116.19868421056735,52.98118268771367,108.31589648827335,5.569106042863897,30.201895521532574,1.3531782246005424,Balanced NPK
10.569501282944989,39.03333124616639,59.81757643599849,8.311891885041103,41.445400866301206,1.378229803445473,Nitrogen source
74.38531689888491,27.497990079375768,26.309277736549543,6.715704102585222,11.235024845432925,0.6357722455702779,Potassium source
67.53738693140195,46.871606964417936,58.832618932481466,8.373894445575981,20.376931194015125,1.4967411064470442,Balanced NPK
86.05183934101125,66.8744787593108,79.77579490367941,5.752263229362584,62.54566342126372,1.302647033211161,Balanced NPK
92.71269141192731,70.54583168035913,16.98804929856783,8.366830271288016,75.74333962075542,1.3660910015385648,Potassium source
80.11487469639266,68.50134596889937,76.53931725273905,6.722730520090188,75.17071220925821,0.46980554163622656,Organic compost
103.67340607451497,38.040946040261446,42.113334662587675,6.771682816365621,54.61096539565644,0.4375548199064775,Organic compost
92.6269797327043,34.597249868488746,87.408142378077,5.550011006230391,13.91838363973691,0.41002556934836554,Organic compost
29.859228328014265,62.11506424457381,64.18224619610851,7.674084675610931,62.28789896463262,0.5188378821274611,Nitrogen source
110.19978828317127,62.6797909523419,19.390925677309582,7.003210071079084,38.890101968685116,0.797319832788772,Potassium source
50.38315036562574,42.22165362156628,49.11623560945934,6.619950990232891,48.130499169594884,1.1497802775646706,Balanced NPK
26.66372387101949,15.013686668660531,64.76555181281637,6.662448862758784,49.47029100033505,0.9973968037661098,Nitrogen + Phosphorus
40.15317203182538,53.57998024574884,64.52358698409344,6.7356145349408765,51.57352104412522,0.9957577167324898,Balanced NPK
77.85869302795727,67.29568434855528,64.94503350565938,8.293630568841579,76.24906507311013,0.6359727284755189,Balanced NPK
106.93777341013634,36.570701694365326,117.17301611203982,8.24590967028491,40.76520311305699,0.6542810583368661,Balanced NPK
85.46267254782455,32.566851990220314,82.64055522674137,6.474682551449118,45.13145319571965,0.6923338182807761,Balanced NPK
97.63680764472396,50.1030606452927,85.15738238370251,7.873243520973283,65.73641053765041,0.8623843736623971,Balanced NPK
37.96298091806164,32.25501747930974,70.7237770624543,5.835667240567073,64.65765003416658,0.4981690245018181,Nitrogen source
46.87222621202758,52.45549722782424,86.74652371304568,6.381248768928865,62.89880834844727,1.372569596403469,Balanced NPK
28.083660262003846,73.69240430042053,69.18835539456862,6.570915041780018,65.70846295230521,1.2192983454361686,Nitrogen source
85.0785458065813,35.63789034481242,39.39947977579078,6.2612593277136135,50.12996673330775,0.9331672825486776,Potassium source
111.63418823023905,39.25015157189496,83.32987084869706,7.310159423908491,61.218004682758874,1.4888965614693117,Balanced NPK
98.22314130823214,7.973842682718223,99.27689761407773,8.49962020579499,12.654280491187626,0.9763418556885355,Phosphorus source
75.93479822021288,44.368474508716595,106.28380553388575,7.850125712684552,22.04313007214054,0.33389928790679924,Organic compost
28.324465539565423,71.50416640488933,20.82503982696477,7.261605565629363,57.8294383422586,0.4835564194117451,Nitrogen + Potassium
35.27573128190897,67.67866366954735,56.20888645959932,6.748156447465293,37.80079399032972,0.43815080075892165,Nitrogen source
58.32148563504978,25.19894231731642,43.017912913988106,5.706009955185415,53.85774639281264,0.5729136685561291,Balanced NPK
28.222569775633723,65.63182056398773,73.34435579862614,8.006100794735842,64.7003647413248,0.6833649818801115,Nitrogen source
71.78379280870419,79.02465144256999,49.38267607717624,5.838263849070218,21.421927463483065,1.4219035550243149,Balanced NPK
37.45375289308576,74.5716342402402,75.10132298424703,7.065269149323339,38.015620916061465,0.7147334793185598,Nitrogen source
45.284102320811876,59.70671464822569,91.26316747025439,6.859284463598538,41.42554936813191,1.026315373088732,Balanced NPK
64.05488898237257,66.81257888839649,17.16649135786971,8.159130579890316,46.71477840768577,0.8619794303306314,Potassium source
53.00741856437566,44.921280892102274,34.23602286026207,6.740617062360789,37.87578447268014,0.5821865029039951,Potassium source
33.34131224200749,69.51593459070796,103.51924163307451,6.697913336914064,26.202310930342854,0.785488629387568,Nitrogen source
111.82046741300066,63.45485088516169,98.83166412397006,7.459599900791336,60.68083644389159,0.3945159776068369,Organic compost
48.153116271303205,67.39711130857356,29.50009024382428,5.263060216249754,69.24866743628198,1.214979951879895,Potassium source
27.39438466197208,44.609017308628,14.586983331359452,5.519820410274348,28.008491436862446,1.115208495097852,Nitrogen + Potassium
43.54339450789289,65.7859393268681,12.58985279212401,5.015136092607431,30.985723437528506,1.1502335894829157,Potassium source
114.66941618184761,28.65814649282728,71.26040499905844,5.144722439018729,10.088320647769137,0.22048607438267198,Organic compost
20.705983733065512,70.57612193573658,80.55323223256462,8.144092318577908,68.44284653936037,1.1946200907227411,Nitrogen source
48.907476727252615,15.051144581146612,21.370044562111083,5.08754382451641,22.44424150974099,0.22488031229903582,Phosphorus + Potassium
85.65845459661107,34.16342696932408,68.09716099987745,6.675964224242249,29.84021871071071,0.3488901974298415,Organic compost
69.652401665528,69.78084938344429,92.46734790845218,8.260150850010673,34.918431505034604,1.299416521836768,Balanced NPK
89.48223406301092,75.72533394484608,41.65403548514654,7.81270605774739,45.5710664837828,0.7677624429534831,Balanced NPK
61.2330216976454,37.443784360331726,106.47727371917782,8.305445790206514,56.409422963742934,0.45061152757795797,Organic compost
56.2562332121469,31.669445363395266,83.80840854451945,5.2462064682631935,55.78899390820167,0.8068484297403269,Balanced NPK
38.71488949263583,9.764306320793773,15.827519834753943,8.122626586186188,50.370907152860454,0.917053688571758,Phosphorus + Potassium
11.925187828066585,62.82454031507894,33.168960047558414,6.34191339204596,55.262266944940386,0.37488741677324444,Nitrogen + Potassium
97.63638478302059,67.6465439835282,67.1443033201846,6.278958326322818,27.632640534935287,1.1411504890166886,Balanced NPK
47.46194794390642,65.71430665433523,90.56883633477635,6.235250658909681,26.021889833724714,0.6650629863930353,Balanced NPK
47.65239966810226,76.74919851490307,79.00475534451071,7.3014486772793505,29.849265924002275,0.6735740564703628,Balanced NPK
61.27819656877744,78.25348302136813,83.43395825819074,5.539185782181343,79.36628287186586,0.5500832886771756,Balanced NPK
78.39017634154695,70.6371764964589,77.73359990170015,8.24072442871646,69.3666487868866,0.2455088293463812,Organic compost
85.54964290614987,59.06389939906194,50.89813425497597,8.183359188976576,66.06447504206793,0.6771928989203149,Balanced NPK
34.539141744501975,20.943610928907983,34.259293744093895,7.062280899016545,54.99369555677126,0.39353750884143335,Phosphorus + Potassium
70.33831855719316,23.771268868576406,110.14490426333406,7.9970722806670995,18.093741909263414,0.5279727105024905,Phosphorus source
113.89695033767828,27.42375167327792,99.74089620171603,5.176624851420376,37.14574560352597,0.99923414211878,Balanced NPK
53.949917715734095,64.29880760462575,117.79122452243328,6.797363302196921,42.45421301372984,1.1158641763178725,Balanced NPK
92.90752472321402,9.484847508511653,58.13483086797482,6.749103091322972,31.519171028860676,1.1868131239093338,Phosphorus source
107.56769415726193,68.40022025669911,79.71599706971566,7.7797051961369315,26.28391170626405,0.23338370156009117,Organic compost
66.4800551403309,35.749090848245885,106.98850470558153,7.761866668038102,36.72963459217962,0.22266151892526728,Organic compost
40.23624696627205,32.03298583411201,84.34192588961591,8.161470400184577,25.466748579100944,1.2216843524246783,Balanced NPK
90.14348196980947,31.486503988318184,11.778498676562792,5.11446483302807,53.34713022116471,1.301258522290805,Potassium source
79.51595608382613,63.02583087288537,65.31525047982086,5.920017120003364,12.783217823185302,1.262548880419491,Balanced NPK
62.165451575841466,70.7351159580876,50.72080825047025,5.965925618232063,56.693363382727085,0.985650484120246,Balanced NPK
87.46650159846911,11.830992998015454,19.168801467349986,6.998236529756534,48.379099075407375,0.32079780787896184,Phosphorus + Potassium
57.32086352992226,52.52044579525249,69.62302309916316,5.652764523619951,74.94687203113382,0.24467139107702454,Organic compost
39.983309226553764,10.065908819320974,41.17071143067399,7.398546594424338,11.666605977023686,0.25039353727270486,Nitrogen + Phosphorus
32.644309904184524,7.076205150519616,52.906123702033454,5.805518495894352,32.55057403225941,1.2883778480826955,Nitrogen + Phosphorus
57.542052064363645,6.12865824960865,70.1496812634145,5.382843304127316,14.153874148982595,0.6255086565670173,Phosphorus source
39.93162926705548,13.376810719995712,42.827612539491746,6.694220988096853,27.57988154462189,0.24198902158224658,Nitrogen + Phosphorus
108.18601649556334,53.85530988132535,87.73178824139592,6.428318853579046,50.133764482807464,1.1138778633637858,Balanced NPK
49.23620652686669,67.3459388820635,94.96012418981555,6.004794988383081,33.29575509060953,0.439097168164766,Organic compost
65.28821896451791,65.84903917653355,72.04161444780131,6.241395394309857,38.7164851006151,1.1003607764581391,Balanced NPK
66.56938071159335,46.45390572177433,77.06436891871648,7.584900971105654,53.79600796151198,1.089625265630403,Balanced NPK
83.2740232389028,74.48489988494367,91.00938626516371,6.912966355747484,72.85706733960468,1.3705166010850447,Balanced NPK
48.666614124926426,65.39774179381772,118.0714922248451,5.723956977966638,37.78755811057607,0.7400863325890095,Balanced NPK
77.16319527394039,77.2002874134463,43.616923338192066,7.638091837374726,64.499349260221,1.1050128045357388,Balanced NPK
74.7101221138818,47.87903467516205,41.02575665136228,5.480375653998568,33.38420371583174,0.49846687535993606,Organic compost
81.78865503478251,68.98531316355458,27.456219084540137,7.3081391229891715,18.53092546031694,0.6941272542083476,Potassium source
29.050287889355157,27.465704033779957,104.44325035887032,6.4690882915172825,17.60195890255647,0.4586346318856001,Nitrogen source
102.80091132897655,35.76197912239791,112.95772266328964,6.964287045905941,45.49559998445541,0.7930292058574622,Balanced NPK
95.08018979947565,67.67788808492256,23.97541865056772,6.429451358875352,29.793822574285464,1.3691978967229144,Potassium source
90.81796318363794,26.924499225840943,54.92104331348703,6.467223459520491,75.22692619898942,0.8157885838362955,Balanced NPK
12.027075988371893,59.756410251457126,20.619780608227398,7.2075896824992665,45.944988269414345,1.191521584193503,Nitrogen + Potassium
70.51587233445397,18.142538189377255,108.33577654048017,8.161648022795188,39.4478562824744,0.9922436484511341,Phosphorus source
70.76641655936234,45.06781801135082,19.921957749087543,6.7289327379568515,25.760389669736078,1.237202378914422,Potassium source
103.36801158683913,6.401463479222045,91.04082506269982,5.401962782589879,10.689594254213182,0.21778354773397265,Phosphorus source
61.26080478535387,66.05845920313112,44.254430073495776,8.23620230406539,39.47939324963208,0.445251230021217,Organic compost
60.49863024657602,52.02199523646441,65.62767536152262,6.542332196914902,23.19187782711945,1.1091426276200673,Balanced NPK
48.5437135343993,77.7933359491077,54.06966593559919,5.775454751514961,70.17531962390983,0.471294575189044,Organic compost
28.49268802729832,58.888471704146134,42.796457078484984,6.460720297593338,41.57365707145222,1.218614852369352,Nitrogen source
73.17232895248202,60.604040557886044,118.62432267363934,7.488372668975691,29.519766960228566,1.1970338515618484,Balanced NPK
103.49142768999901,37.30961805179945,82.5489716528051,6.716386682360044,18.928584301451917,1.1474459239939023,Balanced NPK
58.80118004989547,30.980867111432403,61.45099216693929,7.037176162634173,62.980786700276006,1.3812995801372907,Balanced NPK
85.26782902187027,79.57194455081438,27.323686564780314,5.540175652097488,65.33030585399928,1.0235677532393173,Potassium source
104.83261071230949,55.92081371719574,11.38555212995991,7.3544353690141975,24.815797783379544,0.7810204296350667,Potassium source
86.06635750182916,54.221593806398865,52.079326938963156,7.495733074313886,76.09094181637191,0.500003825432739,Balanced NPK
23.13793140199686,15.12639951708653,60.33721213807812,6.043834941224994,42.72328799688613,0.30964598862080667,Nitrogen + Phosphorus
37.16255530086123,31.037330945931927,112.72266032419064,6.039632816611459,13.37407938110319,0.6043413284255396,Nitrogen source
113.05715794306471,37.04276192698278,100.04258060266646,5.935417019673833,19.504507578277984,0.8456527498111079,Balanced NPK
87.19360227821109,68.39027558091854,36.51432009959244,8.453282669038677,44.24685283760364,0.8529731936436944,Potassium source
104.43993941071129,35.54793880101606,93.31186021037209,6.986787032530423,19.47839092561832,0.24281377995468648,Organic compost
112.76237699751121,69.98690974786574,118.19023160855475,7.359653451801207,55.20091246830115,0.47109333112437624,Organic compost
80.6529851953114,41.63043642147955,51.50672290108563,7.388585517773562,15.949609718096513,0.8550556490403256,Balanced NPK
93.3925351886176,67.24856310460555,63.9016845366966,6.234049210643141,50.06592275571757,0.36672399550264556,Organic compost
20.062676872086442,66.43528347446663,23.91507087353728,6.460439128492872,38.822219622963075,1.4779823443161082,Nitrogen + Potassium
87.56974796466993,62.49060492417629,83.69064517657667,5.9538050418594,35.27873331656274,0.43821500950829373,Organic compost
69.6350672107337,10.843342913266884,109.42524828776874,5.687572945765918,24.945003764490913,0.8299512915706231,Phosphorus source
45.175540123970926,17.490717638008384,118.42253944295874,5.978762626360088,61.76664616659541,1.1439050161590794,Phosphorus source
36.90356151652861,25.82658830604733,68.81503024242902,8.01360187129491,61.76743239244634,0.5939671888427134,Nitrogen source
14.750945132529605,50.55526974905921,62.330649557995756,6.203620682772446,55.234785126418195,1.4371916077001803,Nitrogen source
109.38411767245239,54.92519007448572,115.52124024340357,6.384681433267339,17.073929857702392,0.7879483126274986,Balanced NPK
82.64303189994772,65.10655489609329,113.17912694668303,6.810031429848497,36.114455391040934,0.5661653217825204,Balanced NPK
76.75339725556444,56.957333363596234,79.56396463243117,5.682974119110356,41.23426851493109,0.296557343292566,Organic compost
67.24237618201084,21.064964960752935,107.80917809151276,7.828769744089607,61.201760095217935,0.3461351918992256,Phosphorus source
59.147834789159354,18.51545568812248,14.815262533908294,6.4086431162068385,31.96124001008494,1.3936772528980723,Phosphorus + Potassium
111.86775679226247,75.1119423595155,11.576585701654448,6.816105613155846,11.276712533026451,0.985814378866138,Potassium source
65.9261358539922,37.27845204093095,15.787896649451644,5.367044280778658,31.91231161581543,0.5146106818404087,Potassium source
29.67165016992602,68.84639516607928,13.13354613066986,5.762563443324225,74.19236390981948,1.3332197396028822,Nitrogen + Potassium
49.07665548160496,65.33097334769235,26.745736987778077,7.2414919651228775,71.82291791517586,0.8135583063231864,Potassium source
28.356806376792562,48.41008033678117,92.2990720927585,8.029673196505136,36.53930841748992,0.5693027161191381,Nitrogen source
85.4133130716323,23.739663161127606,36.70544341293879,5.638278739281364,35.72434937162505,0.7710257626117323,Phosphorus + Potassium
89.7345927636639,13.080805681095232,56.854674186566584,7.302434649204773,48.1466064939822,1.2243533784014642,Phosphorus source
108.1548439291796,20.955675251840745,109.95101006708767,8.098782278310491,35.468997742410025,1.2573165578344554,Phosphorus source
66.67519002317144,65.81280906652253,92.28192913633607,8.368409715207122,25.477245919452486,1.1568853525227425,Balanced NPK
11.528526029307546,74.1308260228603,31.880069369592782,6.3070123617753255,69.01565476200503,0.8209488352478094,Nitrogen + Potassium
83.01579988063361,32.10811332045209,71.09480839837542,7.959095583609417,72.47688701099577,0.793185475371823,Balanced NPK
89.21630264492528,40.04150608050785,113.36125014001765,7.546458541450832,40.18968105756055,0.8475495419471581,Balanced NPK
30.144328991678666,75.57526865362915,38.056090158124604,5.634733993763879,41.64819139763834,1.144010171491747,Nitrogen + Potassium
85.0976867725329,24.093160121584717,39.14453840274993,5.824728612575494,52.22595187336767,1.4442324120694936,Phosphorus + Potassium
107.83529539699532,42.83802594380661,51.56191183109025,6.3850644110980355,66.43508546446537,1.0457742774968128,Balanced NPK
14.539094502708796,10.673380709508422,62.94902568214379,6.863128305724784,77.24256960937913,0.3833946479611365,Nitrogen + Phosphorus
98.8454817519307,72.16212826637268,51.538911783250775,5.566302188920311,27.24192101457964,1.0616186030866803,Balanced NPK
17.676921592386243,71.4199041380118,93.22725518477095,7.780573728252135,61.82263548193535,0.36730987419529165,Nitrogen source
90.398130679857,49.939248993402785,15.606217442216888,5.996231195840209,39.61702054678296,0.9057803299858669,Potassium source
29.858039223568905,44.54194096348352,115.33596568605546,6.241183129643137,20.603355785890887,0.8093343713952073,Nitrogen source
59.56392173248899,73.78948776264464,60.85920764415636,5.85164309729265,25.71374257558963,0.24491680262713325,Organic compost
91.55292762524341,25.086199482213157,96.67436649612678,6.926131009108024,59.81525742693278,0.46413520729907004,Organic compost
27.049910121718177,36.36142969596425,49.24612803212136,6.771511978723832,62.38080415869094,1.38150398936207,Nitrogen source
75.37411767324254,21.939602492957224,42.49540819414146,8.16978452516793,24.674605725628776,0.323404182802042,Phosphorus source
111.32768177123516,6.999858677016389,92.37979090218583,5.509620856259126,56.64601814498358,0.4423686314426224,Phosphorus source
108.686426696346,8.740013051507287,43.49447198066143,7.740625485923296,49.71216685758946,0.7484365675860727,Phosphorus source
57.909137407267245,42.67381865155512,119.43616286977674,7.357774524972738,44.09421405005121,0.6184048098546726,Balanced NPK
65.41837084798382,74.19619218785925,34.086935148553366,6.209177499986588,14.549714440868906,1.0179999703491185,Potassium source
94.37187289646035,52.401952173031425,99.3019258497674,7.697619887677862,78.07261326288413,0.7881721029566775,Balanced NPK
19.247735283559514,45.154747539856395,94.81132814675287,6.424333861058971,41.446268115242034,1.1585651749761579,Nitrogen source
11.852441865199404,54.29610020875146,87.79308742864282,8.397344580170458,61.09638831133929,0.370153475885987,Nitrogen source
64.81333091701202,35.44591055345492,54.10246749181127,7.747816833252933,50.677279425705706,1.1501368013754172,Balanced NPK
92.037654437522,56.625307257604774,93.35474504114079,5.764961858371371,16.90985123873146,0.4096362119524494,Organic compost
98.96264486933426,76.70474370446786,113.05106343569102,5.044927374296648,79.65500506680127,1.3524889869851437,Balanced NPK
31.87344031095891,46.80513228600925,118.307241565901,6.648476441084784,76.74093169148135,0.9069555174459871,Nitrogen source
47.879955414357035,17.03969437794477,21.448331238138717,7.4733998857873924,32.930444711832145,0.7300522414890771,Phosphorus + Potassium
113.09294558345346,19.98850253143968,51.06024786931725,8.183477983665684,75.84165459342795,1.2435768676482901,Phosphorus source
52.145976918833504,14.409377858099424,96.8350623938985,7.936633144612839,60.03909660582662,0.6386087540295751,Phosphorus source
81.76686170555237,57.67039512821911,107.61735329155498,5.487038906860978,28.46774709681564,0.7248081236501853,Balanced NPK
99.28153100297209,72.02759371596204,40.62551764912546,6.764503849224152,52.5398660688531,0.41510806160227676,Organic compost
97.16130075852827,40.31761249018888,108.41471545989853,6.91920880347027,68.31439772762411,0.2638161626857862,Organic compost
58.274623701672546,36.435522860443825,31.333138198218084,6.965731457777277,62.53517962148221,0.8413113081105423,Potassium source
101.51506631076866,26.973471444172933,42.81877359181809,5.583901853596785,64.88949713588553,0.39239491284081934,Organic compost
26.474367363641083,5.527098195791812,52.709502759224215,6.529162660664602,41.57807542063179,1.1960208615636412,Nitrogen + Phosphorus
55.61660671965628,5.319600882486926,77.0391343995271,5.599302600063071,11.752486226200231,1.210585931445874,Phosphorus source
37.04180896471232,61.646742903828795,80.58968678803117,8.091588561962226,35.071118626765916,1.0451004503864296,Nitrogen source
72.50463800305727,63.70915636913483,46.226886618612774,7.098213340494613,47.861143980175655,0.2566592410381855,Organic compost
13.74057380728472,72.72524149775225,80.48383845806984,7.145948709885798,62.01706858038846,0.2203525708021818,Nitrogen source
35.52841838520288,53.75938927234656,89.02260474853938,7.20365959952035,38.77105552849249,0.9655296526363857,Nitrogen source
86.98802963262044,35.479648385823594,72.03945610580442,5.276447664450566,21.868761939947817,1.2043464329097566,Balanced NPK
51.800520743806,63.352744905231496,84.17137416970235,6.269127409979154,63.959635093721175,0.3642657206648232,Organic compost
27.664769686991704,35.68649718103315,82.13793877399277,6.042175947127015,32.625631501464994,1.3202335061931327,Nitrogen source
108.98748329230901,73.44028561652216,12.417703950256143,7.794433556250599,63.32703288195554,0.5355906907384581,Potassium source
34.92941729818694,7.614222571671823,100.42756823375109,7.126351154436694,11.10895628830546,0.49283722373246164,Nitrogen + Phosphorus
101.38503428571556,50.159072653888195,104.13610619699614,5.513469154819882,76.68161375414061,0.46966300796474814,Organic compost
43.38698978047186,74.45631651094071,44.41976710829625,7.0831858571339525,34.08669456289117,1.1615908457250446,Balanced NPK
44.25255002243451,38.096427913830155,19.215330774957152,8.223296630183949,73.42212491352231,1.2454572753956665,Potassium source
106.04038281515608,50.20554783720307,19.400960166906742,5.247069437030741,65.02562091671427,0.8722082027325913,Potassium source
40.47047315066831,7.809991854431021,118.2448606842207,5.338434685486203,35.498539721438924,1.0842604534024214,Phosphorus source
78.5407446249567,14.478361966958524,78.24977738022574,6.177404349341624,21.94236576361073,1.00219242936671,Phosphorus source
109.04928982008587,61.36424849862105,27.8716687050452,5.609412438791587,42.853232206885465,0.22746920845700103,Potassium source
12.28194548628195,23.89348764778279,21.737104054684643,6.913513040743365,13.040779545897156,0.5165889014002558,Phosphorus + Potassium
16.40238169690301,44.784684307050966,48.787808971039176,5.290602126441898,34.80562602763794,0.20084335219847915,Nitrogen source
100.79991701844135,32.27956658914598,83.24862748291267,7.480672149451316,48.84412296374977,0.9654957670547761,Balanced NPK
57.14817192686541,35.55857482298562,43.654592313325416,5.249331312226534,34.46258038009798,0.8012703669010335,Balanced NPK
24.710649324114964,73.10325990031644,10.921697609500683,5.783244550286693,57.586648369876556,1.2705108038110045,Nitrogen + Potassium
62.111970725307906,49.14569107927207,40.03020985758915,8.340173421011816,55.091497594098186,0.37090587230119765,Organic compost
91.00712140036428,14.582913326915005,54.36951747300754,6.719258832433572,60.56888391821541,1.495225823953942,Phosphorus source
50.86365572548375,55.680252604684824,83.96344152368847,5.644662400556788,54.99940188475864,1.3432437326331679,Balanced NPK
71.13078043274871,40.98324596571219,81.23046291133413,7.823969440079598,25.769350560828627,0.41203450388388546,Organic compost
81.63591942451355,7.593775303079096,100.77996296850073,6.057258262087636,17.768584737915994,1.1940750088454466,Phosphorus source
34.518131492887974,35.10699019011851,55.52543033923129,7.870811224729268,28.509654042261406,1.0231587769190444,Nitrogen source
119.85072611513034,49.95153436922254,25.507124690618014,5.9914246876422705,47.45847669147756,0.6189910619157316,Potassium source
66.82112924602782,45.74169323977578,90.90849622816683,7.180317225954926,58.85601312751531,0.4837985454879415,Organic compost
56.55326923695451,66.88473920016312,92.74438107856709,5.637136703361963,14.477613676010922,1.0491184775926883,Balanced NPK
58.84852707624973,35.78554203511743,12.752064420079172,6.335793312319585,22.50914617949064,0.24465803894105276,Potassium source
53.87868794425367,66.86119803407883,108.05078731185056,5.833641080189809,29.248115185052328,0.3281390831251505,Organic compost
110.02284759991674,9.891037180129635,113.10036621018136,7.245064094093742,65.05488788686586,0.4859799288144892,Phosphorus source
76.8267375002477,13.159769034105091,82.45325668448648,7.10126117181388,67.67254660561807,1.0383875161629463,Phosphorus source
116.86805553483092,41.774887082467316,70.70999767064751,5.2654830491262015,17.57727264139571,0.42555188192183824,Organic compost
23.023461164473105,15.298059436243486,38.651842512669475,5.9745682211994415,58.68975488265187,0.8323630772118269,Phosphorus + Potassium
111.97537535569884,30.720222907408456,16.975402831029818,7.954659034592669,68.98714887374939,0.6722748589079024,Potassium source
17.744743677205726,71.0656587631669,112.68919651731885,8.490088432328324,37.373441241562446,0.36527079283983843,Nitrogen source
51.55677136436335,48.91754420347553,14.759685324849121,5.959751891072801,75.93619428239805,0.2574413677104062,Potassium source
26.604316757345906,48.5767935400423,115.3507567579122,8.291112066477977,28.02641607599817,0.9978873553010668,Nitrogen source
116.15112109314927,52.22596538482109,34.37241664891586,7.427749996790421,45.78650611120922,0.8419123165419076,Potassium source
63.72140873573817,13.439569481656054,96.83789041860493,6.2143449183295925,22.93266520830025,0.7731158334679846,Phosphorus source
80.73494799036564,46.508125998290055,100.10081221423411,7.951592022109043,53.441161042816184,0.9172192780576174,Balanced NPK
72.34038257553337,34.4829270394667,61.619710939458905,6.8434924045380345,66.06098019117374,1.1696253865588195,Balanced NPK
31.51393233913039,78.3370317236715,116.18821158467301,5.977274232194943,79.9196855372887,0.8826399368497908,Nitrogen source
34.94092744236959,59.0373320403355,15.275136701768881,7.406724835385333,68.45022597874886,0.6557108865909744,Nitrogen + Potassium
46.80878471213848,25.43173379636442,54.82442499600609,7.007034458415177,63.344139982661225,1.352601383592439,Balanced NPK
70.34151456228594,40.62418216720656,51.21517864645008,7.083718240651459,20.140710298849132,0.8070424836053041,Balanced NPK
65.96679842738467,52.19695811663264,17.53721533075276,6.503880316325979,63.323846873745865,1.219253621352851,Potassium source
69.75283092603334,70.39167276174358,93.02439199112946,7.790529989625235,65.50781458240942,1.1471757420635211,Balanced NPK
104.18612997902659,12.265852807790843,65.41332912855648,7.889034506898684,17.65143425751662,0.4017538584357857,Phosphorus source
54.177063696466,47.30430202979669,89.62970854873195,6.962895797800517,25.16417876898033,1.30226601227043,Balanced NPK
39.147998838880454,69.35177747495506,64.4578755506156,5.141668195808383,43.568552658596865,1.0502733287008723,Nitrogen source
106.79552404786375,48.6598011656478,119.05799448311977,6.332593325124182,27.19924970052232,0.7763689821041995,Balanced NPK
82.42689719245546,12.123596987835759,19.900699096470337,7.18504000889687,36.86797372876963,1.2181898087630794,Phosphorus + Potassium
39.00634577053304,37.5082376037749,66.65201592622515,8.29822589168281,10.513915243688347,0.4820919113087815,Nitrogen source
20.12325958057708,79.34873772968248,24.543142580866004,7.88118748069647,46.404333622772405,1.2171652103164965,Nitrogen + Potassium
43.188235226954035,40.65981001590168,117.56696543988751,5.333199967090083,53.44583468551793,1.4458264574449569,Balanced NPK
23.934116878283717,68.00285249809815,40.37316266477177,5.7023153963655755,21.654416929017717,1.1563141178256888,Nitrogen source
13.938229441564314,36.53855197369175,86.6629895033474,5.488701556281106,25.68555146876097,0.3982206485028492,Nitrogen source
12.871701423104835,39.23803549264498,64.64324876918316,8.309948260787248,60.965305647404,1.4612000768640452,Nitrogen source
93.25975286218205,78.40712488303005,37.30241978399218,5.586591465959049,37.391416212799584,0.8393100464474557,Potassium source
100.71248852450933,45.60863194657606,114.77184501577298,6.009833925492885,50.52403731076387,1.0471497052027627,Balanced NPK
27.145330735354023,63.91349593348747,80.33397313207277,5.67168361058512,38.946003719447546,1.0329798189023376,Nitrogen source
90.67333443408621,36.30267072665974,89.47362701164467,5.912365608262724,31.350194273710144,0.21530008912406212,Organic compost
63.63141960433614,19.12518149902192,76.22555119390508,8.379800266975375,79.97551575986131,0.6867260045446655,Phosphorus source
90.69882761746234,77.053038559479,67.5763965133562,6.168757608593789,20.9050782641841,0.42888248670773027,Organic compost
103.94992530444588,24.424700705139156,39.773174424428305,7.613311783855649,68.57647699958486,0.4709746894165703,Phosphorus + Potassium
85.74913409232356,38.49458544598448,40.44170086151261,6.82082242157694,64.42428585146561,0.329338922116471,Organic compost
17.82366447872953,73.38001088595665,115.97462731380598,6.8499702113205165,20.05302909464728,0.30212578659094064,Nitrogen source
27.159701389837227,26.197105879609516,85.22431377604082,5.3858565427482805,19.585675384552484,1.1269426542944103,Nitrogen source
38.31460491597485,21.204210223355663,74.09110410892882,5.275758871611957,54.037439114304206,0.22499087588452873,Nitrogen + Phosphorus
35.63295293452889,38.78732379232721,79.40361686307396,5.713465501644733,71.54380840349845,1.394733125974658,Nitrogen source
62.87961602580211,25.43086649906643,22.153250241207985,8.28543027830718,19.350149273560724,0.5882966624928054,Potassium source
46.18545201880474,25.126820583756608,10.226231354988023,5.7248529009756375,62.39567440448016,0.4670228434757356,Potassium source
94.0481905872869,36.19179179240302,18.912190650092015,7.894427526330865,54.460623162141744,0.9957634696847888,Potassium source
26.52444819573231,51.751257263035356,97.62044492774386,8.487306086660567,56.958741239466626,0.761831715674534,Nitrogen source
100.07623894654601,8.778558859529166,56.12148782474492,7.56270543191091,35.16091511157884,0.2765922219394866,Phosphorus source
22.203361232570998,17.539202427953693,101.4405455894697,7.522914411553041,63.47062096059657,1.382129168601554,Nitrogen + Phosphorus
43.286559863582674,60.730662721892564,50.103699992991515,7.749901484097381,58.71259393417652,1.48673771990802,Balanced NPK
93.27774249640036,5.4429072869224475,86.97914366984024,5.355748862022146,48.22669140981828,0.4045182067285509,Phosphorus source
64.4200591371994,64.4469118875239,41.802162813580864,5.534400898037873,32.01462687435897,0.4257496235553846,Organic compost
30.19180697879217,57.29188858728589,87.47560938388345,6.851994546544944,27.655504174689344,0.8885444944165539,Nitrogen source
114.33974373169427,33.77693438476099,56.59212609205079,6.729920175789594,22.48880829945709,0.5181276485535018,Balanced NPK
86.00374037718335,17.118105115740647,76.49622127514604,6.350615651919508,31.439808825951115,0.9146754221771078,Phosphorus source
34.825400849374006,28.225069109614786,67.69902644386883,7.3005245801864245,68.54464009914494,1.272056055913794,Nitrogen source
64.75131013043894,10.566375430984527,30.686747179147805,5.0016406663921975,22.9919825214808,0.23995742452400326,Phosphorus + Potassium
88.62082196836788,45.961665082078135,13.930407468123684,7.161762433027629,66.9905197447662,0.23709587313157166,Potassium source
23.97548075787638,40.340321481107544,14.653712017151426,5.074470024106367,50.769204040433145,0.9313507946512822,Nitrogen + Potassium
98.73165972502011,10.842463984417156,108.69131697301016,5.065213740814146,31.09527499929417,0.2632721862787828,Phosphorus source
36.86876577542151,66.13772760006704,23.765287747980445,5.70657904700495,52.79574450108172,0.22816118259156493,Nitrogen + Potassium
76.26633580107885,72.0781778388325,17.65117906805793,5.0206663861233976,38.416569535370385,1.3037783975964494,Potassium source
112.87124853110022,65.08769177140901,81.42652954477177,6.492947428573424,65.22820577378954,1.183699916022602,Balanced NPK
30.198673133802554,58.683412705560656,97.183599984132,8.153065749186837,61.07328414753172,1.152109714524763,Nitrogen source
109.1778049192968,19.570576135145743,70.5038541481498,8.127247881961333,54.21540140833828,1.4107458889217126,Phosphorus source
15.547111439289285,21.046758456234954,34.34795255894816,5.274856633431676,53.59073807574276,0.7218891110504255,Phosphorus + Potassium
36.671491179654865,59.58011909916979,84.37880551530648,5.137256510713136,40.765212820285434,1.1362889831884717,Nitrogen source
21.37067594964048,64.62133370704365,77.7655931383358,7.513456037178383,27.528089540676664,1.1720103536663713,Nitrogen source
29.106593391918132,69.52560665872709,32.65963258931926,5.938793117413588,56.95982488740057,0.6336125397256509,Nitrogen + Potassium
43.99545891064345,9.691193179224648,100.21157889204301,6.607768137132156,37.513557416890905,0.5191974290991386,Phosphorus source
71.07465748753707,46.96856903756148,10.25879625222439,5.299609735672609,52.90468124288465,0.5691628119835013,Potassium source
118.21903016777318,23.643573632469774,26.725373778140785,5.156234986911384,58.056388181690984,0.5778038962296494,Phosphorus + Potassium
40.13640755987479,13.282627517047809,15.771955213275794,5.806261759213349,37.76326517238637,1.0606810702940122,Phosphorus + Potassium
21.13166368809568,32.46242936673227,119.16544210514367,7.3839293385109315,79.94358736537974,0.30323061326277123,Nitrogen source
54.53623494372886,22.267185824059567,113.57185649425996,8.168503382104465,49.83109875351093,0.5992676182712638,Phosphorus source
69.9342060137698,70.3341695583124,73.12537073439805,7.678423483552167,58.143517730965726,0.32679494956211963,Organic compost
93.36572324416633,20.644257164483825,105.76021267420909,6.08377568372055,49.49802591548301,0.571466196840262,Phosphorus source
10.9381588809184,63.510118744976346,88.63541178169221,8.232767172780365,50.07534221786347,0.4445922967621475,Nitrogen source
28.792054216966502,34.19734846623046,46.37232107392403,6.42805781255289,25.7472325694408,1.4852408231080718,Nitrogen source
19.427763817737066,60.437059521306495,72.43974974380268,6.944660575897913,52.93347340565987,1.3752596343928736,Nitrogen source
84.26662718455786,25.31522349604524,39.617022153692375,7.89838131876488,43.46514380744735,1.1163335811624626,Potassium source
51.35065340641206,60.363876141823035,56.651202570465045,6.726039457540419,74.99042782995504,0.8433320585977073,Balanced NPK
34.7310037685707,44.85702522311302,10.939685501476259,5.976296157247925,52.290589903360306,0.2922319858735843,Nitrogen + Potassium
60.093477636408444,49.91375222433596,34.915391784665246,5.762373589362582,56.8156269047559,1.466455458152073,Potassium source
43.80798088991268,20.57882024763112,118.24190540316675,7.921292743652797,75.51951013973428,0.2599271612911541,Phosphorus source
112.69653199937872,67.87473211003848,42.965222908315354,7.184768548867442,22.05146125765046,0.7430228695135661,Balanced NPK
76.26892891181411,13.273892069385102,116.3138210432959,8.252054341574585,70.71596703474042,0.36712207363085697,Phosphorus source
83.60751291494404,71.78222639540415,25.138707589015528,7.265541784213882,24.292648526440697,1.096804806863328,Potassium source
81.22735221482657,70.37075117314839,63.42911933032797,7.6560272302200705,23.427769692424395,1.0354146851929056,Balanced NPK
106.45211596297466,59.224401554560494,106.6447942827962,7.204251726576125,48.598696311038196,1.3895566495069838,Balanced NPK
45.574397845576286,61.12664590924446,86.23546101558658,7.849901695953658,44.83413546736029,0.8416854532867757,Balanced NPK
13.76054279027893,74.85500716222586,52.604412924036964,6.932072975967111,23.875540975678767,1.0010729056937593,Nitrogen source
48.07253439620757,48.87912497545322,90.88715580648457,7.134965246950119,12.143991772068036,1.2479030987939352,Balanced NPK
71.69542981311716,22.879772214425042,45.60300055597355,7.838637319371442,75.53986252901888,1.2575034439462582,Phosphorus source
107.48805406841981,41.74076704155866,55.843813917096874,7.8659009458489,37.620070772593806,1.117614306089924,Balanced NPK
77.43515631401624,16.466078167739767,43.953634795987305,5.743643121630206,18.783372765618758,0.7462324323906286,Phosphorus source
31.825437005251054,10.359239946844955,32.765145436030565,7.166115888574174,66.5900571310076,0.8017970640758656,Phosphorus + Potassium
77.02707133001294,53.784230450138786,81.65896781606904,8.454007130937821,52.627847344089375,0.9101086002756154,Balanced NPK
105.34094232024248,51.57105451316169,60.39541299418906,7.598461705963138,25.696407519091267,1.0743147756087301,Balanced NPK
94.39473648641183,52.89230388947535,30.65100283494708,6.802512628584806,66.69596796588951,0.7235638146151167,Potassium source
112.05480299318995,8.611521980589902,83.15697987891157,5.8150152133193895,55.41028558627693,1.4341480016360355,Phosphorus source
73.2479110779648,37.768302474972586,104.45198689373676,6.622613958787999,49.49708610647775,0.5992017979625728,Balanced NPK
70.4272162337846,58.68544950563359,66.0223322298416,5.737949967672767,11.375138695247788,0.4833873514279963,Organic compost
103.52842498997035,76.94320231647791,71.86663349514774,7.901755629598879,13.28864610769423,1.3096674519475604,Balanced NPK
41.59200929623378,18.159157625721292,40.47914808835849,6.743064437304081,51.128817192653536,0.20904877567128194,Phosphorus source
47.730604320167075,57.835001711235236,92.53423871400446,5.820338358120397,27.253203698185025,1.0835661981320697,Balanced NPK
77.05324674230874,42.287542492323,70.11888153064442,6.748093042131183,38.50500340369713,1.2242367107823593,Balanced NPK
107.74435760291463,52.98825453021395,39.6718203865249,8.410492885636005,16.17562161932878,1.437677754649378,Potassium source
71.15960001780769,58.26193929102733,56.59017457271131,6.249806837303528,25.63122357510492,0.3459126610776613,Organic compost
44.405166405232485,24.088627002658434,68.70720095301095,8.000324367614757,15.851723268509016,1.1710786023398179,Phosphorus source
39.43061037739993,53.081446770674894,78.99875006595416,7.581264357214238,11.066609582735222,0.20179164416924494,Nitrogen source
28.560850341540867,78.52854528501621,47.58419400226835,7.188385816755121,31.56053051126267,0.8341744356621337,Nitrogen source
58.168668777596004,19.104243257814012,49.405001000654714,5.667248070942542,29.57737294285626,0.7424715600399241,Phosphorus source
97.50980660992258,19.731696309458485,31.5316779022247,5.865759801294786,65.25381262532392,0.5215059681900668,Phosphorus + Potassium
100.13983979722673,29.199741641094555,43.32112469036954,6.3239706053571245,41.36883053759637,0.7457127270000437,Balanced NPK
53.38074113332621,79.83273485831904,86.243011150432,8.085674297095283,72.55395426493911,0.7550182073355389,Balanced NPK
95.27265180021503,40.306909777537385,75.41511117682317,7.570776282137229,50.7265257062419,0.8594176961008417,Balanced NPK
11.302482022711846,77.73234439559916,14.178230569327315,5.421034192573116,12.973127873546158,1.014063733277686,Nitrogen + Potassium
43.289641222019995,72.0331067328743,75.19665079250586,7.735344656817107,20.16528198376733,0.7338135331946354,Balanced NPK
78.68901785180918,19.083511462898258,52.0211797464434,7.640606200712865,57.75331316217248,1.372473423110038,Phosphorus source
71.40144472290085,20.514310261645427,106.6610187155136,8.367086591349544,43.99261108335628,0.3098135065245108,Phosphorus source
37.81925680524253,61.411727549907006,10.025242511838764,6.031674289003115,35.82934726370141,1.2249174992546898,Nitrogen + Potassium
58.07514614282866,44.41622202850158,83.8758089440681,7.74724451826375,33.66657468150024,0.42338472757489776,Organic compost
30.017615980182164,17.011139761432293,22.58878003519655,6.543133738454873,22.818160190656165,1.2172699019611706,Phosphorus + Potassium
10.006306637367052,76.51421223241316,11.454270893620047,6.138667480383846,62.78406670449945,1.3336821499638263,Nitrogen + Potassium
19.59455168018166,65.08113403428379,92.66622078576692,6.609551154850648,53.8835743756481,0.6773026899239682,Nitrogen source
44.30113413883966,7.478043940384936,10.751914841256292,6.841555847846128,10.811151229070923,0.3596942737140995,Phosphorus + Potassium
20.61743559295305,52.48147217769163,83.5844328371871,7.640097523783618,78.12340321174517,1.4738519621936286,Nitrogen source
32.8336180211351,31.37902870796813,71.76533040990222,5.154679020203223,23.469910887382625,1.309651582928837,Nitrogen source
54.89672210998776,41.346543859138635,91.01845281403521,7.830577727447803,70.54345343141397,1.363336150312685,Balanced NPK
42.398618890620135,53.67870096643222,22.235123319436006,8.391123596167594,28.734703149816834,0.7074900000809767,Potassium source
112.37498080579509,52.26126090136923,41.71242487399317,5.301939976545789,44.20930994934225,0.9679348532236876,Balanced NPK
83.52344942889394,17.350408969108557,87.6512520047697,6.269055874712514,76.08077208746495,1.0494857384354528,Phosphorus source
110.98784420336875,7.259761343431377,109.370763189239,8.072544284782934,45.75525991813335,1.4693318120972831,Phosphorus source
92.41423862631139,79.62961999896925,93.197136630537,8.20315731812667,23.800289729090455,0.4560854827692464,Organic compost
65.85114527864886,59.69539593574582,39.14982711013708,6.459308955503084,22.069067451190406,1.4031856976063641,Potassium source
91.88559997716305,7.878384036864961,12.474912606963905,8.47828594524741,37.72593851562173,0.9829696075984582,Phosphorus + Potassium
114.26334991559246,76.68566307013786,20.552790487303145,7.224049737324358,79.49794786491752,0.4335507726323662,Potassium source
82.91072044023592,63.05023421149563,18.312060702385057,6.354580654572656,24.370357629607533,0.2738111694651515,Potassium source
20.922905217915222,30.633240235041438,73.70857018448996,8.337670431753999,75.49706437637771,1.3341112163658109,Nitrogen source
94.85802823700188,8.052033237525592,54.61948931550607,7.727736869933132,77.72436704864859,0.8009188518988302,Phosphorus source
87.14032156437231,79.65005161073657,78.53115437867126,7.725749408557401,77.64200548412589,1.12311058289161,Balanced NPK
24.509153502840107,78.43329869101657,98.43659276988087,5.9260603427968075,79.1124985878121,0.30353717277841075,Nitrogen source
113.38362493519155,68.08368269097643,40.24524743062045,8.011447915029786,14.228654275063052,1.4378848159509936,Balanced NPK
76.53129570972801,44.08188100824568,119.01453837116871,5.092264241370616,45.870266225249786,1.1557845083653544,Balanced NPK
22.34923054996433,6.122409054836151,77.6735015529082,6.183089688649245,43.72637997512277,1.0089917457080764,Nitrogen + Phosphorus
52.479520658723594,21.09138588168528,36.24396999685143,5.655805693178608,60.11950100577422,0.37457973019258917,Phosphorus + Potassium
116.93992638118954,5.358483066171536,43.397150691917055,7.80942123104065,16.30674621799777,0.964372168340152,Phosphorus source
41.97015995118861,77.40684892463231,34.08796530571293,5.2483913869401135,52.96188277906832,0.6888514374786018,Potassium source
109.42869773881743,73.62340743054446,97.45578769381747,5.450266023626451,56.0645675299965,0.3198492793506949,Organic compost
12.776552959059488,19.788895242458636,64.38966902649432,6.57883681569829,64.32024604086206,0.8804290587834973,Nitrogen + Phosphorus
39.064800828048206,15.478533981188665,72.66825016026931,7.361947805755264,24.904523284420712,1.0213812593503313,Nitrogen + Phosphorus
104.62327008190796,23.164863166057295,100.13795409009526,8.326307588766731,75.55460903042649,0.3835500804185231,Phosphorus source
15.38355219615914,59.49332882515928,52.025039633232275,5.622066078475175,41.295243769605406,0.9054910287155034,Nitrogen source
27.794566258437097,7.839002733559301,95.99853735118329,6.596339272206373,27.106299751752275,1.441753410353968,Nitrogen + Phosphorus
93.49614592717515,35.19895289267574,40.013626031049654,7.552223183303834,60.70454092332577,1.3491908639226076,Balanced NPK
11.444444491856592,52.22116071399608,40.99224703519361,8.411165457504072,11.737458035026261,0.8336761133985231,Nitrogen source
88.18890648047488,61.344770879486816,79.63819827168471,6.652426446077626,73.66010210813761,0.9497889724425792,Balanced NPK
67.33272755566647,69.28370553896092,58.751794853498154,7.127595376367677,33.03108767358199,0.47582479950234785,Organic compost
60.637166894566015,30.20222917654977,14.15065395946539,6.70343680675572,55.936516543003684,0.26760473949758873,Potassium source
72.40499669178315,28.25268691230143,14.486175574785104,5.339105943372308,60.14241504788812,0.9008770875327259,Potassium source
115.14865763296385,56.11889013274977,115.88285047789928,5.997931720239858,50.773825265379415,0.9262274466697102,Balanced NPK
67.59734606692886,72.30592247980333,68.04784848083146,5.92273348233271,59.13751382603477,0.5443028842019988,Balanced NPK
19.169357970743814,49.14796726269884,25.122401538200464,7.4997568191890664,40.67377781211076,1.3260582364857678,Nitrogen + Potassium
54.520762564535715,34.71457038091587,57.174547810521425,7.4980377974866474,20.86265335977047,0.6436962415062237,Balanced NPK
39.46685535473001,34.096884641707156,110.28334564461879,7.2096312865189915,45.22900283662469,0.3677110707050889,Nitrogen source
73.38923080652948,64.90509583771026,49.703982968860345,8.160064863304271,34.602727256188146,0.408592948674643,Organic compost
101.04975379712926,47.41919265641478,66.84760684262606,8.239916286865327,67.73483499339702,1.490557275672072,Balanced NPK
86.08263195157113,48.47062072561211,69.2722262507607,6.245970739283852,22.665159490297196,1.2726662511904978,Balanced NPK
10.72965131892803,71.58925538244738,38.87246989856399,5.8379008340967955,10.494318826598343,0.6679966658414939,Nitrogen + Potassium
19.76887947126788,18.84065827004286,85.71404029525303,6.453660712623815,10.765937392442236,0.6119464591959203,Nitrogen + Phosphorus
10.674174048900811,73.63878491654371,104.65214136698012,6.236476071964301,26.831381485965974,0.3389941015717691,Nitrogen source
87.57077188889366,14.032771386437519,83.64955549332728,5.904236939602893,61.05072211269751,0.7112110665719613,Phosphorus source
25.0524271664949,25.803525170827154,85.90646262679357,7.397817006644608,51.80793399958113,0.6202211455774757,Nitrogen source
79.87833189339983,8.165687766903446,76.46989058557541,7.734492137815719,19.674748483567793,1.2614278306541429,Phosphorus source
109.55065648798984,76.92666284657753,13.304255023680533,8.134694245734936,14.44116424435606,0.6932514608990739,Potassium source
70.32169319649338,21.628551740448682,47.903456337048155,8.17824620477726,22.255551588637623,0.9004322992220597,Phosphorus source
100.9682557354337,23.0827741708483,112.85805847910041,8.430386455608158,28.625892651103822,0.8149026819393907,Phosphorus source
11.234502749886193,77.0569829798089,25.102544061037086,6.497320965797163,57.087117755630906,1.0457127092254592,Nitrogen + Potassium
81.78132852541572,6.283871026104813,90.7601465778428,7.611020375987108,48.175534778882394,1.1507768063467674,Phosphorus source
10.065633790232685,17.46608559110914,18.166753434832216,6.095080008105357,24.252385148971417,0.44190171431539466,Phosphorus + Potassium
56.15285388996723,51.772021186142915,69.7757932794461,7.929194496613095,37.56621194730394,0.7300798383777183,Balanced NPK
11.178369372732337,62.01578312100451,76.24732203220941,5.440311400796749,23.415570055831168,0.4224977417379688,Nitrogen source
54.828287361076825,7.850448463729388,95.65302515991868,6.11351249017029,74.30872111320902,0.5531018037885063,Phosphorus source
50.29890306314838,74.0733728400785,28.53092705839327,7.9598491131496285,20.601652151472674,0.8440823980681189,Potassium source
106.13894408153003,16.98170727651122,14.118987794915444,5.837822734264414,28.348925797468986,0.729219846315315,Phosphorus + Potassium
91.81650348468861,8.595170619918871,72.90653649483849,7.538428031354183,66.50299015999629,1.456548181477431,Phosphorus source
100.78994719252158,12.739878488570003,29.3353804183979,7.5220069816053154,24.821864192180946,0.5211143853993693,Phosphorus + Potassium
103.40892668729583,39.620631468533034,53.65412825125172,6.642628164350826,27.967837863012097,0.3137889487175993,Organic compost
117.49162242193609,26.89596446798815,66.32582176065628,5.205297863064974,20.444052144852492,0.3327902529775293,Organic compost
15.624516042649306,53.82354795311627,11.861158163560717,6.599044243447584,56.5485355574522,0.6720327322205875,Nitrogen + Potassium
26.520603481802425,21.75382130211947,26.89782694930682,6.0338688011175545,34.93810897780305,0.7156459586183028,Phosphorus + Potassium
34.53943504466057,22.56515667802119,80.33286204489316,5.080683772030846,40.90153610215137,1.40794132310208,Nitrogen + Phosphorus
93.75793516178715,29.967892991577127,70.33557209596583,8.436769968108976,60.142699447332475,0.9665213627542082,Balanced NPK
71.51747442697413,72.06893929307185,31.426720740406996,7.02538725664688,34.51172061480215,0.8086360537050741,Potassium source
14.390778262666641,64.4912186893338,30.27190421351494,6.969463994014474,74.6325527090561,0.5346985581048306,Nitrogen + Potassium
46.05052463105024,35.45857196042202,69.83788591494584,5.805392598163452,61.69039009182873,1.0186150920823047,Balanced NPK
20.255214435508954,43.22155356118849,49.578267601135295,6.22718760833982,78.81608112602058,0.7271202372018197,Nitrogen source
12.637960317097605,31.619805701708152,75.95313559694108,6.847233015033481,15.39591682051364,0.4186407293143665,Nitrogen source
94.6302010907909,5.543047444114913,35.35859102990966,8.432513705356818,55.894769396770386,0.5191864682372009,Phosphorus + Potassium
31.341338929733972,36.2390596468404,81.01244459646264,5.598652503221025,62.35616833469415,0.2545110444789116,Nitrogen source
31.339583747154506,49.27065883059488,87.68053147253812,7.352748988842646,28.32694521230641,0.7011469102336008,Nitrogen source
14.139359150830744,5.035298710565962,55.81317772848772,6.9017390551926265,67.4787522806418,1.4514658436241945,Nitrogen + Phosphorus
75.90604596450962,66.2414804271435,24.352454151749733,7.858325598365362,27.73747086457451,0.7326823602694663,Potassium source
12.345710250173607,40.10327147264329,81.64257108969248,5.882199673294645,66.6071015840943,1.4040529946865516,Nitrogen source
72.77471106539558,23.304346147518466,87.5800221274404,6.031121485812911,21.395435250682283,0.5707483836746894,Phosphorus source
58.29112675624657,21.926520033732025,47.0991061427438,6.3846748823103425,62.76998373431488,1.3149382113845085,Phosphorus source
100.73909424633393,19.491569228171592,99.0730044971595,7.241873350829456,26.645860008969258,0.6888065922033813,Phosphorus source
48.004666668726436,37.636016510309204,102.9328505323509,6.440624944363929,13.826448834279102,1.15853197345921,Balanced NPK
96.57276674087723,47.921076516951295,62.26404836443917,7.702363807228193,11.545614351833573,0.9594587077128078,Balanced NPK
114.71321804027134,64.57211978006332,40.30739214506421,8.211895077986405,24.172496776063838,0.9110166571755163,Balanced NPK
78.74937882812492,7.552767662685493,23.996778741450264,6.905206975062005,22.66319116375564,0.7448931737574698,Phosphorus + Potassium
87.63815079866772,51.90228871225423,106.16682161134564,8.224101948025407,74.86178248489631,0.7101078034215285,Balanced NPK
23.411470925163098,55.036846583625504,111.09087061021428,7.6924238152915425,58.79164885825689,1.2433749419611344,Nitrogen source
55.07963316703083,42.63215580088803,31.98688591075553,7.350400016852608,34.35851645803645,0.5477012270743897,Potassium source
37.5744151079615,43.30338152940289,69.39716747591436,7.891843705040813,74.14321367860117,0.6018941080862374,Nitrogen source
46.50071157167033,26.08934995725913,43.22605953450841,7.5497034238064264,54.0368908111201,0.30118466411895095,Organic compost
72.97896348363486,68.579439225943,16.62180516601041,8.169153970454119,27.9760772150414,0.6260902618448234,Potassium source
53.944778892843765,15.671264389253945,20.8316574901568,5.842188172762943,10.377333012697044,0.9504272913901317,Phosphorus + Potassium
24.792334116957022,12.001196505156031,71.95549208903635,7.074183216187837,56.19230248580501,0.85490805789655,Nitrogen + Phosphorus
107.27552980121838,14.364518557645319,96.49193224780055,6.439204182887435,73.24193415764,0.5048894529301844,Phosphorus source
114.25278031412962,70.0380173649116,29.048728422068404,6.522215161648502,27.015303079249794,0.38465792176849023,Potassium source
52.68202762502815,45.137134541313564,54.1737271446414,6.160930336290878,32.9517408128903,0.40934093429468577,Organic compost
34.50206450294016,44.70644429633677,27.497177425799446,7.903201343987824,61.5316224504031,1.485510027543074,Nitrogen + Potassium
44.84150382982824,18.67962021777972,18.30684646601521,6.224847709445857,74.46612010771288,0.9685545089835486,Phosphorus + Potassium
115.43950059355416,73.55116064676405,51.77158047546551,6.5327246802281715,30.954914421813825,1.1644827390157115,Balanced NPK
72.63295020627777,9.756652715079635,111.05435788241157,7.749205262569152,75.3074365871507,0.5242963379375695,Phosphorus source
92.82913934150865,52.53920228456882,23.549963177872996,5.908497091463897,23.42336804718964,0.39939273766125083,Potassium source
81.43248965579745,69.95413409379995,118.66568037928407,5.75259835770458,57.19597614362688,0.3018017979146088,Organic compost
36.29388845755395,68.55330412764462,113.56714868749631,8.397304853040616,42.512781116571496,1.1565547961162654,Nitrogen source
50.604131928872455,57.57515491364497,26.74101895226603,5.427409258276625,78.86678773368963,0.6049851023976208,Potassium source
108.68853452515589,6.704748862391253,101.46197361358615,8.27840176711701,11.088639121608676,0.706040457988556,Phosphorus source
98.90981532704855,5.335926943389059,43.535141707518136,5.903790027162775,19.360531481081697,0.3143623273312996,Phosphorus source
37.3868877182187,19.99593302316695,117.18435829530118,5.077358080698044,19.066114800573068,1.2492880695595896,Nitrogen + Phosphorus
93.8741677049544,40.11896533310917,52.38037729754893,6.212220049715873,78.14374795388751,1.3271142538856138,Balanced NPK
38.7937374674582,39.58501255722665,92.05476084444459,7.886859327874897,18.538793120838264,1.4425571460908702,Nitrogen source
100.12947406581351,42.766188886070395,65.06779364099722,6.77482695676025,67.10500002725368,0.9103834460443914,Balanced NPK
99.38037734248101,69.76527614750692,87.27254402770482,5.1640648027523275,41.349161157176,0.5323361658304431,Balanced NPK
14.782449391070333,53.64445946235957,66.41164168488015,5.2138846060248785,53.52596367235639,0.4470712154838286,Nitrogen source
113.09815162392957,57.28468478319762,10.412677454741923,8.049926375477096,14.554793704445935,0.21508323186930467,Potassium source
53.474816661565676,16.677594133583334,99.96725318873536,8.306386280909798,64.83909108756053,0.6786660405963567,Phosphorus source
42.134649428728046,30.697760028156665,19.523526631706133,8.162599825763488,27.083324972337483,0.5252355111893634,Potassium source
88.74648363164144,51.32955542739612,115.47340512162653,8.43445594964421,39.209754057943954,1.3972033201460183,Balanced NPK
115.0648330033119,69.20915135388688,112.5773921378544,7.099974810746998,18.002778416663883,1.3174468256912253,Balanced NPK
43.830307245138506,74.38540329848422,67.11643264157104,6.713994185890295,68.19184773080352,0.7047461348221278,Balanced NPK
21.68428100009411,63.78039257507115,41.96677675897823,7.960680028792129,74.10698149838068,0.7094865412742564,Nitrogen source
83.7454382611554,6.320411052774115,97.34209677724093,6.607781294601036,28.505171048613132,1.3378649191654963,Phosphorus source
55.02229153503236,66.7559802148682,56.26206078656,8.323269499330323,56.92810786975282,1.0673542886738463,Balanced NPK
23.614610111535388,61.063563788109946,67.22626762185956,7.5142463375260125,70.72239048983475,1.1141221080188748,Nitrogen source
64.9050079721974,68.9043008091476,91.19791542943516,7.676642349709538,73.80625960488445,0.3795516103813224,Organic compost
64.89315232369778,14.293697233833647,92.45903152602436,6.511976186871222,60.42354118464287,0.3582831412555788,Phosphorus source
78.22175853251592,13.462352360159056,48.84710745968287,6.874897277896008,58.41234503366197,0.8514061670615531,Phosphorus source
90.38134538741069,18.040122892730338,80.61440052901703,6.3501890618820465,20.795552911940913,1.3094141985188377,Phosphorus source
117.34847733890521,22.969479706220277,27.329286734025807,7.675644750420002,79.34378791315466,0.7441496506673217,Phosphorus + Potassium
97.00089949726426,16.03636595584556,35.08657184839936,5.493193064786904,56.62906829537939,0.9637514534793166,Phosphorus + Potassium
82.80829106369015,17.666972475312882,18.93600422309165,6.868886878621285,47.086243772363105,0.7480675595559814,Phosphorus + Potassium
85.12573464849095,36.40768969425646,104.2129362641139,7.721947289021149,33.50399829567712,1.3624801947134462,Balanced NPK
64.12476423729319,39.830249546962456,89.3091294921368,8.347011295676339,12.331046416386654,0.4278045879339916,Organic compost
98.58164096764789,38.13264318097528,104.45456942189058,6.230126173479794,78.28659160890174,0.48074912131399855,Organic compost
114.38019726522147,64.22980183953766,117.15146214317852,5.566186723748173,34.72902858084633,0.4568813113865613,Organic compost
101.27350259692389,25.123570069153526,67.83800420553031,5.676401961104865,59.51857772250963,1.1659230053326266,Balanced NPK
22.663830739583425,56.441263032520524,28.203118887003505,8.33975286099329,71.59466761885808,0.46203552804295955,Nitrogen + Potassium
47.40532771513944,49.683269089261636,98.75087135651253,8.301501737112577,39.33174967013317,0.8354915827591618,Balanced NPK
27.221526919221073,31.20925482295863,119.11584776809362,8.28106391521571,38.965752872047986,0.4903067358715318,Nitrogen source
73.0244744739945,36.74616904926381,92.7846345017711,7.2046762392458845,56.253989004218305,0.6866130481080659,Balanced NPK
77.88561125754921,56.72008588517664,81.28033353338827,7.434265403337667,72.31354606814666,0.5486365165868752,Balanced NPK
27.1892434703293,7.599097654757879,87.00687219409367,6.173938122512171,45.412753526898804,0.2953319642899749,Nitrogen + Phosphorus
111.96244385326007,49.13694390991325,23.715908815277466,6.422163144477716,31.901123434177546,1.3266834581842326,Potassium source
106.38272163198604,64.28536564134923,52.69634957236143,8.301108804945276,29.270096698571287,1.0599752574598509,Balanced NPK
67.58123253002447,37.82582339858744,30.732485032368988,5.839717858221115,67.5236053365977,1.0693286604771244,Potassium source
112.43066905522612,56.09647812690486,16.68528580450642,5.407021272011657,60.645610104699315,0.526201394408585,Potassium source
37.353512298156005,35.47436485976107,91.9771238542303,7.235850248744946,23.5985591728708,1.3651556267362224,Nitrogen source
116.94741015060416,64.39713080720358,31.237194083008124,7.777976098665066,46.51274221903966,0.2371227452381118,Potassium source
83.42821228181062,78.27097228186719,57.474849737297546,5.221572977028543,26.142440716423003,0.9260067943172205,Balanced NPK
97.02043803718256,18.913891646078124,34.131804781156006,8.228184834329468,71.71919148390658,1.3903766295864606,Phosphorus + Potassium
29.33581362055434,74.95219218945616,47.393293291652654,6.8090046983890185,41.94840431639879,1.4711985020390383,Nitrogen source
38.89362549359252,76.83352883256413,115.50675455411934,8.211065441343795,35.00554953002397,0.6875437387094716,Nitrogen source
32.447323444765686,40.662262620513374,37.34945360684324,7.194935371938613,70.73834462426267,1.434566931099272,Nitrogen + Potassium
58.136977248595585,37.36540767561996,66.60357764111473,8.190779397312728,15.50971197341146,0.598149766456358,Balanced NPK
31.683048094760455,63.13971220769796,51.60932039692651,8.375081947542993,78.54395997920263,1.3451113489875517,Nitrogen source
65.98621892319983,74.8198962751557,51.46113764945901,6.374855881817414,43.10496043830903,1.1062972396090704,Balanced NPK
16.982792677507664,45.19010357376013,116.24290431064793,5.235610043146424,16.0409971700069,1.4269389323533017,Nitrogen source
101.43243052638353,5.047960537665056,59.64905972197835,6.083304850498147,21.729342874666564,0.267949531045886,Phosphorus source
37.49000245652587,53.95507478582472,43.42882416591159,6.0767128969450095,28.375723228205402,0.3262445906205407,Nitrogen source
75.23041070730234,59.851894749534324,117.80224906613596,5.7930945214406115,21.405088285054756,1.119455475580597,Balanced NPK
45.54983643176581,43.14244387264586,87.9376795981922,6.4684595440974695,35.995615250287514,0.7714961918556253,Balanced NPK
60.2645391567133,5.056598505840596,30.74689970172991,7.132651486355853,11.221179090073477,0.5593741178575204,Phosphorus + Potassium
58.4471292059625,38.137113021899125,15.257497309539266,8.063751984325698,16.333509660249824,1.3384488842405644,Potassium source
118.98938930225641,18.397762132220464,17.763300811715876,5.423883115068017,69.67763692808569,1.4640644151633322,Phosphorus + Potassium
75.06125634864122,76.0445101640259,94.66544463399794,6.990464646695255,74.00090001205938,0.8087280267364623,Balanced NPK
55.280617529791606,58.99294329769333,92.35332034011397,6.240783615147431,43.29215334380246,0.480572822014299,Organic compost
23.177620829157124,31.385997855560415,64.20708815109964,5.550505483292537,21.41092379452598,0.36116775676019464,Nitrogen source
106.33328725386306,57.05748444514638,26.00797925843459,7.314457622779406,44.00781968635461,0.935190253886993,Potassium source
101.14703605213703,40.701079601484516,41.691339185262045,7.730500152962332,21.15900536979128,1.4021507717480683,Balanced NPK
113.56727100188675,30.869058927880584,94.94786882794628,8.227009449538803,74.34577307196383,0.3486885676940805,Organic compost
28.455144718338765,41.7805007667045,70.72911958474465,6.204356034083407,15.36364014266439,0.7583179102713722,Nitrogen source
40.923814222004324,38.57434675158235,40.06354804541151,6.525711118745478,51.16727797368679,0.6684710424781467,Balanced NPK
33.17185369897798,34.743786591642255,38.654647258306085,5.224723551092612,54.36735650191108,1.0240190919329195,Nitrogen + Potassium
44.98316720937522,76.94312830937433,96.79329459462245,8.15842634438244,42.859332769271006,0.8809158107223649,Balanced NPK
86.0550278389382,49.106685513888976,83.50500225401703,6.51352547110257,19.2991091881349,1.2556555748653686,Balanced NPK
52.60789472341151,50.62808736014618,50.592027738697155,6.6876234225228455,54.72750404143409,0.9520626371822223,Balanced NPK
25.502004743403873,22.65582542248216,29.126302150042243,7.015624816188728,37.62023300682844,0.5203540418929955,Phosphorus + Potassium
14.848968604623067,62.56510696123377,15.944682610375274,6.332652907045869,41.90455127244214,0.7889668839203032,Nitrogen + Potassium
25.234789085435082,58.20937649203254,34.987827088423835,7.2017295070850995,36.46232970598349,0.8775177938524248,Nitrogen + Potassium
59.74443484063412,76.64453103332295,48.11182580804251,5.535497142083561,35.258066775753534,0.8487584432677058,Balanced NPK
17.286385018396114,73.8836625061791,31.859858159121583,8.257125648478922,38.29252494763426,0.9220428840893209,Nitrogen + Potassium
85.1323459723143,9.871145619733717,55.531783415333486,5.98566534737243,21.79713328145131,1.0696953575463573,Phosphorus source
28.21806723752527,48.71625153862385,52.94784965026621,8.416818146584948,73.4607641945572,0.20983662688948018,Nitrogen source
99.19342462944435,17.649278176107206,61.754086542633395,7.842024742937703,30.12273059932913,1.1540054158932642,Phosphorus source
36.501923041870384,70.47248524522475,58.29247449465605,5.6975092217448395,13.73658905953921,0.9884794479734871,Nitrogen source
85.11754339169799,56.03973362465188,64.72670761209483,6.40966183064927,53.33122752812117,0.24332830702323308,Organic compost
36.339236989937234,24.164025190630944,95.62655925943122,6.544667616947582,13.206711385873334,1.363578236514646,Nitrogen + Phosphorus
52.39144802540549,10.773108260244053,56.03066905285508,8.323372093439563,66.1024239182594,0.9715481631429308,Phosphorus source
93.50235206295037,43.732402072672606,98.43813448912672,7.940658587391231,33.6169106302805,0.7790100535937277,Balanced NPK
34.91202325518624,56.377379541581675,25.073938718028568,6.652150410596975,77.65829802894262,0.805744959502614,Nitrogen + Potassium
17.512194873646465,6.375415201854738,114.51529435367519,7.475061645880022,59.672669463877625,0.6808851118132239,Nitrogen + Phosphorus
65.1251829522754,46.87998207208024,94.37346725290305,6.782864556684672,31.47067321087234,0.892348879679514,Balanced NPK
84.93427241847273,9.343274298291771,62.09867071145339,6.2060545647686,72.72961721331886,0.7048881462374794,Phosphorus source
79.18209294504658,39.16238968443493,99.45860465373659,8.254174694070924,15.852405524034355,0.2255675257394572,Organic compost
87.50942340795363,52.36167353917422,70.98794942022077,6.5076839478957655,62.484867965376424,1.1147507323786952,Balanced NPK
55.8287726422204,29.37377606254636,115.80665317976582,6.420165494771591,24.630496707967705,1.4481778856701237,Balanced NPK
87.68602075164772,46.87779163526892,94.45043877469942,5.776852566996443,49.05996195920486,0.5556206230602339,Balanced NPK
104.92559924295615,15.2543672561466,33.92560154614396,5.8532413766341,40.63389111670794,0.37292565004573475,Phosphorus + Potassium
69.88817708744328,59.96027948221538,10.892398914529016,8.105289873260421,69.65644029819198,0.2660713240198138,Potassium source
17.518964415893645,48.042791263049644,44.492567839840255,6.716531680177264,49.72215739595496,1.0290904036981727,Nitrogen source
90.47862159647664,69.27872382217487,76.73286874545113,5.367673813721651,19.534977847284726,0.9978363304747804,Balanced NPK
87.96681374571354,61.556016367512655,67.05278406598623,7.101361688452939,78.21853290941577,0.6527056766399018,Balanced NPK
33.558708462110516,77.67424733413829,111.06392155049815,5.0248006055618655,38.13163573786732,1.1552957803715425,Nitrogen source
29.52112333356147,7.392473245424198,14.006978882274021,6.976778686129746,26.119524626513517,0.5352547422168972,Phosphorus + Potassium
11.666562795275464,59.44272502236166,102.79909285862858,7.567337614470894,19.539858489245795,1.4443951596344555,Nitrogen source
115.83466231809454,24.434810671094088,118.13763477105744,6.554672069395272,12.917589233299175,0.9480248183046367,Phosphorus source
67.93763796334532,69.37210078782405,49.12404141523675,7.683218374088038,65.07076081384429,0.24543553816395555,Organic compost
84.04570564557552,40.960409508656596,32.26705670769613,6.459130970864868,70.00526345989809,1.0967044250475806,Potassium source
78.99160419376648,11.113531255691202,83.33385859170879,7.654837717025843,76.49893141401125,1.2374555601881378,Phosphorus source
18.793706698311315,75.76466433783519,97.11185720400142,5.0116847740614405,59.88795046450313,0.5951614910312857,Nitrogen source
76.5534952686532,26.209029305063538,90.30486084509317,5.653544961359669,68.41734674709183,0.2947716737016293,Organic compost
12.65024824325095,14.894500164105368,52.29994800455336,7.298388636579517,43.64187245946879,0.8184228664584179,Nitrogen + Phosphorus
105.21377074034329,46.94511640479356,65.83677306878397,6.4680067056444965,78.48897687966473,0.5156522472506422,Balanced NPK
27.11229355626808,41.927598611073876,84.55407121598698,5.075837520609017,69.9894579652573,0.5680510090241532,Nitrogen source
80.99225970115957,17.99647038876234,105.91115340372195,6.2561215769863665,23.08728084267691,0.2256679279070598,Phosphorus source
43.96639778047066,33.44067296923772,13.862942340241613,6.943760908683604,41.8293800450958,0.8409811989924096,Potassium source
24.682017306304548,33.730740069123755,116.46262995817901,6.250954970760511,65.50728739228825,0.3614159816872319,Nitrogen source
23.510364284183552,79.91943012175494,81.31992630109737,7.326920539159992,39.81467187651086,1.1894901735169174,Nitrogen source
112.09951164112884,11.150243135976758,28.964166751888193,8.031252510104215,15.539913720371397,0.6668748432015574,Phosphorus + Potassium
19.15270469234514,35.59780920600038,59.18764336128794,5.630463074831093,15.715136644288368,0.7426035551948957,Nitrogen source
66.59389878066133,60.277357908040536,89.8595628925935,5.244710749587786,40.65750539734667,1.2968995010667916,Balanced NPK
75.66882907748607,69.1143076148647,114.59450051246046,6.169963504727858,19.306938349099866,0.30909995407814983,Organic compost
23.906149658959187,56.18636737239047,23.15215818097154,8.333426327196658,56.128806357507855,1.4421880205848674,Nitrogen + Potassium
71.98565710218344,20.17391432225368,28.49944222835304,7.687611547319083,10.007547631292283,1.3378695886696996,Phosphorus + Potassium
13.245609913439985,50.33260388350088,52.77525573640542,7.140489491231133,64.75154274946058,0.3455404986381517,Nitrogen source
114.09253267101583,49.683429542878194,52.015676804088784,8.426783761855146,66.81371177609208,0.41068819162242554,Organic compost
19.740225925321965,74.21639127134141,74.33540968834659,6.622048305133397,15.41126156047477,0.9043081157705211,Nitrogen source
39.86363437547363,19.482137831614665,53.01668923643613,5.124911227963692,51.850491960378804,1.0074338762442625,Nitrogen + Phosphorus
86.4499214231311,6.713343194988193,29.314044678478144,7.7032329636768315,50.2275231340424,0.21177103410713072,Phosphorus + Potassium
90.37728309688026,36.245147669079515,38.9380503741225,7.639885224965752,35.22553503625468,0.7896975324605653,Potassium source
104.68550232014633,16.22680967256857,72.22234121144714,5.363821976719876,78.44994048938685,0.6054121335661682,Phosphorus source
110.12507172537563,32.52565472366875,103.07895229734814,7.676120022989135,26.278471569854737,1.04099752908299,Balanced NPK
35.66759239088323,6.423219254118724,43.05263018623605,7.486952825289235,22.498023280344135,1.0161423694218932,Nitrogen + Phosphorus
94.13748113961186,28.275445809586888,21.228439923140577,7.0880713529532455,19.194915222425763,0.20337750297661097,Potassium source
24.38075034107006,24.998581497862844,84.51171655733626,6.164081115876149,74.29980002728881,1.1649415709181148,Nitrogen + Phosphorus
118.62181692207172,54.8971575157705,12.352809978912514,5.521083743167812,28.87153231120449,1.114330596548322,Potassium source
80.97886180779646,20.3917840237783,86.78669985794856,5.976673143042454,56.79211430718604,0.6040246123312925,Phosphorus source
33.13524885433385,42.113107709788764,117.8824404794209,7.263064620070003,34.61489714118435,0.8739780999451867,Nitrogen source
58.24686129113383,7.35078238924395,84.17169035770172,5.719241712781023,47.39593496258147,0.29218346336306183,Phosphorus source
96.93270074304016,6.307182841256729,45.360935972907285,6.341609696487659,64.06614525264541,1.4656633311161662,Phosphorus source
31.046484002660357,15.429374107659395,78.38722344517639,5.760541600320618,11.695293236839246,0.5013538997218172,Nitrogen + Phosphorus
35.7976685608678,46.36483176255252,59.50324980891753,6.167060461838551,30.23642043595235,0.548231677621791,Nitrogen source
104.79326475088983,39.56076061293184,104.0417346423496,8.485130737154659,44.69224725140037,1.4070424389358838,Balanced NPK
29.204434147869463,28.233898631512336,82.4798289363276,5.833053114605597,51.42355358364597,1.3686369695544527,Nitrogen source
117.09758085036444,45.11568751896701,91.03898162037264,7.111317560089263,39.393474830025966,0.6634483127989985,Balanced NPK
77.55647727002572,30.92207085630518,92.39025084564221,5.441600115460149,60.30141018975784,0.8643813480803957,Balanced NPK
18.995742672161946,67.96733395828525,70.48431446726164,7.5720126821568305,18.660216700474372,0.4017090256934906,Nitrogen source
106.64972338119232,40.01185550378119,42.548049481694505,6.816072701820202,36.005441518521636,1.4659656724217016,Balanced NPK
31.66870523796992,44.75524490376511,46.56508288923307,5.577896347097851,57.70429907770169,0.37807071605661513,Nitrogen source
40.1978741372464,41.55192761430269,56.61516128488656,8.18694583688091,55.56795705942876,0.2902417911970927,Organic compost
25.753146413937177,48.96680771968505,34.80340808093382,5.684981648747843,79.12893752173949,1.1223258169604653,Nitrogen + Potassium
43.27150392841312,7.086732001101027,97.46148687081264,7.020332261916614,31.793289003606667,0.8855241528129889,Phosphorus source
108.61518923193893,9.758592167469105,90.51900552266639,8.019632621018644,46.43501249462995,1.4491703367762871,Phosphorus source
35.484266199157176,59.09143518906709,56.73477346610761,6.326730047545595,54.541111457414544,0.9922784875269333,Nitrogen source
50.389506780975076,33.16227834194339,62.78806426301093,8.474941156095461,65.89517590224128,0.6761871020715984,Balanced NPK
49.94890965439101,72.25673149987115,95.71846996391602,7.287421213471863,59.988885556471246,0.2740931809752428,Organic compost
20.189101441225397,28.679813078773986,61.98515161455169,7.488465526038791,64.74909090172356,1.3502268278964005,Nitrogen source
39.80338081248338,61.10015896352457,119.41541904314974,5.7286503234374155,14.87985182833614,1.3654708362279526,Nitrogen source
24.838740086032928,58.98323287068889,52.605789415462965,6.24431168489007,75.84122831606098,0.6564845687296818,Nitrogen source
54.84127144036267,6.177164547503748,30.19067335816428,6.265207774826468,56.61549645707144,0.28311346654893543,Phosphorus + Potassium
48.44586101144624,32.395262253091765,97.01135820620038,5.9624469972246175,72.43416877842878,1.4271596000645352,Balanced NPK
34.37418416918612,33.33204437273657,90.68057878075085,5.940243559371545,67.82099598322372,1.466050184945163,Nitrogen source
79.44984336045812,17.09742429351069,10.21284426471093,6.434591371212296,25.88217241653929,1.2060946689147312,Phosphorus + Potassium
61.67847466633386,52.417208040153625,76.68871082634502,5.127020449154906,59.55967425986274,1.2734232025629393,Balanced NPK
61.83491196836627,48.653801790454864,25.81601678902604,7.305512389178821,75.77397551991508,1.1255421890998274,Potassium source
11.59194465675246,28.206670492956547,114.9322391377268,7.338846102990653,32.72850320765883,0.980587122951277,Nitrogen source
27.96225897100606,74.34806495446786,52.89737876406606,5.672322301174722,15.244143455192393,0.24547225141622853,Nitrogen source
80.95715954228629,56.10761318315425,82.43993518894867,6.099447813897129,65.47668518493123,1.2918692537823995,Balanced NPK
76.33813519177801,51.16221529391065,31.168942081675073,8.00332763236399,15.922361757572984,1.2430330466085517,Potassium source
56.05169970057174,12.360753311939625,16.754073275466137,8.45969773048771,49.832540499933884,0.7777122684714652,Phosphorus + Potassium
111.7968692248082,39.727446552695795,103.1693211739202,7.987908168411766,62.504487526361025,0.3236495501696299,Organic compost
115.01136249334209,52.04829562825789,54.93515390278271,7.682545499290193,15.175195242472856,0.43202945924499236,Organic compost
84.53813395931137,52.21686819998606,67.68358932239684,7.3611088776756715,76.49286235094935,0.36939291536725927,Organic compost
47.71240796061959,27.008676255760427,112.87435904564623,5.655236494755787,35.74540755267333,1.3776079310389426,Balanced NPK
83.7043734657891,7.337057080677757,115.62348851574336,5.210491889797152,46.53277261095009,0.5147703759210157,Phosphorus source
79.50536355209854,26.271743932939348,99.93333617548373,6.978159666444052,31.903272811057953,1.325302924753183,Balanced NPK
95.49591076527874,41.98537796224111,64.03446633148727,6.637576264735595,47.805006449327486,1.315615849478438,Balanced NPK
18.1147519147074,34.132156697241925,92.513991665626,8.37420179679032,20.72080483027098,0.25651226019600787,Nitrogen source
98.56094154075555,77.78085214031759,88.61579899767663,6.939173097789635,26.33659892121081,1.4458694334777582,Balanced NPK
89.44990933364184,57.05806777984403,107.01545803493879,8.064800531014884,15.647671627168624,0.22594972601951957,Organic compost
34.49717918687277,73.27186599014446,68.70145347346181,7.266340260362041,34.21916181013256,0.7523015461200537,Nitrogen source
43.00255114119867,75.52659383195434,55.3260269453991,7.925640196143823,20.878674600246626,0.612412073826985,Balanced NPK
29.959765428155436,27.006832294894842,83.43672806492185,5.495090457694379,47.51829490961965,0.20406201629381662,Nitrogen source
118.14144383713895,7.669042142662942,92.98331427020021,8.042394943298655,79.73610894582109,1.0451606257147672,Phosphorus source
76.72341992291497,46.818306794738874,94.10724407807331,8.047559379055103,46.93940499233007,1.1362096171778144,Balanced NPK
115.86436556766637,13.38903514063422,74.86994870486393,5.235782074312583,40.49520654066292,1.1439929941022133,Phosphorus source
51.83349519563167,12.5078757260836,101.28909374683965,5.8539793424724405,45.16379301425337,0.3947509617904593,Phosphorus source
118.8263872883067,33.70304625099973,100.3842861117275,6.345933965279493,34.47565087980806,0.5126434008526026,Balanced NPK
54.49914925737637,70.64409114597946,82.78215776913812,5.185812755654961,47.87587697507458,0.8470981257229957,Balanced NPK
85.56445378259393,61.64890936631899,72.23068179167846,8.06564918707038,54.94196497552618,0.639422399251572,Balanced NPK
51.395911527594194,69.39019646375148,38.58066031781771,5.498898646806283,62.66223386355479,0.755734362860125,Potassium source
34.93370175240865,67.21941286690878,30.345998469385908,7.563525108537379,33.81286646692074,1.1260640506851924,Nitrogen + Potassium
95.01760371427854,16.79556418448218,100.72998811150325,7.16458035565724,70.13537771654032,0.24087764383430066,Phosphorus source
93.25204959320384,78.94397142023661,87.31781531175139,8.212299410861517,39.03289368619951,1.1120850981652728,Balanced NPK
72.39310614516145,30.14116218108786,78.552561857557,6.262955302452504,76.45570618478695,1.2369349352098449,Balanced NPK
105.79602841472408,52.67837252559672,102.45019526403041,6.283922965254192,56.30011848124068,0.6339093446410354,Balanced NPK
75.3917316026234,10.357405501528405,97.12474416823626,6.4760155909654085,78.87758383407994,1.315715887851292,Phosphorus source
77.57882067967941,24.939497950694847,79.28777709435562,7.648492733176603,43.0554088555305,0.9702285933048587,Phosphorus source
106.39216371002014,15.289664996493798,64.94258934277565,8.03047648647293,37.380914835753785,1.3493180506818692,Phosphorus source
71.40256297752896,35.101466923463924,119.07169526176597,5.566570896419056,34.310258694387585,0.48573075873246074,Organic compost
118.13575727898983,16.26788060387127,23.128504051601013,5.923695002555168,52.601159290393525,0.5442138839349391,Phosphorus + Potassium
45.9816670257662,45.057730715247956,79.97098906717339,7.029311279447924,53.047738614780805,1.0721775696796965,Balanced NPK
106.4987419936463,55.63120349677095,89.30403873981184,6.387810838717256,76.12598435472626,1.250730997052756,Balanced NPK
74.10429519811048,38.63204063342722,12.080799537941536,8.452750051218636,19.905112047029384,0.861807622771102,Potassium source
47.59826757704174,29.453863744854964,56.14078629905558,7.003566213787492,10.70024075579096,0.40031697954492473,Organic compost
77.45044280628217,60.450995579995336,84.25994915720821,8.468464073867402,13.340918637722806,0.8697540212514452,Balanced NPK
56.03352771339943,19.918658503788855,107.95362387633318,5.5023336288540525,45.32145550494018,0.44977251525431167,Phosphorus source
58.012812935857426,64.2891079824384,87.06533340516168,7.451445969415826,25.05500048749628,0.22971362728995826,Organic compost
89.2073909092653,12.958243978163148,52.92113448503736,7.95372981644995,38.6636116122162,0.8050594976965972,Phosphorus source
115.37331404055504,73.17949378790235,19.99626159928099,8.033965081091868,44.621882923971356,1.2373646054617622,Potassium source
48.733386094099096,76.79191436342593,97.62133816420317,6.572925190887688,35.25037117450826,0.4743599044586285,Organic compost
40.29334768589467,38.15481867443212,48.964005589626204,7.254409476331987,54.48777625403809,0.45154069766001304,Organic compost
38.6836867539308,8.389778259729523,52.07034947089662,6.657077133608987,17.35650395409511,0.31066781113253616,Nitrogen + Phosphorus
39.45932922919614,41.856804999891885,118.17778679754181,8.202758895841308,37.88926341062039,0.9229081195225626,Nitrogen source
71.56285216399442,30.731191270124974,104.25494831474857,6.020654353190091,39.89729438044998,1.3789693606087643,Balanced NPK
48.051411382770645,43.33170590816588,105.76446332967224,6.146267624555425,77.31911838759885,0.4646170298303671,Organic compost
85.25910769447894,9.502776876066285,69.08026989575973,5.557875950746508,53.993514214194455,1.0018690702675288,Phosphorus source
55.810949375447926,74.36229526528565,108.05455691362863,7.5724340507535945,60.37563043702757,0.2886964556016763,Organic compost
45.59120091750998,20.237170523997314,52.740142879098336,5.382094930899247,32.2783830239316,0.942206920932138,Phosphorus source
28.281016403605182,12.931644102238044,87.73520809945306,5.86424203147645,43.4748825689258,1.2899736710282508,Nitrogen + Phosphorus
51.64044674836271,12.392962408373835,96.38686770522925,7.584776892429911,52.71516068247991,0.8992921650769465,Phosphorus source
92.74097323635495,31.495024837354876,46.26600924140581,7.1959488903712145,21.65002662201847,1.0231889823009472,Balanced NPK
105.37709745852237,43.6340113627248,19.12220465448976,7.320022167435734,70.85268500864788,0.45589984589806626,Potassium source
77.34005067046623,19.783989519560116,100.16932171836409,5.8849318634328815,54.06003546687218,0.9661147428917392,Phosphorus source
51.22490332508046,72.53496727405428,109.14405072050081,6.1902961614792105,34.36633364402421,1.0513005377545868,Balanced NPK
41.23931727509885,27.78679304241255,12.263413967245206,5.328799383019585,56.06244440200213,0.6170437912382247,Potassium source
18.93634704433074,74.76549161149083,42.52730402181905,5.731871196956308,46.5634147191683,1.2799260754949866,Nitrogen source
105.98841867199666,27.88149201503383,91.63747962935496,6.831106262170952,51.67158962555489,0.7720201138366525,Balanced NPK
29.497343145465628,66.53248883253173,69.85278892002975,6.406486021389886,57.273270795982114,0.7533426255379572,Nitrogen source
103.4020155894769,15.177076760337137,13.291338836377168,6.992878781108307,27.979058749811042,0.35367740175859275,Phosphorus + Potassium
13.336181247157555,62.778434974835,115.57872710791311,7.1551224892514185,64.0838122718352,1.2900129452578348,Nitrogen source
98.59680932594202,29.506963082014153,10.258653018549637,7.198454591113102,76.33076580893655,1.3537817437084902,Potassium source
10.523023495990953,72.81551168609828,11.194469033504816,6.859901422278178,69.68589038236001,0.7408512176784181,Nitrogen + Potassium
85.22373954895114,22.436858095007544,116.71432589349143,5.1543060546895765,54.25896301070123,0.24520441071994623,Phosphorus source
14.599432579479195,25.27400367202741,11.671244509744305,5.725671792233758,20.776465154892986,1.3854867363365129,Nitrogen + Potassium
14.559054247366213,50.885537971138596,83.75955515129105,7.873590637970102,35.716082209715,0.436108098188146,Nitrogen source
23.39787040429309,15.6896857110893,67.64174435564479,7.088797603400122,65.18968469934542,1.2457977904003759,Nitrogen + Phosphorus
102.70573811265069,16.976114454309883,91.98430159678419,5.2545406090960824,71.63896729080317,0.882966169069223,Phosphorus source
80.56823132947898,51.48406520313747,71.37765625362914,6.831724642907861,74.54748335798205,0.6528848896816288,Balanced NPK
95.66737063181921,32.146574086752366,15.047889098297528,6.323021391246522,20.562056710099924,0.7727593482817556,Potassium source
19.020659869040152,63.90854098474091,74.99390553740537,5.132509903201347,55.186466145604435,1.4410296666840232,Nitrogen source
16.962270414458068,31.75350468096757,108.42416133577817,5.1170360256473035,74.30162673843347,1.4853714995801692,Nitrogen source
52.89731794544667,39.874616308305875,118.69876835863671,5.209650649760233,32.26972907278895,0.282507396775628,Organic compost
92.09647559342922,53.84048781794621,104.97946078426801,5.665893399472743,48.15734453876273,1.126921239689735,Balanced NPK
41.00372298026571,71.72494433911581,31.767235196722368,5.413718810750084,29.66887156102352,1.2369633716119628,Potassium source
88.55902596042158,71.83725958393285,77.84682049703629,8.21358823913916,48.024261753968375,1.393851597435332,Balanced NPK
105.719992429275,40.50814011351868,10.711867396602345,8.450173380669671,44.79653349615926,1.1632333050085801,Potassium source
59.75088695146634,32.15595021201122,49.40520159519773,6.24361637655309,50.56041114159354,1.250109142054704,Balanced NPK
72.59505871834203,44.44952432115311,43.72990142915099,6.619869819128213,22.585749528601653,1.168080980465837,Balanced NPK
96.1495241658889,22.8873062092565,72.3708943226525,5.996792120940607,78.41799837147202,0.5884882358635097,Phosphorus source
105.0454888361959,57.52407941830078,116.21630836212807,7.518131309546921,52.64194970080904,0.7985819180076361,Balanced NPK
61.82481599410739,5.093200980968636,119.66107639267723,6.986691165925979,51.087661540724625,0.43457797658483965,Phosphorus source
57.51960865662511,21.431324408737094,34.0706101529197,6.916391061334965,26.862717081324508,1.0665787831804285,Phosphorus + Potassium
51.429963611380394,33.25223308737172,87.24261344424356,7.347529040083943,38.25726313408392,1.4091124389668244,Balanced NPK
46.10752793559335,58.877763881506255,97.30577052697156,5.7639286417166735,43.194099202396494,0.2272528301330855,Organic compost
46.31042297102829,25.248241083649383,94.8630638441586,5.772537544752418,11.780493145961149,0.23074910968900134,Organic compost
94.0085635514604,15.752819932956667,80.84437502535472,5.705465678395333,25.51357785504712,1.2483663955049216,Phosphorus source
85.02424380443459,54.08898759650688,112.15425100249243,8.045726131689682,69.27783917328605,0.37696723513319963,Organic compost
28.257506618441848,78.65662422704992,73.41790078908238,6.922892369392197,45.39859269559563,1.1565347394891958,Nitrogen source
75.4119573993038,16.241817661929165,21.270158252582185,6.059896660643815,70.90336742933343,0.7228950824849556,Phosphorus + Potassium
105.95049143809041,47.95797270029575,112.24693673422006,8.095534129608282,36.31764710898871,0.9164968258127542,Balanced NPK
88.0689348044616,8.424119461647308,27.58934533839441,7.555162398754883,74.01783955728722,0.594742299019265,Phosphorus + Potassium
53.34164492958212,70.58183963250367,39.28024395957986,8.241286600341832,19.87742724364788,0.5277185148866738,Potassium source
13.898251048991696,12.01227503571646,38.06097715161065,7.293007049631489,24.06076293457214,1.4210996590133196,Phosphorus + Potassium
48.35317772454804,43.899612676705424,83.14538321716374,5.477227555256634,58.13931612221988,0.35673593635529055,Organic compost
100.89102225814611,41.60580397037235,19.83345851378551,7.4767266850068,15.360534195318966,1.4668989530745618,Potassium source
59.89830296145676,33.718644486098796,44.60357842826703,6.57471002432488,64.68147332819143,0.8762023407381145,Balanced NPK
80.76474630849872,9.304334807051301,103.68471626064864,6.849411563405177,46.67255814850972,0.5280561674189475,Phosphorus source
18.50075816438602,30.204856717348296,100.03431681357856,6.914628272648073,28.453161920475065,0.971021056482785,Nitrogen source
48.642786855036626,21.77689954814234,91.38766738925706,5.585377777683679,50.94129258286806,1.153779998045849,Phosphorus source
16.780650402450394,57.17912483339628,11.259768133805292,7.841334254842518,29.467630050915233,0.3997724984505587,Nitrogen + Potassium
24.33933124961746,37.6777594845523,41.69544607316682,6.640750037353957,69.18892293932606,0.3364631105256764,Nitrogen source
38.65832419424128,13.49860081699707,80.07952427553403,7.180717611989298,69.39428174751194,1.1483844764705735,Nitrogen + Phosphorus
86.9402194055292,17.03853503505956,100.10980434604433,5.02557781040478,60.04529739651923,1.2589397797613415,Phosphorus source
34.92547339613041,28.384308088243692,36.631003317046606,7.868347324082522,39.46108494687473,0.672501866450745,Nitrogen + Potassium
65.24877651425916,59.790167154374245,82.65354230452452,7.477130712944046,76.32164759440026,0.5316732665386255,Balanced NPK
32.758525041690845,53.73999448468487,26.066123558280584,7.252123555201683,76.92132966932958,0.7959896357077023,Nitrogen + Potassium
33.61778632557505,79.61560587797653,52.121989111297744,5.398547451237488,39.128264443245385,0.3139589592366022,Nitrogen source
19.151787235897636,8.563663812759396,59.96346324628357,6.606524183289151,61.33967702093775,0.9074011416008674,Nitrogen + Phosphorus
104.6177484801471,70.46716665836696,28.801221374431158,5.1444416597976925,59.443024777272946,0.21297647574714543,Potassium source
53.32635121344489,9.050161894016014,60.47632626845892,6.573883433279288,69.20241727596513,1.0392787495107805,Phosphorus source
54.275671949517104,43.201349882257176,70.40442319655148,5.791550206668974,64.27786615234456,0.8073638357874449,Balanced NPK
80.16285845151943,7.388577392111522,22.196758847942583,7.063433276035089,62.09643312435651,0.6170383024690622,Phosphorus + Potassium
114.03015452090638,68.6977500549757,67.69388971901222,7.239649976505749,51.52168804003383,0.5973564683734154,Balanced NPK
16.88794729750188,65.34269040019913,60.661307452910314,7.946496741925381,36.21754860983174,0.21856959138774873,Nitrogen source
23.960842386500012,16.79231520678732,90.4073055892901,5.112241794071398,67.35263387748589,1.0978797369931712,Nitrogen + Phosphorus
45.56733048891886,44.14767159146173,112.53895172738189,5.244099276701604,35.434564500281084,0.7083026571170357,Balanced NPK
115.948306687051,78.14204215771402,102.54916962934129,6.3369882721319675,72.25791254399726,0.8292850293802356,Balanced NPK
80.84627325808462,74.59253344315762,37.288456853933205,8.012728825890271,37.947218248484766,1.3326081354836468,Potassium source
70.32626207890358,23.547937828305276,94.20755867071517,5.4030291933903865,20.035762774362098,0.3926164448192282,Phosphorus source
102.43681105630057,70.34389941593324,72.98664013208042,5.977809738136529,37.5946090962362,0.43868475257469836,Organic compost
10.419594118435494,67.97267211905759,31.409381353205962,5.276829182998912,19.226471051465175,1.4038796026721652,Nitrogen + Potassium
49.95519882543153,53.606589402396374,13.441494440704833,6.851906378868638,62.266924690929805,0.2852611400132966,Potassium source
42.88201582687948,29.151423834522948,107.60155261903162,7.328062009092724,70.57536483326632,0.6882049632864393,Balanced NPK
75.02431023174466,43.830688995651116,40.37139185998686,6.478470164256597,27.14823544612645,0.22105423287817955,Organic compost
116.49860500640953,76.85566009643402,100.6635214813212,5.610989410192589,11.411568995191935,0.45474004326749534,Organic compost
105.87189426577453,16.489548886093463,35.687088987842245,7.419397692489333,43.42027992154114,1.05020585826407,Phosphorus + Potassium
71.93682635018521,47.93562849516018,106.00061370567477,5.762143480794093,19.744837253365212,0.7263657783961124,Balanced NPK
68.8078792309281,41.782259522490705,69.38362997811942,6.701632017722315,46.251058389206676,1.4114954891831573,Balanced NPK
15.487000310500154,75.62386414881736,74.59344943906389,5.1674101501124685,13.741992929880222,0.942973935608256,Nitrogen source
85.79839458005601,44.02106793247996,59.3750490269996,5.969693620133181,52.46087468934995,1.3668662737963055,Balanced NPK
56.465465391411016,57.17692654250313,11.91086081733084,6.574766335564922,63.32043627110364,1.2944833334326729,Potassium source
69.07723067550401,47.48858819387501,25.228211711269903,6.034212337899368,56.71785435082748,1.1969237497337144,Potassium source
19.01075351029835,77.07082678616423,114.8923972030766,5.656588165379038,13.1642618115421,0.6433485498862995,Nitrogen source
115.45647734879768,38.225935906648694,44.50619459868662,8.131402371095142,19.39904232842132,1.423417699701019,Balanced NPK
98.98979053291461,33.768345033467114,96.61075016409207,7.64640985949965,50.59042731600229,1.2158811597203902,Balanced NPK
65.01040468886131,68.18102021420592,97.26142895707015,8.172155810983956,65.82744657671282,1.3972301991979423,Balanced NPK
29.599068574384393,25.798405713524836,59.771428009752064,5.849862440083048,72.76920869798329,0.43369445155709596,Nitrogen source
60.47787205867252,44.122697644292224,106.0360043974128,5.907003530037437,77.87198222865455,0.5795433421089871,Balanced NPK
27.929121875673488,24.018665236725305,106.918632170413,5.53344176886827,12.234444710400936,0.5790685657582926,Nitrogen + Phosphorus
69.90076442618921,31.748895392490184,27.678779264033025,6.274650045081036,58.47995637956477,0.7669352881472753,Potassium source
72.99953902042998,76.02892779019571,92.30630835490342,7.813412498228241,30.160884718089186,0.864800897413037,Balanced NPK
47.9058460874616,41.339564354057515,22.306343218507557,6.814648574808121,46.807050730632795,0.947470448742743,Potassium source
35.807086428646386,21.608868485635956,50.44972939564995,6.8819451410294015,33.5743701583967,1.1179823014538515,Nitrogen + Phosphorus
74.36354445915404,13.463669868403425,34.62902796740647,7.116129087227254,47.23674105634812,0.6409560403210314,Phosphorus + Potassium
28.90709615706805,74.03238857763291,59.438328231147324,5.743910823174707,60.46266604267116,0.5326962191287523,Nitrogen source
39.220354060115724,67.02919334764697,109.86329388729327,6.638300709403964,54.26027805123461,0.6693077844541012,Nitrogen source
79.69871251482539,59.601152846345826,89.31093127713606,5.14246660495136,16.902813740234535,1.1203460656134898,Balanced NPK
68.50227679348944,75.74969817188935,21.391687158963563,8.463862036698384,19.347053109043657,0.24086627437210756,Potassium source
108.88898734477307,42.80321998707119,41.53514093734123,7.0013040605688435,36.42700637052375,1.4851978072313252,Balanced NPK
95.1382052324391,54.19546694937275,45.43024043736345,5.090455514425498,65.81572113037105,0.2621468136168279,Organic compost
22.444890309470956,49.1747122203828,93.26147238521081,6.4313053788487435,51.233570235425994,1.4657381769994615,Nitrogen source
40.94216424736844,8.297853116229952,34.40610119630989,6.5626492021986484,64.41548541081833,0.7450304905278189,Phosphorus + Potassium
74.7805937602286,47.43564410809229,63.66105374026846,5.556558278140063,14.761407013435175,0.46386605668626935,Organic compost
39.72169618196894,19.067566542012656,31.169837826611534,7.129370006996822,41.81522426446604,0.5252681451911347,Phosphorus + Potassium
35.93729455159439,15.74263238223504,86.09826350087224,6.665774170140129,56.518206474291716,0.6920052358174494,Nitrogen + Phosphorus
19.350984676410754,66.72773669363166,14.573724905557969,6.28620089854162,50.959213455844136,1.0638436508967861,Nitrogen + Potassium
62.992506671364005,64.91780089585603,62.75466523761994,7.925363212425596,27.279951045897157,0.8142982082371635,Balanced NPK
13.403081898014314,48.36207111649859,54.281241963968206,7.38415921039085,61.963357189062634,0.7629127030361418,Nitrogen source
76.92743079507092,59.90240458165404,102.04564185110581,5.36794714389208,48.353686985584986,1.4022705590542701,Balanced NPK
41.243297923450285,52.145734957529775,41.05466337497798,7.81346386556576,62.035857414794286,1.4343617968287565,Balanced NPK
86.88543973221407,41.684004764732585,69.52283980980138,7.727952192062314,61.651914928084985,0.35315310650836607,Organic compost
42.904150173836435,56.1868994817561,21.097038960381397,7.309546002338765,70.44080827288204,0.6780658396019781,Potassium source
33.98031512525476,69.05129882896445,62.96821577735117,7.912895780562904,15.466798915035504,0.47532145187305586,Nitrogen source
10.114471022234097,38.61107634430512,107.030856910678,7.258470973286361,11.248799935613631,0.23216781566592806,Nitrogen source
89.23444848897304,11.959988356068887,34.227555831170676,7.444513378865803,27.417622712062975,0.8372486162088615,Phosphorus + Potassium
53.48359739378199,30.783235918252828,37.78465216053278,6.426297733998297,22.795045225560102,1.441084287106759,Potassium source
44.805314286096575,59.67306273879031,42.191803933465785,5.91768178006884,43.78988291516654,1.152264983415969,Balanced NPK
10.43099079525814,17.833275900616027,95.17537859183894,6.2353845712832365,69.87752668803336,0.3732053411050681,Nitrogen + Phosphorus
99.42931164435957,51.65805076479373,28.533812814368297,5.043204509005822,71.69724177438952,0.5755460932862034,Potassium source
36.5502028190585,18.788643534703183,49.051183552360975,6.833507125381448,43.438299443660874,1.3065856017540933,Nitrogen + Phosphorus
31.707402285585246,60.98979213169826,110.01380448294734,5.129026192529863,62.58503296135929,0.5568237611129458,Nitrogen source
59.24618708358476,9.580565979043744,42.37822962236133,5.3923430805359285,26.300330229475783,0.242628478824781,Phosphorus source
113.27674220097475,72.1491203719352,81.60946692875072,6.138214759589735,76.0310919603884,1.4633603055737037,Balanced NPK
97.39841601521059,56.12046338655422,46.167840841510746,8.091488698985136,44.9940425014486,1.0220533207088656,Balanced NPK
29.056845731767716,6.607752422393485,118.62681979828014,7.175176179443203,57.971521752017416,0.2655084813280455,Nitrogen + Phosphorus
56.36326215615117,26.319152531559162,101.92103958174279,6.699365779099566,36.91602722774864,0.3922061903343347,Organic compost
52.19017445608163,32.155782240724776,96.57008025962027,7.96632098204352,36.54683917501176,0.7333703162294316,Balanced NPK
117.27476251336627,33.36483221239888,79.14784361175992,5.4717846369591925,40.02207745984807,0.5140770022873995,Balanced NPK
36.72026776938128,22.555783817796566,62.21682708957248,6.029500487494474,67.17561020694211,0.7833305788730309,Nitrogen + Phosphorus
16.03419454512111,37.898847562633144,20.913780944385394,5.515032905272696,19.47075410728845,1.2306484483270836,Nitrogen + Potassium
57.25010362328049,5.07324069038347,66.28809771242882,5.704361162122355,60.213436698420594,1.424118709165434,Phosphorus source
28.737712697817194,25.734649725810286,88.35109191082553,7.213309886847652,67.98329640859708,1.043939474342527,Nitrogen source
31.005981676459754,67.65171941465664,27.688865006457792,5.293376761543596,75.76549023553868,0.9589406066001149,Nitrogen + Potassium
46.4271159649469,24.228188968868494,19.317501259679112,6.959869204793853,70.92088171496295,1.0839010418263932,Phosphorus + Potassium
93.82202967359768,49.88177003981868,11.08728435851397,6.55782241519597,12.505199845203617,0.3056937333959201,Potassium source
29.32825508146891,71.70335890261451,33.6632986715894,6.581171081588092,71.35349299772105,1.0815525969940938,Nitrogen + Potassium
24.591418466984585,39.67544573763413,94.80306642821775,6.55359745093707,25.21975865789926,1.0365639540590494,Nitrogen source
54.831012600945165,43.53179727912318,23.747245713139243,8.167654729629074,74.47266258378777,0.5942160350572009,Potassium source
42.187117269092546,17.795140618029812,74.44152230738422,5.696690276912058,53.014368411009,1.429454681194739,Phosphorus source
29.89266489453554,21.94288474832225,20.030987097453128,6.102230159098166,71.71321235301686,0.2207373829902204,Phosphorus + Potassium
79.99035327718923,33.80185178395205,44.930016056608885,5.602689749113495,68.29107146179831,1.269626060995166,Balanced NPK
14.499985690030021,48.24274920408388,55.645451249511275,5.021844925115521,31.37358122149,0.44442578533706456,Nitrogen source
93.97937208579174,38.54855812684275,97.78053348985215,8.390863249877832,38.09677694710629,0.9220245763217818,Balanced NPK
117.01795941457567,17.470681409243397,15.95923891335945,6.643659532306961,44.15087405952862,1.4077313540705492,Phosphorus + Potassium
60.11967080303725,38.298232217476496,64.79280868377867,6.559669674876769,72.91359839730669,1.0031459516482824,Balanced NPK
97.5930992082813,16.59671292432874,106.35735365741003,8.39516246867779,76.98156249069797,1.4776061808987833,Phosphorus source
86.70640378824021,55.36285501576681,17.407274258346764,5.9902225986205035,65.09361581043115,0.6694283472012208,Potassium source
78.25718554474675,48.98665765098734,73.8782870936063,6.296517335913623,71.93755778998474,0.5236416677412654,Balanced NPK
94.74055200946644,6.903349901128381,102.22470132748904,7.6534110445089905,78.5264905814497,0.35701082915484994,Phosphorus source
98.39697440116606,28.17688875266191,37.27229504503781,5.717623554884389,60.289971492775344,1.4251958234565,Potassium source
81.73862218702376,24.935661666060344,53.981411351179524,5.843579042962513,14.88512555830691,1.1975217465187142,Phosphorus source
21.491288309422142,53.69792072578256,57.109944010242266,5.254268236465376,31.105629484518442,0.2980872271321099,Nitrogen source
79.21852022982978,55.03902060122462,108.42403636942097,6.001570539726363,22.33152591957765,0.8169681539513058,Balanced NPK
99.58532042255376,47.43755571181008,113.8369320342771,5.310595654158315,60.34848830798424,1.0620179614304595,Balanced NPK
36.77505807947023,20.593849273905263,52.02227364519624,6.128825939554109,33.44849354658216,1.1388703438967667,Nitrogen + Phosphorus
19.933720478469112,61.12455649440789,64.93543912001337,5.608946109765275,56.86259867243652,0.6859140447603359,Nitrogen source
24.623279904821622,49.0866104147498,45.19316882395937,5.992538835516282,43.44502287325665,0.875815626205765,Nitrogen source
87.31469855100289,41.91319913217356,68.68622464492236,6.996551297808916,74.90855886517315,0.3316297596534191,Organic compost
82.97372141020485,7.80289970240902,38.502375788756154,7.768276146659109,35.29612875594072,0.2347066889078188,Phosphorus + Potassium
66.46696561845629,37.830139229813554,111.9519934373334,8.297757387877791,29.51596064411662,1.266408531756444,Balanced NPK
66.62078870426943,45.51253595210922,22.55427943336125,7.927843930471898,52.416722222819864,1.4417566541284854,Potassium source
96.11932007715764,39.996602548220565,104.30049099623568,6.113756010066123,70.40845995464805,0.35061163031666476,Organic compost
47.01791587818212,70.11826023611702,12.636553197426775,8.040057351793314,12.806109711513514,1.0565644019870375,Potassium source
80.19321585789274,9.315137719971526,102.20371151946091,5.300718614163617,69.59601184340093,1.4780677100205917,Phosphorus source
83.9333157814342,74.77014088594876,78.78525371963487,8.433659972308474,65.77892544533532,1.0830612624811877,Balanced NPK
118.77992982044566,41.289271179993,63.203157099294245,7.980738500940657,57.20026790683483,0.38747548224397477,Organic compost
43.8770425571225,48.852899854213895,11.760827757089393,6.786382246905097,26.37562611884176,0.5078359929219401,Potassium source
108.48722623162628,26.163981681966636,108.80654913656696,6.868022321839041,74.95061439175953,1.147991799637066,Balanced NPK
55.54238580201332,7.638994458353286,108.08093141381597,7.475689881219374,19.433208675385988,1.4156984214946595,Phosphorus source
63.748028876047286,7.215983386540488,42.546357916513976,8.00931226551414,39.338024653481824,1.2501183205739694,Phosphorus source
54.304819375820976,15.046236862192718,31.40823656456343,8.084222299481647,22.686650806166686,1.4160787033010913,Phosphorus + Potassium
41.73955584260264,77.87276759701963,20.651735769714044,6.919377246169389,12.490779059084936,0.5335696124919702,Potassium source
104.08915794745877,19.025490602158836,108.06783014816486,7.064325127456593,60.86060036400268,0.6672378101595364,Phosphorus source
118.33889836767688,66.99321283331108,110.29172520228089,5.510416933655675,28.676529198503683,1.2932915938597254,Balanced NPK
83.64656973409029,33.86352124848963,61.08052165020224,6.534880856034146,49.04959839614603,0.8357424298375999,Balanced NPK
60.0194306077633,29.576432020397828,59.37518074273679,5.621152524528512,23.360661884858118,1.0947748125346,Balanced NPK
116.10280010443638,20.929296548971827,110.42350205524842,7.189498711035702,76.69765492688765,0.7138294222182715,Phosphorus source
85.9342845505357,45.78931347627846,117.5243561954545,5.21173341483434,14.112433625829858,1.3233852421049535,Balanced NPK
15.884600466648969,73.05268752847171,20.342052032638136,5.393503727226452,33.15341172655985,1.144806139605671,Nitrogen + Potassium
73.46690860383745,73.17167409763601,79.26011264413866,7.084948639744989,49.92598644980914,0.7278721201618332,Balanced NPK
80.30998714248776,77.97875419373761,116.93603807888226,5.388072887080368,41.890099688484085,0.9700351502453768,Balanced NPK
88.751755271851,27.538929142264998,118.12286408285432,6.453403682822113,29.97552509529839,1.2140923613321581,Balanced NPK
74.6855146302181,72.84050160392475,21.700338715196665,5.191342159799851,76.02021801749092,0.7797871475832217,Potassium source
33.77719939377887,60.73183724052659,119.71897976640926,8.495601189132465,77.42224812751112,0.40357611760460355,Nitrogen source
103.53599628922939,14.315789914992639,49.25034419295148,5.624146362976654,34.921455323793126,0.5223422691141958,Phosphorus source
108.64848854008028,79.08056397383564,29.117414607601344,5.453835994124064,21.506141429217585,0.9353949787575366,Potassium source
107.02886583875195,60.91255245868549,56.426249975424795,8.356690017133516,47.697957122713284,1.2202880357043688,Balanced NPK
64.99911903421827,54.96800594623372,51.40264317213727,5.183927838181097,52.88319282909499,0.5755105356482539,Balanced NPK
70.57004654228214,53.85602151531202,59.688361871009334,5.549736233012694,66.36258360191275,0.4241900085883864,Organic compost
24.225684139122436,28.801759325878017,16.40235877811654,6.236282573038406,63.03115319369764,1.2273926756066331,Nitrogen + Potassium
60.23938592021235,18.77259562462973,117.11181989370657,7.883369776670457,10.366876278677466,0.9891174961773566,Phosphorus source
113.97787370384376,74.69099875067455,53.937433243172954,7.139739411275254,53.1431852247176,1.14899789381796,Balanced NPK
113.56471640962572,39.9842561177428,16.78962025757788,7.526917664523489,76.22920218307561,1.3317589312219091,Potassium source
12.694902752795763,71.19716272107597,26.201672001527456,8.425891047880752,61.89052419100912,0.36399964132171214,Nitrogen + Potassium
21.084626652785055,25.841036945191373,35.23998248666055,5.014096070140654,72.32434459904518,0.3644138776300223,Nitrogen + Potassium
118.83036371181335,24.79412036853007,73.1898276781136,7.444342160124453,31.082723231214807,0.79275892572346,Phosphorus source
95.02265299702572,9.846473136797947,49.78689212966483,7.764947149118173,33.23777533795396,0.27704861521092394,Phosphorus source
30.65268987198927,55.78297903544836,116.42206560206964,5.800754894792299,46.227012457917546,0.5126632952238711,Nitrogen source
111.56380732592812,72.50838825368672,53.032391085185694,5.129714764078839,52.526960405438466,1.0160491693970155,Balanced NPK
77.95129953448058,27.200424893701634,12.628791201676702,5.112545340313647,64.52464812996746,0.8904346370538401,Potassium source
39.830072645343535,73.58970894751705,107.27580666549709,7.856534306959103,53.52721009691183,0.999471230029763,Nitrogen source
68.38343312401409,18.740193434791905,90.00560253390195,6.822589599549663,48.220461600717606,1.094950640150579,Phosphorus source
50.92138332140815,57.82922260530431,37.298782515425636,8.029209415442224,79.02499688709196,0.9693881456304079,Potassium source
51.97672087189383,26.624897649678022,108.19972308567061,6.143462081577067,66.98389072816298,0.7311536126504472,Balanced NPK
106.76789401588508,37.38749314574693,73.57291685370896,5.429271118078439,78.28882336437783,0.9318777973434393,Balanced NPK
78.12923630053348,14.409098836171129,85.96024811570771,6.492592752492696,39.62130239830671,0.8152695765550155,Phosphorus source
68.95228701917024,65.26154984272561,47.61225872259473,8.082567471585786,17.756568643702742,0.889728545473071,Balanced NPK
84.58848691603853,77.77900497600214,53.799317773771136,7.3746624739406315,65.04217144322931,1.2823444794627414,Balanced NPK
110.86595302364017,30.941108627014582,102.67150148857367,8.349198712793616,42.85597092813016,1.0986069384623245,Balanced NPK
45.52868979706148,24.223201568636323,40.57617384618919,5.179975563557588,50.489400945212275,1.3203131299111956,Phosphorus source
41.58179885585007,7.379390387370719,41.14413839303448,7.7020690446536335,41.333538683144006,1.1972548627211343,Phosphorus source
33.87249047714232,53.14625472795278,90.41056888826895,7.832190879862417,57.88430771908747,1.3840193253153352,Nitrogen source
23.861809456836422,46.298815103296704,59.47740516791582,8.497489617220447,48.45455029597245,1.0908347333792057,Nitrogen source
111.09340024065489,15.686860344604337,47.32168494772866,6.131604374356111,18.184252369862946,0.9280004478887738,Phosphorus source
43.720965837928745,17.387494181068774,12.408164156906214,5.087691554511118,37.353362700747994,0.9942135708024966,Phosphorus + Potassium
33.38213816427765,73.25960991471437,33.120377967764625,5.946471649693594,31.29151276810641,0.40507683092364966,Nitrogen + Potassium
119.90001348036797,58.77197959155003,43.04308084849764,8.406138759828515,54.43350191564255,1.200149416706187,Balanced NPK
47.80717280823032,21.254662856440515,59.47861278540665,6.458501761726706,78.91830505780959,0.38865534149201625,Phosphorus source
24.868912159013682,51.58879567237232,71.8107879142359,6.911797690545328,38.84214238962357,0.6694584033896906,Nitrogen source
19.58442204341955,64.43591465979262,59.11226143572231,8.140481673910385,44.69208448803373,1.3745981174497672,Nitrogen source
111.64088919879612,46.94057792370218,97.71941784726161,5.3637400046530415,18.205839534872943,1.1103808815963867,Balanced NPK
15.594681236980048,58.35765104718428,35.37204907598448,5.821680526995011,35.21654867810283,1.4017807983895303,Nitrogen + Potassium
88.16962754931484,61.362565409303905,96.13614526826441,7.910670004359434,21.92347105633059,1.4244039210844188,Balanced NPK
53.67097708184761,47.129230177589264,99.1292695218277,7.984037027781363,45.42744809243074,0.9081316001994411,Balanced NPK
55.055868956896546,8.714152053826371,81.23688748183305,7.370226645322467,43.10939064988333,0.262541997401764,Phosphorus source
72.2438714535358,12.730760331546938,59.943263657328046,7.7944992108078495,25.891631457288796,1.3945525876099187,Phosphorus source
87.91088377490215,24.31133407246891,35.273569915736346,5.2612206858941635,71.17208250353079,0.28192762403170013,Phosphorus + Potassium
78.89348953284241,61.35915068186351,38.061944379657305,6.33143816406092,30.568911725939675,1.2422506184766242,Potassium source
119.49568936647788,77.79480039309352,17.645402497797406,7.372362192519503,50.94769826688187,1.4090486382455647,Potassium source
73.5736345704266,39.30938109446329,59.381810106017475,7.987656555421442,57.04740149469566,0.2962755428034601,Organic compost
112.68755091171207,55.905386318432,27.055439688768185,6.642707912227099,27.54626980514235,0.9687893658014131,Potassium source
71.1862405413578,77.76969841940983,16.067939846721472,6.576110016337541,22.802064078212183,0.2286191469111816,Potassium source
95.59802116093118,61.82357837872214,112.76244441434076,7.059075572565011,27.905747226388325,0.6718795556859182,Balanced NPK
76.50270112359287,52.1593436804391,14.685183418246245,8.187498241573026,74.82415379852785,1.2380648249900026,Potassium source
37.47848760706109,31.106145281833193,87.26666088753898,6.070084131022091,37.14213360673586,1.0687235686362715,Nitrogen source
13.741584572428668,15.337992737194964,13.95969844217758,5.929941233910787,43.67622190082739,1.2973187757557723,Phosphorus + Potassium
29.68035985752025,31.76518723694583,11.037330459674369,6.622050432806107,11.772846822872962,0.6189892009227033,Nitrogen + Potassium
101.39264267870195,75.20352934919691,50.39690878975505,5.990611565152973,63.09742243137957,1.1073579731643255,Balanced NPK
51.591394582202845,72.90171170940329,59.905186949859065,8.275592170064522,71.86834173210389,1.4329467088164365,Balanced NPK
21.968773984458597,25.02913130302201,50.81941531386265,7.6019467915081265,30.558194976579532,0.46912525850431264,Nitrogen source
47.81204363991562,28.321365072486927,99.6076536816467,8.464346223890827,31.270334200188742,0.26737431824334984,Organic compost
89.38866864442092,41.04053072203246,57.714985212436986,6.229196557185356,42.92664380623779,0.37697451183559827,Organic compost
77.33735456953848,74.73656058923372,111.10993485697074,7.583416142923973,37.25910223455551,1.3975763049424244,Balanced NPK
82.57333026767306,42.779968683992614,41.24858130999792,7.643369727130204,65.81496261285983,0.9266658589705183,Balanced NPK
41.46737441750729,34.18334439263272,78.5731453253718,5.780481628837685,42.96649484756122,0.2548335402011415,Organic compost
98.57475018205412,33.62890742198702,58.9718906193737,8.09866716789854,37.73825452903061,0.8177122136185324,Balanced NPK
42.49743020932019,65.52889757775915,57.98500676904947,6.686698152313885,44.46528291280488,1.079441859110403,Balanced NPK
69.5546908302056,37.60772255489053,82.02811644261809,7.23124200665382,59.733233566571535,0.8104954246122538,Balanced NPK
117.86482569606498,48.158104891349,97.77785229972675,6.630346263553089,33.59007945264615,0.881680940747007,Balanced NPK
73.49726177730281,28.150957300103485,92.97237175994745,6.49706750863386,56.23998821975254,0.5745212908829848,Balanced NPK
63.270112156042345,31.43490856804447,56.07869016653835,7.365795164762856,20.95304670549931,0.519072615509479,Balanced NPK
49.575103913170246,25.48522383030997,29.1931692145685,7.85938935892,21.365707372508545,1.0342466920441455,Potassium source
59.63907793905215,17.259380783520857,42.61459955667482,5.383055909005441,16.70943120607714,0.6665836088666777,Phosphorus source
93.06478043727158,34.82678677355646,72.58138611545417,5.448462533407801,71.69714528015365,0.6295081561426161,Balanced NPK
30.824543278331152,31.519242694978917,116.65763406163371,7.204994248694477,18.471120453127636,0.41051594658955404,Nitrogen source
93.8976040339594,68.40329425255311,19.06876370242476,6.028249722236583,13.307539952124692,0.36155662216377094,Potassium source
25.15875936689906,37.78934830871234,11.393318875204553,7.49641235447311,38.230657837332814,0.7216661108840818,Nitrogen + Potassium
115.8133600244944,29.8335613540713,14.537963048576579,6.417006238460258,42.69339495810115,0.8116882953507158,Potassium source
61.01057962637742,30.071374620301032,70.08218095388624,8.04742381939705,35.08073189251746,0.8955121160598543,Balanced NPK
103.23015567976495,34.89458945546686,24.994060119131518,6.513630247085011,45.321067972343755,1.3291615075842502,Potassium source
103.82914828858945,62.63695637919437,52.093820464195566,5.969274831563217,40.90087059135608,0.6154648488806032,Balanced NPK
117.79124611434825,11.330907947481219,65.63825522163096,6.344447273073802,64.06865130817681,0.9753048749083915,Phosphorus source
16.619009629460393,55.49705412911467,64.18896800936216,7.1567183337976035,16.40785144166872,0.8626968504034986,Nitrogen source
68.11927009619541,15.968316741508158,77.61127824733305,8.181251227364376,11.777767776318504,0.5287473863100748,Phosphorus source
46.20011525583791,45.818376203929674,91.4101391360897,7.313478526657313,42.32757106188658,1.4479635386335041,Balanced NPK
47.603324693660426,63.80302555329558,100.87180581548654,5.353317251548412,13.06685882860942,1.4822403564314321,Balanced NPK
49.43124417797905,55.12664929228918,13.217821723206377,7.673454652926954,34.6506533909203,0.9556981275317049,Potassium source
15.282252842250072,13.09202226963708,100.54151028485258,6.939563903244863,64.38886742851281,0.40967912984723187,Nitrogen + Phosphorus
46.05562260108894,68.83574540910797,74.4553785391898,7.341766901159533,24.451463465180307,0.9225603977212482,Balanced NPK
90.74253400600531,17.95624892541475,42.931633821953255,5.03113754112854,77.40418763351349,1.364550285928979,Phosphorus source
20.141649482312523,67.419841352245,70.06248353938183,8.37581528917103,45.66360632412124,0.4687914350027416,Nitrogen source
104.18743257688863,75.35407512871603,68.37391047930308,6.426954902469417,64.25687622984327,0.30941033279341934,Organic compost
102.6971663977331,69.5608495561701,42.540531962517676,5.039519794183914,10.686887988725843,1.4714739748548948,Balanced NPK
95.84653018997867,31.90352969577976,107.83562987193133,8.1229394571897,73.57532831270777,0.852280391221693,Balanced NPK
100.24925185662534,7.822742260882894,27.599026095473743,7.2136287034159094,17.28106010311467,0.2563336758875254,Phosphorus + Potassium
21.921301469178516,39.08146929357334,63.71429876962366,8.241023862213286,39.52535872683077,0.8686991768732228,Nitrogen source
99.78388838989554,66.1032960479836,45.92355732975742,7.536002236366003,72.01049102530106,1.270411639970153,Balanced NPK
46.118644330953536,60.49918687391574,91.15480606373454,5.847087987328331,56.88193967770027,0.31429725002087344,Organic compost
40.156307538521176,7.125920863141747,24.401991273507974,5.372561218170989,76.27408292200046,0.41297673658368383,Phosphorus + Potassium
17.978077230991275,61.26938285359386,81.33655944880839,7.226313852024068,72.43570638662388,1.0663923502914245,Nitrogen source
83.51005258705145,39.27150909830109,72.22511062933441,7.680833466433153,35.137989764607774,0.24687189942735496,Organic compost
56.9110971224068,33.267164003376934,29.994500632349943,7.480718177421352,66.31459476739295,0.40612876882009874,Potassium source
62.93340506738274,29.45948101970105,72.47662493864695,5.328807139060454,75.38861285155278,0.2827437681569101,Organic compost
100.47775405956297,19.59323945200805,94.7984486304436,5.987296123781034,65.28455826257402,1.3903914081378905,Phosphorus source
112.92311380321111,69.76703834181127,56.787929747934214,6.500571049838182,76.67425911606287,1.3586429524849104,Balanced NPK
63.342699038122625,34.84463605150552,20.36304572280539,6.265175550144327,42.97249023853294,1.2798502862116898,Potassium source
45.64497751863249,27.694468457554965,12.905870276222748,5.138593841920526,66.56352513316583,0.41340162748873843,Potassium source
116.30417048321608,9.512530178117075,98.69090604984424,5.402839870608844,54.44275365382076,1.1838138476093258,Phosphorus source
34.873273430595816,47.07228862013811,95.88014474307406,5.597722143862002,46.57288632427399,0.8924292972534122,Nitrogen source
94.44822510689443,32.10904756441161,80.9829424446286,8.325104401406684,59.6247871376003,0.22331063069864507,Organic compost
26.595955617705208,34.86033811897812,54.48180205143829,6.157105387878878,41.01854948542899,1.4263880994901805,Nitrogen source
98.49504687998318,15.415807394779469,58.86980945110626,7.385560631570719,21.463805351691907,0.26590169013739384,Phosphorus source
115.34816124653366,63.849069399476505,107.37402848803978,7.734819586812312,57.5310919492715,1.1946110084656427,Balanced NPK
67.78289018734844,24.284585124673157,20.389827524098052,7.0912802241989645,25.356522878910578,1.2699708415391064,Phosphorus + Potassium
68.85910283888214,79.6525495742523,52.39149983427065,6.467762395325123,28.86477986948765,0.5717807388623952,Balanced NPK
62.517441289121294,9.840303295063597,101.67518248415716,5.345245191815791,73.45933923003332,0.7187627206306155,Phosphorus source
60.58376527910739,77.31252311029316,91.29146254837262,5.975943652907104,31.391493107442994,0.3947592954345991,Organic compost
80.26890615355559,54.56498296466129,107.82106681173873,5.994487689009761,14.711310100540253,0.4859872021736856,Organic compost
115.94252021519976,79.11574751604155,48.873920516466974,6.714668913101118,69.23982847728693,0.8210771448105236,Balanced NPK
115.48669187046596,67.82241946123588,91.55909721533888,7.1998807374808695,24.4476343926431,0.4377255477190736,Organic compost
105.32304903896959,23.064813545339163,36.79139051155496,7.9612117135741345,13.243131046339052,1.1331136344491126,Phosphorus + Potassium
77.74745149882526,7.845237406102946,29.932513805589316,6.04973578622921,25.89721963407061,0.41998754773239305,Phosphorus + Potassium
103.9166511916656,74.36867056561476,29.259941814288947,7.0240454790116384,40.32409158208848,0.6892631052180627,Potassium source
114.8404036581497,8.434491470765167,117.2162830126606,6.111716755173237,49.86605647736022,1.4107180107535255,Phosphorus source
80.96569445168434,62.531703123344286,20.649877649858862,6.994373901422015,31.7438089010373,0.7452851482537026,Potassium source
36.11796780318365,51.1750527741276,68.94969482238281,5.448965823113307,61.05581167431088,0.5697057385548445,Nitrogen source
74.52866280864899,70.126352592766,53.74319475520744,7.238777713269963,70.35542467116088,1.0090150025197024,Balanced NPK
118.132598714137,11.09911466607041,49.90227329513435,7.459066146454638,44.18306493419846,0.5360101289863888,Phosphorus source
46.81555621602234,59.31676428122762,96.50657552093915,7.221531006191901,72.21193411307473,0.8781502311349445,Balanced NPK
100.60491642146195,13.045640372291233,118.42567706700677,8.061034221120309,72.54198309641575,1.3443950201354484,Phosphorus source
102.65041867459006,11.387208737985056,110.13921831650549,5.59083572008458,70.74695797851588,0.9260671047858688,Phosphorus source
41.118429759555404,28.612474385618,39.67202760502268,7.538673551240199,61.494335913350604,0.7558941331382112,Potassium source
57.01234874044409,20.99915891714971,53.797263004595166,7.3194138276082725,53.76750135971973,0.36877581748477073,Phosphorus source
90.45917420220728,79.23245999178458,99.20011893411424,5.027735338163249,67.54822228919481,0.23899174508637916,Organic compost
24.76923698420817,23.18890718029957,64.12727584757207,7.956162643330278,66.98300084976061,0.6841629740968279,Nitrogen + Phosphorus
62.1350280929319,17.778506478539885,114.70846442625296,5.9560788236192925,24.347390522644417,1.4837583519775523,Phosphorus source
33.28422373271245,18.62475148832993,118.11565574568601,5.26799175382471,12.320974376003479,0.7926632622662237,Nitrogen + Phosphorus
42.63252931884425,70.25243074506746,90.84648190451342,6.892248991127321,10.704122253053525,0.5452063552156632,Balanced NPK
107.95515944733478,23.62400606659913,13.046131039631842,5.808600954686921,62.96210287179852,1.3176394056774194,Phosphorus + Potassium
41.37885061835678,22.417106010799824,102.12019718569891,5.686800127819256,35.43192044002238,0.6947970890390565,Phosphorus source
53.56095895080448,10.62637647750887,102.8188339988478,5.752619642560111,35.684841273603915,1.0285113742951866,Phosphorus source
98.3981374509202,49.03063627548522,49.78192753446763,5.018520790256852,44.656189035142944,0.930915125356454,Balanced NPK
49.54440520143153,52.21270748485287,96.66213013950677,5.124433059703702,66.80053284305556,0.9676246984208878,Balanced NPK
45.80984754032713,57.040447577067496,87.42410852703071,7.652738448213063,38.887108471794164,0.9493897405003342,Balanced NPK
62.40281706265883,32.295127377080185,24.2174354804049,8.216612103898694,18.91796079356222,1.043288776821718,Potassium source
53.992683795613175,66.60643555786683,61.84987734159714,5.652625660350136,20.5472716825085,0.7089998548080423,Balanced NPK
68.83871023718285,52.2063414513258,103.37236417953439,6.310108779128985,64.68447156115647,0.4922495363729322,Organic compost
106.60830379624234,12.298839561767206,98.41786690645579,5.938252803075178,55.970720496174806,0.9071068636661044,Phosphorus source
73.59331670731385,78.5325009744487,75.83262385439672,5.753083875183837,38.73715980934268,0.32569651459494,Organic compost
46.897515173162056,26.97170134249821,80.80432644338146,8.198494014777514,29.69819674943969,1.301854387047349,Balanced NPK
106.36780934723548,52.447834010518065,86.87345479604569,7.793809086227082,36.05216174053061,1.4824100016213588,Balanced NPK
51.99734632119805,11.36449558391339,90.6136927091282,6.172448344462951,11.941519001914399,0.43278913232556165,Phosphorus source
50.627389253321006,20.95733575103707,25.00375356521592,5.568996014030426,53.85481498535276,0.3668907202476551,Phosphorus + Potassium
96.16493884248693,68.13089893347868,89.58318169395265,5.857959996656983,50.349867454850425,0.27936531762188826,Organic compost
113.69663323671462,5.552787886985665,34.36597026373083,5.290471432457361,79.63026800320407,0.25291275239857663,Phosphorus + Potassium
10.189379097903698,12.548129442445683,106.93760165239728,6.402572865092466,76.13069047595309,1.4473395963390652,Nitrogen + Phosphorus
89.87141717543962,17.665196996112776,116.81884022594053,6.533675515633342,42.515974900061494,1.0278746366825722,Phosphorus source
88.77205179542644,77.18685531665294,116.80112600172876,6.4476320062098385,19.94857244396403,1.390270172352175,Balanced NPK
23.085951016257766,46.44993500066604,28.281075510732165,6.25392283394502,47.08139382684718,1.116497188540926,Nitrogen + Potassium
117.27359621731615,73.8947521278577,67.24903169906335,6.093475439268621,47.58665686957844,0.676668602012199,Balanced NPK
60.54377915955377,73.57672538963526,66.56753550573484,5.145782171579215,57.883617706016416,0.5652691111489871,Balanced NPK
33.52382291038962,62.487876591376875,28.210651491115797,7.132470679853863,67.20105148393382,0.5907168213124547,Nitrogen + Potassium
61.946043040645804,48.322996105828466,80.5215589891953,8.401752748828137,72.21757114564386,0.4717324113521185,Organic compost
70.03534561265025,16.83815462538552,16.601199846913445,6.28837302753694,32.386266778695145,0.9416054472889399,Phosphorus + Potassium
80.53766827932074,33.91965551791518,105.39688428034415,7.946120646996386,60.48064295591864,0.6559669693777261,Balanced NPK
36.64039085749535,13.70465379900586,37.55066148961187,8.356876698098386,39.236365867381025,0.740417281931617,Phosphorus + Potassium
61.77674740472024,53.59983318190988,111.20003300564014,5.3994693935267275,67.41994502651704,0.7836165635444803,Balanced NPK
40.219226788335874,45.789207844957986,69.44257335344449,5.466832356816798,16.790005728878334,1.0149404054773743,Balanced NPK
90.89191651559024,51.11195378726023,48.82040639223528,6.945494042360513,73.44516235743126,1.401048192058036,Balanced NPK
35.5517932738956,12.130825871958768,81.85821128830996,5.610395102097908,66.0743734489426,0.5650751829121601,Nitrogen + Phosphorus
26.552532865651067,66.2067137457147,32.935926232000696,5.03093564709046,67.52338284474436,0.32196124417863325,Nitrogen + Potassium
56.17106148626492,34.685813610150355,25.728816769767832,5.123132220135577,15.92827943416766,0.7557682175892169,Potassium source
115.27988966021051,59.37071309793157,88.62714832379959,7.343992683545936,63.83825706512173,0.888272365800395,Balanced NPK
118.41630570387578,50.57968719290959,79.39585193174241,5.074097016727882,62.82560540019797,0.6626392461209865,Balanced NPK
95.11526385813795,68.55998416530028,12.451927892008193,6.34663819990508,73.34611392188174,0.3663292681924084,Potassium source
91.87363463559424,29.24151419499098,66.02937615169998,8.162683492374658,54.306733975074835,0.7637986759896194,Balanced NPK
86.67974646972714,21.71686483037352,11.351718873731498,7.165134069484379,70.27868933210468,1.109448439805669,Phosphorus + Potassium
67.1356257252055,15.749430071479072,19.34202347325266,5.979570666092674,77.42606110574542,0.8004840139526634,Phosphorus + Potassium
98.51489132343508,5.969443279423654,61.98101363465532,5.864038515585443,76.69194623971177,0.4582754355054781,Phosphorus source
15.468721074044787,17.15104335932179,16.93756631287958,6.10385547297055,79.69989380737778,1.409705652840674,Phosphorus + Potassium
72.91465306947023,67.32698535174505,53.99068537146759,8.118554135596511,24.70841341297497,0.7241205395139636,Balanced NPK
23.267298440456507,75.24486050732327,47.19961753127659,5.860960351630148,25.52843806211013,0.8161260157803112,Nitrogen source
65.44783513188159,55.45795580574548,99.00711470717948,7.459392308178513,44.48013779911536,0.8963908100220457,Balanced NPK
117.2910016977533,38.53138545864239,45.36425013528525,7.259737638397814,57.09506094961531,1.4186129143272679,Balanced NPK
48.741049527682435,43.22613460464444,78.67512754924942,7.480702396456834,12.803825396135764,1.3704328931277012,Balanced NPK
29.536877086266873,21.890409068427328,86.38057195715845,5.696004219062868,19.34860942647283,1.4341467220847128,Nitrogen + Phosphorus
80.73744306146327,76.05212554413384,16.941226112915125,5.124078308793163,29.55705446134386,0.24993533215192468,Potassium source
58.23959349316194,77.11485706061582,49.25715309001632,7.562860180721459,55.25042290024244,0.24191351929136995,Organic compost
35.52745122883444,52.2539395295901,20.124052471339706,6.6007308221386705,57.43165336492029,0.6417541422048795,Nitrogen + Potassium
44.334701051484515,59.24352697144477,56.07256243177162,6.861929027955011,23.983188604816696,1.2264600545076152,Balanced NPK
75.97110941248802,77.96903759564518,93.16184621131129,7.097818029179109,53.009437114820884,0.6328816573089915,Balanced NPK
58.99783904730242,55.49609648273256,66.65356226222355,8.339943100924584,48.73800286449888,0.2165249815901058,Organic compost
23.887434706321287,8.461027128359392,109.34403984708685,6.103058406484039,68.52978334713032,0.7792502352136494,Nitrogen + Phosphorus
111.25314493804987,41.16606042498546,104.61388364405416,7.350957584798741,28.63470943101536,0.9495163432084881,Balanced NPK
39.48257739641522,19.992144675496395,45.112502916009234,6.0384025857017765,44.75930199641353,1.0281822410838966,Nitrogen + Phosphorus
116.41689247257695,40.18777018297012,93.70662041397314,6.718645484678385,40.36639943293253,0.7360258814537861,Balanced NPK
106.32654834184014,15.965199201954423,41.92081783869945,7.523113185791972,30.70487958990885,0.20287767536132872,Phosphorus source
33.839192278035036,7.204018443618008,42.161129917024915,6.143515442677889,76.72603821703757,1.2503916537484294,Nitrogen + Phosphorus
23.45406628230731,14.213311679676464,119.66931361351762,7.350365085452983,53.7849351624442,0.9650374192938804,Nitrogen + Phosphorus
26.468064698447108,24.828169138812424,57.56129630411388,6.562243177121344,77.95391832132135,0.25689595797059794,Nitrogen + Phosphorus
11.617212392260331,73.61665311591078,106.53129144571504,6.013560278615073,32.492756013892645,0.9696446227681448,Nitrogen source
32.22488844338679,70.66035984260702,39.651329243848174,5.209722232209876,47.29207522552612,1.1534715669833353,Nitrogen + Potassium
115.18638117843118,51.86580794195358,21.204165119877693,7.318185581869932,16.476590675377565,0.4524496929210721,Potassium source
42.62773889692537,9.160440531144662,50.24682799763403,7.684573172230362,13.76101443389398,0.8446064858006763,Phosphorus source
34.89321603102579,47.478404084133984,64.15938091012774,5.581127553839978,69.68379368418994,0.8506112632113847,Nitrogen source
118.4239159657031,78.85168325935774,37.61667746463938,8.090675763305288,60.36853316165677,0.7618867390786699,Potassium source
99.6637496224023,36.53024440683333,64.16489163312052,6.3013331663661365,69.05060958438978,1.3787173657505019,Balanced NPK
26.63927887536162,49.23620264639376,22.860692844281118,8.098915967220123,25.41530151540338,0.2468982496222466,Nitrogen + Potassium
92.01932781650913,54.96721012613799,55.215666714258504,7.1670075289016415,63.98491676379224,0.42114836028517777,Organic compost
43.499691817850824,41.41719052646772,79.64677342555285,7.147870568456458,44.557649134443224,1.0598892402344908,Balanced NPK
12.310794358977198,29.265608990939487,72.96886583550794,6.0717665753376595,75.90958037351733,1.452723642128421,Nitrogen source
50.85056618650406,22.364712329359552,34.66666427293468,6.553893196377254,77.02747452030363,0.5074237104388974,Phosphorus + Potassium
46.418645049474925,46.937520723424136,72.68784825752155,7.3189687497271,60.957547447282785,1.228710476342044,Balanced NPK
64.03724266367794,10.33617283985777,84.38857456423483,7.073905686353971,24.985871227983075,1.3100284186750728,Phosphorus source
91.56582441198209,36.64315678593706,116.56570061640826,7.368794415186504,75.09655591876295,1.147307917316965,Balanced NPK
88.15710324181272,21.342900018700746,56.106932649581594,7.225797345101944,67.97790290160849,1.3845720813757687,Phosphorus source
18.997239549053653,58.61083650033885,39.26323940574808,7.484806878118037,32.2186994473994,0.9422056884650853,Nitrogen + Potassium
67.94359319876558,70.40418416657336,81.92312878082718,5.850399741269227,54.0255943286318,1.033042358769491,Balanced NPK
50.0750116971545,24.709385245982137,110.06069018292675,5.538800709166647,19.91942088671162,0.9658814824219857,Phosphorus source
43.92175257757536,42.81720467036414,39.45530701141348,6.28832158929443,38.5745179669066,0.9306263126811187,Potassium source
18.66607752581794,37.41444100495566,85.60403264326588,7.482084563854387,28.964607493242813,0.906510484485509,Nitrogen source
52.26257131839198,7.761468616840085,57.50311994398727,7.3576370753776725,76.17976237048653,0.3457852941771896,Phosphorus source
57.01830304161494,75.58670141706854,61.64095339823075,8.127997233039471,57.75112234028187,1.3257954926865607,Balanced NPK
93.41179709302445,10.415564478574877,93.87585758611341,5.447489595666127,62.40158115692697,0.7447649014073148,Phosphorus source
85.32382841360183,9.539642396483359,22.541263365753725,5.373038398321842,36.28613737390424,0.4205522837676101,Phosphorus + Potassium
10.869638971738663,70.93530734903437,92.6814208445205,6.989666048803777,60.69573652442266,0.5930868483737963,Nitrogen source
87.61676711695257,44.00037007385999,19.772315399420243,7.3261582861684085,79.54584549885175,0.5328581164380224,Potassium source
10.5005381277465,61.30421666979704,40.67143772321331,6.4182615548400594,10.544001494458637,0.28383015813224166,Nitrogen source
87.98243306539332,77.30739592249098,74.9577729086926,7.948193704550346,24.406255153811536,0.28790075147293004,Organic compost
48.174832164274285,20.61383272987375,77.8317985022346,8.347100329936131,26.185373443916404,1.3723309586987635,Phosphorus source
69.08889150745009,12.653822970368088,68.95945037197558,6.634718729856057,62.43105116531314,1.1732905234449738,Phosphorus source
80.51241400305288,55.08813469977715,76.80287238200602,5.828699461167617,74.78775117305041,0.47532645498908144,Organic compost
75.46679953733663,63.03284732419909,19.20479440912741,6.57560823587241,12.09165826173217,0.49408428485294453,Potassium source
79.97724357492191,73.502428732824,43.466371650243836,7.9221426777803945,46.740153348635616,1.1890993609709153,Balanced NPK
99.11248302428318,52.69429504983042,56.499968855284386,7.044303371039465,58.381986640340884,1.319472803719042,Balanced NPK
70.31814459634148,70.52193191471324,52.75436504300379,7.657810169377592,52.673920899436496,0.30077271713714343,Organic compost
65.23157802371688,62.276823708039466,83.95275298247458,6.972279902325807,65.49436607405974,1.3741459467280195,Balanced NPK
25.776153371153192,24.15116352692121,118.77070205143232,5.845769685995803,67.9129244068113,0.8917454062491337,Nitrogen + Phosphorus
52.33861269468714,59.55032035101207,92.86490729968972,5.952416898808957,10.772104233003004,1.2118846028839427,Balanced NPK
85.84115679039962,14.027204293896984,14.057246211851915,7.312108170313398,52.08284613284748,1.1920897250993334,Phosphorus + Potassium
106.05336791765885,54.80173589997809,79.91824371022625,6.822269588426353,49.638522438051204,1.4662223611204153,Balanced NPK
15.121872660154375,45.77254631199397,37.22704358937776,7.538844914098387,62.40608494616904,0.5449201673033078,Nitrogen + Potassium
93.42316547703408,53.29801210522601,114.12797243743739,7.854516126864407,64.03399906253698,0.3826129686027312,Organic compost
118.5423052930395,64.7182364074497,102.68430224141515,7.6308305913240755,69.82210437363875,0.9914769530902106,Balanced NPK
11.443641827039103,39.758160607307936,37.3184142244974,6.0893575783654885,29.289356105050295,1.020652083722006,Nitrogen + Potassium
96.67573159261653,70.21083434989973,106.14490772849399,5.070720223838814,62.793209337523635,1.4090029059934266,Balanced NPK
95.10304830281471,13.736605481575404,115.31621482181039,6.757431360500252,50.19199994397214,0.5678400034023704,Phosphorus source
103.13049610738545,70.77921768197858,99.74919607576864,5.724895316780666,18.903299459101184,1.4693586108797612,Balanced NPK
105.95589123492134,69.23545573043607,95.78821367229344,5.372834461307118,46.02969223539543,0.35004099850428033,Organic compost
56.488055188821505,17.11800214135667,62.74221468802215,7.350741178211489,68.87176405732052,0.3048033456490633,Phosphorus source
108.12854662520112,19.22572280737232,113.78274925854669,6.6862962024803485,13.974999692316358,1.2281520554665435,Phosphorus source
15.192890955834123,52.056569959619104,97.65992828801642,6.620130715784811,57.681705158641215,0.9442781642502527,Nitrogen source
17.734634509445534,57.006351725250155,114.79258862997679,6.199897307266774,18.830870782320023,0.5332365621568727,Nitrogen source
79.91019463393216,78.7573365021168,99.2903883040361,7.733703883825763,35.22416187001076,0.9930293380293524,Balanced NPK
54.4591068472871,9.404762165455082,64.04965047111222,6.917602224011975,69.3312548877166,1.1920852814957248,Phosphorus source
59.95721153924177,42.31673713626855,97.18666706485716,6.011758801534333,35.19443695548775,1.3747032319334702,Balanced NPK
93.62557245799793,75.7478538180781,106.67406431029784,7.668629452042999,28.29841633498131,0.8772889183266313,Balanced NPK
55.835696231946216,34.270077174312924,95.70677995533305,6.356377056611953,20.339641940575113,0.6531353603591126,Balanced NPK
98.79169891805363,43.0827500471615,11.39079812062452,7.1809075685139705,22.23961045439046,0.3400403537879146,Potassium source
43.48156263761983,62.76617158928122,15.50653576952577,5.725248778825148,24.190481561453844,1.2696019732690913,Potassium source
37.51743049588161,48.45123637152224,23.888906643815417,7.768537392761732,28.25382386046285,0.7995248894350873,Nitrogen + Potassium
46.5113113378901,54.309467719822266,38.42890136286148,5.00146547282964,46.785081916496836,1.4673670397925722,Potassium source
101.39483037031165,79.47045291050551,58.922064432935,6.987291642584481,65.83627678241064,0.6384800163144528,Balanced NPK
22.418582591786006,17.66215365151851,115.87803418344612,7.765945475210611,30.222810582037134,1.2150456308848356,Nitrogen + Phosphorus
87.54448423575823,40.19727281119694,12.502886357557017,7.547944398082711,30.32975078636438,0.5530101451183351,Potassium source
67.86716450397128,24.944957528807223,88.80546089960082,6.0218966812854,66.47238415393679,0.7684610996771688,Phosphorus source
66.81875511842995,7.627478586923173,12.242723206285731,5.741285673081165,34.35294264002054,0.4290939416119277,Phosphorus + Potassium
65.26357004305888,50.092129536647676,98.35904526921185,6.798535682092161,35.708201926988025,1.4009390790520018,Balanced NPK
57.93064721563141,26.069357439319862,18.35597653663521,5.64597915358701,58.37801313027687,0.458013032130435,Potassium source
50.140838065937615,7.061186277730078,51.58927245708443,7.268044940491288,25.355534699036262,0.2050027376091231,Phosphorus source
101.67290367013962,59.077317641711225,119.19753701436379,5.474325079019202,57.424629960010414,0.5345660746523417,Balanced NPK
65.25098150697193,61.00313582551315,28.51599486399256,6.629153608249863,28.837373680320926,0.4014181668862038,Potassium source
89.51006395631117,24.381115007195813,68.24173325730929,7.4241306886151115,41.0132041455435,0.3733765734649537,Phosphorus source
11.342808116911346,33.65807994977073,118.95622110389701,8.404689013777837,41.38165592170108,0.7407380263427676,Nitrogen source
81.07883495549093,67.44350624404343,73.60539595773973,7.534389450354673,11.679065349523668,1.3420689194192181,Balanced NPK
69.2774680031022,41.93134610614743,33.76805543359562,5.475541866540029,35.76923882526501,1.396070393156606,Potassium source
71.51033858826065,35.897867798190944,25.309922944033055,5.216609919987881,52.44164556515258,1.4456498470422872,Potassium source
59.271089713445456,22.774612096798407,51.443841261677385,6.7857560353015,62.75558634088061,0.7895486190622081,Phosphorus source
111.92521531110872,53.057912048711245,23.264707285114014,5.399991305665165,48.604940172584556,1.2436435013762368,Potassium source
68.66289898809757,65.29266006473367,18.837830779717095,6.151173597337922,13.365356295012337,0.6629106203899011,Potassium source
72.56574572168462,74.4178616412719,60.61670761770941,6.314122587313866,57.566526185665936,1.133604455811717,Balanced NPK
28.824068769538158,57.54322486150652,69.36215723118738,6.782090221667413,78.694195652114,1.202523787197515,Nitrogen source
99.63454507895074,66.5992973336879,81.23501114091839,5.089790560156781,35.79302145815828,1.1969302533196757,Balanced NPK
29.775052009610903,76.80504558943676,10.780733030300343,6.954454489018072,15.915276038430367,1.1885592385535992,Nitrogen + Potassium
77.85151720002945,35.36664761206082,21.151032452720052,6.581059604688026,34.475007815900426,0.44428980594679085,Potassium source
30.20654961664961,68.56082619033054,46.160019839173245,5.347860227923494,21.070573093619956,1.0593804468809902,Nitrogen source
50.66009929959009,9.226103352330968,16.035797411439304,5.208109961503066,61.610681813562636,1.3050011273784838,Phosphorus + Potassium
102.9721001667996,45.921556077473774,53.145000518915616,6.110521003877637,62.17616047677314,1.2502576981346372,Balanced NPK
113.28191329504786,78.86169170532206,87.54680129062145,5.67324363961643,77.35202609607435,0.35948457863995437,Organic compost
40.71704092129298,67.4239844329453,66.67661272696841,5.855030073191297,46.66919238513306,1.2015959628204937,Balanced NPK
40.1094582222177,42.57370538839639,41.59009053629803,6.3925036537693565,24.84034007632078,1.1198050048055577,Balanced NPK
44.556202170656675,43.00782202727309,98.50023508478213,5.495578910267568,56.31295440335513,0.6297374428619935,Balanced NPK
63.68198281602147,58.704534999855106,111.58952317668299,8.012155627237389,73.00663323878575,0.2645025180361438,Organic compost
56.3078580426677,65.09783706626928,99.2635247368263,6.469032223089973,29.97889185680584,0.9133958167865943,Balanced NPK
92.12207705129573,56.86809894520001,37.568860888866226,5.000974674738385,72.0369345789088,0.7789758570994156,Potassium source
101.57191128065027,70.35153088935367,113.26762970052243,6.234820846942888,56.18161992877292,0.9752036770913037,Balanced NPK
28.055139863412975,37.771597515304464,57.36500305024706,5.667972916083899,36.24520960103629,0.7671507535799094,Nitrogen source
97.97367319283146,69.36880144285593,88.88236316684295,7.8179017346028035,16.893062007975313,0.9241201290084207,Balanced NPK
38.46969014741201,36.39824456547748,87.33525861923918,8.314221303727194,34.97855721841104,0.9507274021770964,Nitrogen source
21.780676426970537,56.190769673529296,36.18690714921388,6.641603128514895,32.80660662964912,0.26585150446414213,Nitrogen + Potassium
91.48225567012868,51.453252564309594,99.9372109746504,8.312100695975113,38.76032552099746,1.1831748205250554,Balanced NPK
44.08401845346409,37.46417615636168,101.95015940321635,8.144771411283108,36.31643295241335,1.2436099908608775,Balanced NPK
94.24790941710286,18.986596189676067,78.81674687787577,6.7363977739774095,14.3979957911281,0.9113233000329808,Phosphorus source
117.7478314087708,63.49252160160751,32.09900838938704,5.773753238777111,32.33138729059816,0.22338895732650219,Potassium source
18.09851832367172,58.9436826748229,70.13147047709393,7.436196124713941,60.07900834341026,0.29576711510588816,Nitrogen source
114.04614172790146,77.70169373868184,13.755326555552536,5.23728584199162,67.37815123614268,0.9904063703575401,Potassium source
119.08872307791691,23.518153661085826,97.5035047281136,6.83635971322517,48.862832682802434,0.47155460228817203,Phosphorus source
76.7415740743011,35.800670677226705,34.26831021409059,7.929715107262332,24.99421736614199,0.5904067394343693,Potassium source
19.554142118728993,55.71695353470866,41.22594905610357,8.352592684767435,61.906578676788214,1.3715300109916317,Nitrogen source
31.605929331051055,52.983405324937905,106.78249500593239,8.365306060963098,55.51497525829853,1.4318809676038453,Nitrogen source
26.239025306852312,8.042268331820516,61.15948932303817,6.110597593575923,74.8198361568766,0.22090971340474377,Nitrogen + Phosphorus
44.875487839911266,31.23103452952462,88.42755238046372,5.006509918995192,69.49322136625953,1.4147835175191386,Balanced NPK
63.25248713351292,13.113248020217922,15.577821732953312,5.904528326605573,19.420419585250777,0.8538308888481156,Phosphorus + Potassium
55.119400363141075,19.38216380857113,101.6490707209578,7.101043777890705,53.84079761729079,1.088344055943085,Phosphorus source
105.12907949932841,55.619638015831114,24.628039821637003,6.340848823988822,46.512405144277196,0.4407862300080756,Potassium source
113.42626790693319,23.92393751679049,94.92748661705066,8.330618358297293,29.23672844045124,0.7923552359540045,Phosphorus source
37.36714809911999,66.68706116664961,97.47676893396557,8.126642544782237,14.38897891879537,1.1620651858060174,Nitrogen source
73.76133669237322,36.76129713935189,107.84276184216294,8.035726251586155,58.981489102733306,0.423690869763925,Organic compost
38.55845664180363,16.70599524053521,38.18658876773476,7.706074696746134,33.35212460050336,0.5674007137519363,Phosphorus + Potassium
37.37855829504797,8.785575790437454,47.423578598067074,5.330593238197321,49.33446003019976,0.44040844815462604,Nitrogen + Phosphorus
39.88761165021796,40.876893625239795,51.92045735057631,6.125270033700479,76.96138103217567,0.27585314561061486,Nitrogen source
106.83911019319943,74.64016978041856,116.46949331565698,8.017218507788371,66.689410244167,0.50774054215969,Balanced NPK
29.816357252449173,50.204159934772804,68.90514240050476,7.523072355250421,18.223356856751806,0.5719031234264329,Nitrogen source
83.94583610130705,50.89116265668726,48.347745729275225,5.518314388377578,70.0509323642801,1.2804728817189137,Balanced NPK
26.08285944082254,61.19734036580123,25.611044419285278,6.580023909524153,42.62814359593146,0.7223600648755533,Nitrogen + Potassium
47.638121639701495,40.06676611623913,88.29140584056086,6.158669468362733,50.60948478893776,0.6662151291668367,Balanced NPK
116.8193237265163,56.28003442087547,103.74986984342598,6.512341817348204,27.94436040601511,0.3026824014128696,Organic compost
99.875832288025,57.360432292948026,100.3348049317231,7.37700132392342,12.644959791147734,0.7523100770212598,Balanced NPK
46.467871487573774,37.51473565045279,83.48155876867007,6.981822401347559,54.49404611779042,0.47362460669070666,Organic compost
64.58257423063336,22.637497712184153,66.22371017820916,6.032584425703271,25.199920907767755,1.4224081759740677,Phosphorus source
39.48091913032234,51.94512737281775,78.90552892247554,7.01840404842174,60.31376381908247,0.9908627236777194,Nitrogen source
103.45852506520517,6.910909144083265,18.114537389731954,6.939414416524601,37.97617316393109,0.47565941172592785,Phosphorus + Potassium
48.80484602522854,53.708013690532624,103.84586779688739,5.63539352316311,30.462203357590447,0.3820448384046188,Organic compost
119.62778113285194,6.493253972443206,27.350125820190538,6.346760253701516,23.92491690550098,1.0842488399297585,Phosphorus + Potassium
12.515044073390746,43.61251818883679,31.63207953346143,7.211857657399157,18.20816608257665,0.45671662597740714,Nitrogen + Potassium
101.30053085551422,72.50342677449424,49.74784889417628,7.056543162059973,57.277032904122976,1.1891232595974797,Balanced NPK
68.9299257506176,48.397012482775665,96.19494828451082,6.9124653874915145,47.649963433429214,0.5679112168854729,Balanced NPK
102.20280186183005,38.13708612618621,70.79843512816021,7.213493230595145,47.84672597042721,0.7751075112678041,Balanced NPK
63.409058183387195,12.495727243763492,100.45070601250565,5.283062547487019,79.09268605580264,1.4607553934665378,Phosphorus source
107.05677002311803,10.747354845623464,12.851465140215774,7.160700740548606,21.57912267223945,1.4227786735206156,Phosphorus + Potassium
82.29273251793205,69.43012432178406,119.3564879103602,8.284081210559494,17.36217254991314,1.477291073428384,Balanced NPK
17.72955354975266,63.38206204603656,92.42694020853085,5.745348553857836,36.759060499502255,1.0198176914152162,Nitrogen source
64.73889307320024,57.790240923779834,24.4163253022161,6.424847547482372,60.210897413239,0.2104454545119776,Potassium source
81.53444034114723,45.56490554867424,111.73893623512974,8.36753904145651,58.2332181390796,0.9004213296520547,Balanced NPK
68.36506732545115,38.344687058324055,95.62608924662867,6.17007431160885,26.951547926441922,0.7739353615674938,Balanced NPK
46.585156901499225,66.06753944906993,40.271401705318105,6.407166987339967,28.908748006166498,0.8997451339040701,Balanced NPK
43.67287342074292,52.00121126542834,98.69136505921784,7.623965230239972,31.11131088905908,0.9351287193736051,Balanced NPK
52.093540994059204,53.76471544963539,105.86919257797155,7.940906103847912,72.10588325629541,0.7234736197438172,Balanced NPK
99.24441876389096,33.24844999185248,21.175501815984102,7.06063752359146,51.75342091845638,1.1891826228952591,Potassium source
102.45136084102236,72.14355588762503,87.23479432698122,7.193441414563538,11.090502604258248,0.3476317898836495,Organic compost
25.403387330561735,24.43731123385287,108.25654244425624,7.541223012848441,54.32716329446377,0.3617399599974127,Nitrogen + Phosphorus
82.06187031456548,59.761108109146726,43.87491545367426,5.853021508959113,58.05600427439193,0.35651810647263665,Organic compost
73.9781938062564,78.1509250944145,12.713188986392097,5.638534989073156,47.11125258365184,0.2922484336484879,Potassium source
87.85462345799272,11.055473944169325,31.077113756558866,6.91698752503025,67.07688062765251,0.6770257950620017,Phosphorus + Potassium
16.20197768105514,31.088456422262837,18.104459102028052,5.659239690335798,42.77152635935355,1.345107824714331,Nitrogen + Potassium
108.29168572975652,57.810519637254124,102.65638027943854,6.872034323964016,76.88829526463306,1.2850080379167808,Balanced NPK
82.27831776736075,22.546856396780388,93.71659717029736,8.062773949938782,43.50292845215277,0.6725172189197828,Phosphorus source
50.127932588588735,61.41446187122189,114.50108651126209,6.401760002417001,17.452680356663524,0.25475218442694675,Organic compost
101.47647049273962,28.30622338896816,100.53266116593169,5.405648910770527,12.760493007842827,0.6024961545049907,Balanced NPK
44.72312502651206,79.81374062277914,36.26736828758,7.594753960950214,74.46675295793825,1.2173686674403366,Potassium source
117.16738988726988,17.558286132182243,85.18481993974738,6.827111197199855,70.89963404279953,1.1658402132297865,Phosphorus source
95.68942172953572,33.973897098355266,84.45990879057727,8.084451950224281,23.803759000068332,0.24084810883813518,Organic compost
44.26484808433558,69.73450448770652,61.12924808198748,5.899372153289936,73.7545744575531,0.2548720512666911,Organic compost
98.72137498507426,64.93116968692664,67.09233049057147,5.92341200086542,40.419198591053664,0.6603950381141261,Balanced NPK
25.584947984437427,49.6299416303071,31.525606345403023,8.486397327699477,50.209277850798664,0.35204706493004034,Nitrogen + Potassium
77.60603386149195,33.50931463682119,30.424024026239643,6.0401576634153065,27.913600455356253,0.9575106173649881,Potassium source
40.32604768337198,8.59596106324504,99.9744675878809,5.999017155944265,31.32624333742309,0.7633035202820251,Phosphorus source
97.26231462185812,51.13314914786435,19.644116867122975,6.608792724751933,62.96856834599212,0.2529596930253714,Potassium source
14.445346969229773,57.649302754383854,65.17049126680504,5.573212190631671,56.918140821979705,0.30633549644232927,Nitrogen source
58.910247477049495,66.48993543461236,29.48342509959963,7.0637096386290406,35.95349925212459,1.3613462842973623,Potassium source
81.12687470078525,31.938941960345783,63.81257936636079,6.841133197296836,78.90972967393134,1.1689209434459784,Balanced NPK
88.53520287331362,78.77641341080445,26.851772695849494,6.6350696530719855,77.32252538866078,1.30806733980522,Potassium source
32.539629320003584,36.609307560643984,30.670630429309515,7.452452758808493,53.212455618739824,0.9556000520343861,Nitrogen + Potassium
109.33680971129185,12.528865795071901,113.45483933104624,6.695877168556093,11.891753675227939,1.3892250567317397,Phosphorus source
112.43213628868214,75.78006436579884,101.8274445519768,5.974491168569436,30.05309684650546,0.6264854282227648,Balanced NPK
34.81221115744702,73.12207647244271,68.82911245173327,5.931656964468141,64.05720933189143,1.016013341449926,Nitrogen source
51.71994027578176,73.56297966819268,71.10599693251986,7.1986349677521435,12.283852237611903,1.0188454401139893,Balanced NPK
55.41295384883161,61.103197537281524,14.818896370374937,6.35054774186424,14.592466958617893,1.4107505206009687,Potassium source
56.18624371651321,15.438989906756118,91.7541848324963,8.086463582787076,64.27470540043356,1.3056763769126505,Phosphorus source
103.15903003157699,79.19916467122427,49.96984794329404,6.220000609570965,17.812552250397587,1.314817399912778,Balanced NPK
112.3590240428957,26.175618220745903,77.65757983365755,5.8572845109000475,70.33795889280212,0.20895153164242666,Organic compost
86.46203793451596,45.720915437035245,41.46484796268359,8.230612779067366,43.56952030563305,0.881891084698035,Balanced NPK
19.160026796447752,35.88989964660141,27.491422389038927,6.939968787885803,50.48798670105439,0.5173576097921955,Nitrogen + Potassium
113.77881663419306,27.71204223723925,81.96548800857252,8.426904118874006,66.25411229727916,1.1700644171361383,Balanced NPK
16.51513554277693,44.31168205192782,92.92644547717302,7.31164485968688,49.74212041194918,1.397353742649709,Nitrogen source
71.55154243745383,67.82190833282806,107.44069120723958,7.751801231088987,20.491438273088743,1.2075741031415537,Balanced NPK
96.59460566126407,55.5270232490361,50.860804155356924,6.011516736388542,55.554279651223986,1.148664255884216,Balanced NPK
111.1957152716892,30.60673651482233,41.79916327073031,7.59498678156915,78.49155509068086,0.5776312228475236,Balanced NPK
40.17456170982368,72.02744205520544,39.12125094336634,6.453751922471276,79.44337819209679,1.2410409764546808,Potassium source
37.48091285331007,76.43353506279469,102.79573186658517,8.40916050465539,38.22111681238367,1.0673470353319716,Nitrogen source
51.99934749856503,38.15783629675477,83.83254744879456,6.451377281725243,39.33089864133788,0.9043479595001649,Balanced NPK
21.797376650143917,78.94055482174946,100.96513307105675,6.688494482830572,62.909463983467845,1.4967235783192265,Nitrogen source
66.81000349637407,59.27601364404943,19.349948193870624,8.346860522359101,21.60750353115604,1.2412589533477956,Potassium source
63.64645754083014,53.32987666383698,75.56124330272922,6.454144173350272,76.65165410164722,0.6032372280871117,Balanced NPK
35.424953809177595,72.06497845387776,42.360345929240225,5.377354267225773,20.96380610877172,0.6642804636557911,Nitrogen source
106.62445203711911,54.785203695969685,23.93557788597532,6.873497237266619,53.595117732982935,1.250455099119827,Potassium source
72.0000626829451,30.760077677433312,119.54588964503138,5.908583923456304,77.51969036713454,0.4720278354161196,Organic compost
66.98202128235295,13.286800212227199,108.22995831221992,6.71282028413337,71.87861243027123,1.2724408527811186,Phosphorus source
30.907172199685462,9.388599527733561,110.83612993858857,6.9674864340680305,69.68056437818825,1.0967954274046363,Nitrogen + Phosphorus
94.65558366960217,41.248242827997885,90.66478407790319,8.215444544117128,59.65222575592383,1.411338950124304,Balanced NPK
36.55773370160248,65.21989023027872,68.27269484677768,5.2126490760225614,55.17453530634873,1.0155077807905344,Nitrogen source
118.99983120017265,53.735217644869856,24.37973373387637,8.469115647769122,32.03958714485244,1.1064370120811928,Potassium source
75.80935025665033,31.658157668299165,54.733023185283244,7.285547162426756,71.01878993521883,1.4306065288955312,Balanced NPK
119.01090893931897,13.755536135346645,30.669820877489585,5.719622938401475,78.13221702484984,0.32668222966369376,Phosphorus + Potassium
86.67591552848242,76.83058409291932,73.28282030417904,5.027409868474257,14.596618907521679,1.1227604555447088,Balanced NPK
53.81939905777428,42.926684150354184,14.972553624580431,8.144160682663856,73.37731668786557,0.9827395442682871,Potassium source
62.39234592301872,34.523776250045216,31.764752299128617,8.289006303364571,44.25196358821557,0.34048386103210815,Potassium source
97.20222592949293,77.88829361804714,41.06575712204622,7.404976703550455,79.77774428081437,0.34933925729050946,Organic compost
99.38776910521715,42.37548746085173,83.62421469198958,5.6325460956657505,25.25718031739163,0.9228362813406608,Balanced NPK
37.55584253389526,49.75647286960399,19.64732174146183,7.736756997414567,29.1781098584591,1.1581012830052448,Nitrogen + Potassium
27.932943051191234,64.96646557234459,11.485625674447139,5.597837021603175,33.65170131878779,1.2139099875467552,Nitrogen + Potassium
13.487548924759606,60.522861246028654,35.887407095565365,8.48825111302065,30.081028538332248,0.38946524284261685,Nitrogen + Potassium
85.15871406603812,25.750111626051215,69.42488758092108,7.702461167433783,65.99425494770433,0.4868483513925146,Organic compost
33.07525451873695,25.35032428953953,53.41776714692827,7.6143932805512495,47.94148063041449,1.3438355414823655,Nitrogen source
86.8359114496703,50.996190357329525,67.27080507636852,6.444220160056609,34.214082307595504,0.42737457924328853,Organic compost
39.71224285621942,72.57317234988632,101.24029564590546,5.015735537610689,25.683023857722393,1.249467075233138,Nitrogen source
74.41179615327223,10.346045725147228,98.81696373356397,7.636823754674107,29.712412463002877,1.167083660579412,Phosphorus source
107.54019925465568,53.540372522451136,91.80223469230135,5.171460454019711,49.55512957500032,1.1796973902517685,Balanced NPK
60.88588285361212,35.34300971313815,71.92755206624214,7.361865329505585,67.16428940924617,1.261262604519339,Balanced NPK
87.33699768413675,78.77024445328038,69.18609395431821,6.55143796485563,33.15488735712187,0.3616691666438788,Organic compost
34.47278595750478,27.955701543344144,65.71882491877685,8.492190191524088,64.28220183305785,1.3541328270185649,Nitrogen source
29.950059400634554,6.805729192428549,10.302122846058388,6.759202969517766,18.227432707146626,0.44615686572442403,Phosphorus + Potassium
29.543665091796843,58.530397232296295,114.85473515057105,5.424122668119167,17.479868353819377,0.6285879119947858,Nitrogen source
80.13915689736349,32.69831954044482,40.62990603948351,5.403160322758182,42.05917393654116,0.24583708523882972,Organic compost
79.09998016265179,66.7639142994861,116.54372664870021,6.127996495950227,67.75702108192726,0.8589787911452014,Balanced NPK
39.443530231783065,12.232811852304124,59.16743723642951,8.035357538119179,76.32628797781578,0.8006145997935983,Nitrogen + Phosphorus
95.04221552131952,20.974984119866814,91.8444868566692,5.0752979533379765,39.273569362213024,1.200340948553168,Phosphorus source
50.32706155387395,12.742141005425795,116.81701464407529,6.046194115998783,12.955003112200774,0.730504256983223,Phosphorus source
86.66776679422794,33.779770183795975,109.07077498361839,5.74580046087649,50.51141851836491,0.33907885829744694,Organic compost
22.987516653376503,19.64731196958299,33.94309215714205,7.3084088827898785,69.40020616926358,1.325151206446166,Phosphorus + Potassium
79.11167108549206,35.51631564728817,39.115334591596294,6.026135937618654,41.70188902614865,1.0176823515516318,Potassium source
71.07953182375672,62.121617218993165,24.114962576503938,5.3951712859823635,79.35551371365001,0.6107645751550704,Potassium source
116.85266577285357,26.707347759715894,17.109260030950388,6.776302300283309,23.81567371829904,1.3693843356262216,Potassium source
57.570932914310255,38.07478352998616,52.856676455956766,5.388662863289596,53.62873758978022,0.40100243351724235,Organic compost
80.36831997031373,35.014360941646444,103.83113695084634,6.821587989772805,72.18700039644024,0.2328926450860309,Organic compost
89.79729274097171,46.912760720031734,28.583342849882623,5.370120181542822,61.5999747544204,0.6881778669803182,Potassium source
18.400861390075953,57.12934607898926,41.99938186808381,6.05010682404254,15.747205657388664,0.7493667860003836,Nitrogen source
110.44500790502265,69.51648537504171,46.41552939158573,6.073809458577495,70.64279329652317,1.161471219322589,Balanced NPK
32.415318132008174,72.37107069889731,110.31818718747635,6.191535965663584,72.49875180462638,1.0627045862042614,Nitrogen source
106.3182211582403,33.90515219558078,53.795913040675806,6.7598480729797235,28.44982856976878,0.8985401541266791,Balanced NPK
66.00431202994437,19.10720889215261,108.50985360238035,5.366107977729376,71.76046303786757,0.8992601787839696,Phosphorus source
63.02594983336322,69.38603626976283,59.85600820369877,6.060232058410934,21.05633023649539,1.0941825398061886,Balanced NPK
101.63696014318133,43.26645354706669,41.07499802416487,8.292896628257262,55.259277802084846,0.9083118504408334,Balanced NPK
97.13355735386969,30.05711698705861,90.99437070565321,6.2273979559244275,28.063532433128344,0.5025073643716851,Balanced NPK
107.1932916290264,65.41060068175217,32.90662939206325,5.245681867576919,20.821978946771964,0.5998260164188626,Potassium source
77.08074366433995,54.908442839252714,22.532623469043088,6.591269294933241,46.46793911469004,0.536961142161277,Potassium source
90.2798849618846,49.64058470714093,90.39108573854273,7.4447055462450695,72.78283111124,1.0749633938109708,Balanced NPK
98.01313402982247,43.20772937897826,36.094595787793935,5.3180595483952455,44.261735625628276,1.2378379471474736,Potassium source
74.16693267591522,6.936560473320705,36.31284527909824,6.5437490230140165,38.154508354416976,1.1065030643189426,Phosphorus + Potassium
29.33114994924545,32.73597620035639,68.95964052974563,8.443046786784855,74.76430027500294,0.6962148602692384,Nitrogen source
46.7456409657291,76.2270303870414,104.77439647467057,7.485681913255065,53.5136612567363,1.1475317698113445,Balanced NPK
88.06970811701856,67.75518278251883,89.5892561834598,7.27573308521664,75.57680166640277,1.4228862328800915,Balanced NPK
55.85447264130199,79.88987391589826,53.24386868673327,5.871485255805477,24.516536086710428,0.3545909878885448,Organic compost
50.142005631423324,77.60696193157581,45.695481770119194,8.218438921096146,17.503175978444926,0.3903616200367267,Organic compost
27.939653321493026,46.212389310709725,119.10726329430848,5.714118275671726,33.366568856923884,1.3093511642613573,Nitrogen source
68.43301863563522,30.862618714277176,56.49848156342897,7.572764409729173,35.36627410390521,1.0610199837352612,Balanced NPK
98.10108055851212,9.265886690624711,92.48537544682988,8.305019732791527,15.626913036450246,0.306233101822213,Phosphorus source
77.69936378797173,55.7326360326881,60.850245998460146,8.274489293284898,18.86448284112098,0.3540416198823171,Organic compost
11.131603917723144,66.65439060878097,19.91713573581395,7.111855357362195,75.07271093418242,0.2684550767797388,Nitrogen + Potassium
22.911459460676014,70.32816760868467,40.53108259421404,6.478168658555742,50.61841182802772,1.1315080330329834,Nitrogen source
30.235529855927812,70.53101957396726,95.15564423802857,5.317088250771224,17.576641813146285,1.1193663210888525,Nitrogen source
61.99836843863317,38.93800596882279,33.92967153525147,7.493169085705651,17.98637922258055,0.6852839700134925,Potassium source
89.44113197272925,78.54863280454917,33.35982516805181,7.225794518173522,14.492095209693463,0.5470700900476382,Potassium source
20.61355422394334,67.30290347298313,55.98738196584329,8.119991520133574,12.81471520941965,1.10784290160727,Nitrogen source
66.58460622712383,57.01372378130268,116.34541410169564,8.404529928618041,68.1498916724124,0.4738673725360711,Organic compost
93.5289326007534,76.79885278366731,48.09219721327181,6.222735226815202,43.45255334067925,1.103637828555874,Balanced NPK
37.25522560730316,16.859157288313444,41.51766650931891,7.259556198993323,12.946979589358033,1.405806945233455,Nitrogen + Phosphorus
71.33227836570757,12.963402777407762,89.54423881968756,6.003543260387326,63.66245155455291,1.3442766803839672,Phosphorus source
65.40896535698747,18.843722275607178,61.9720744561556,6.9991323448651315,35.180764031389046,1.2001251655235174,Phosphorus source
39.86098275580882,68.10605651785555,58.12789757833771,7.052819448391439,13.921444200523325,0.47317995274633023,Nitrogen source
58.2432077034051,60.42194762103744,116.84477831432012,5.253915266347423,75.58477196594077,0.600507104431139,Balanced NPK
118.09737156157767,8.35126110976638,65.98354196406365,7.721363417121822,34.5321615125779,1.4658944718940639,Phosphorus source
111.72261909159926,29.83994507804391,10.445616222273436,5.61371645937095,12.27797435547669,1.0835988402073833,Potassium source
25.51078755794299,40.98033909578428,30.618768169955764,8.034321645777563,30.616430164557936,1.1072289477661648,Nitrogen + Potassium
74.45022800173531,33.160963639255286,93.58734607833878,5.400501313922522,59.768344487447536,0.43328816113807833,Organic compost
19.007769751019435,77.59511663784394,28.922774682907473,5.926593793659447,10.712838611165655,1.080067117417028,Nitrogen + Potassium
93.5903886338951,6.548280888637224,66.88036038719244,7.9682695614618435,65.10178137770743,1.245042728968407,Phosphorus source
17.500424032897953,26.22357810331456,67.32159273057377,6.787924900178984,63.02856583233678,1.3955883830161104,Nitrogen source
88.84321550550702,41.1244204992204,74.94879201225594,5.013267230169324,41.54650123355879,0.3477740210813689,Organic compost
90.46946989308178,63.59822439154357,119.96257575614563,6.619949930272262,16.092648415497077,0.38046137312616357,Organic compost
109.84143680105402,19.690408923951196,49.93645240490917,5.4670107112668225,67.32479864854572,0.5915411930470655,Phosphorus source
50.95279435155295,60.68426226547277,75.71476468627654,7.084115480984728,13.545612804248139,0.4837357481142051,Organic compost
40.30895340376784,79.62036861745085,34.717600298828714,6.30648561200195,23.478568726892856,0.816197289682357,Potassium source
10.007813078355499,65.26499325312213,107.10529209013741,6.7163768809381175,69.15583016907435,0.20649017189494379,Nitrogen source
58.10854400891945,17.767841900060706,52.94748009710927,6.477161246197979,57.520041856927705,1.2428341489673471,Phosphorus source
113.59555313010769,27.475761422962712,85.81133557121217,7.9310543597386545,38.00079123223489,0.9289014451643391,Balanced NPK
85.54264165812806,10.923962401953172,78.36707117270785,6.899696864896866,31.605051229153833,1.4934912026127203,Phosphorus source
18.97705205420484,76.29603508731364,80.13622209278417,5.207813541299007,22.659187242087555,1.2165246107182448,Nitrogen source
31.560947030119245,8.506246268142466,70.19230782730241,8.495061304386493,36.55282658537911,0.7744778005716233,Nitrogen + Phosphorus
95.13356249541991,49.90791264378514,39.72697772145396,6.916692852730767,42.21391422181099,0.22120298092172894,Potassium source
21.824099434813807,50.367140664374226,26.37153017661128,7.6916573449434456,44.380069522544176,0.31171838492030446,Nitrogen + Potassium
114.68985448670983,67.8753765007446,80.28547197173329,7.60938196163476,56.56443928610436,0.21678650822565676,Organic compost
78.27451686171435,23.345548804914692,114.26570052715894,6.431687448836695,59.328534020605794,0.3935190784581373,Phosphorus source
62.03673720612189,12.827972770371497,54.716655413984846,6.96136050285026,54.27489232594483,0.7141212550784419,Phosphorus source
27.476171014392918,54.47320713901015,11.31120177290445,7.830304841873835,57.270419976916926,1.2065104734035261,Nitrogen + Potassium
117.10252812176579,29.532196902819734,68.59685239111133,7.214122395252275,51.00771343412973,1.0237935137982836,Balanced NPK
113.6184568717116,41.29372862115235,104.78861339935452,7.209333225743165,64.77747133180372,0.6263113575474712,Balanced NPK
46.205242244369664,75.14403108784356,101.62952504541987,6.772003726664424,42.25202057169656,0.5264998697576567,Balanced NPK
32.82852852107695,21.92531239955487,113.58663576192886,5.933076571368764,41.24547417654479,1.0865464484728256,Nitrogen + Phosphorus
81.00344009041643,62.82247090337709,51.70584288811431,6.163488655968468,45.18414329003639,1.025143315335314,Balanced NPK
119.40621389735952,49.05541232099874,94.45171581150369,8.23581017391152,10.233768275950258,0.5302108772243366,Balanced NPK
10.357349638505925,72.75710091668864,52.617883079680595,7.03013605376721,43.834534315759875,1.1793168929945572,Nitrogen source
50.50112255422612,5.9154458585010765,49.47885806989111,6.646228572480404,38.38117937044814,0.5549178039213237,Phosphorus source
20.618260811210007,7.1063959706768465,110.21310995644602,5.230800145646109,37.791490207361086,0.30181120994021027,Nitrogen + Phosphorus
22.222592024685213,53.55973364872724,111.62777559991243,6.218736804035821,62.194194404368254,1.2146555604999603,Nitrogen source
80.44140063715365,70.15447818915094,30.535674492347205,5.262962295181559,41.92401619101332,0.8942186070994771,Potassium source
50.92246694494654,74.14242070965129,23.575998670376887,8.265366321886667,39.575133079297615,1.2832825542271171,Potassium source
51.562608443519835,43.100432658537095,85.6954003213922,6.658356686628931,71.18303686933777,0.8981612796796052,Balanced NPK
11.994105048076577,64.89444065558999,64.35871685740625,7.356892012977811,32.6458370041246,1.1085906168817048,Nitrogen source
89.45692885631193,79.89113050899245,50.12788989713302,5.768737898594422,43.730410835782436,1.099339436629942,Balanced NPK
62.987917986107014,69.6259962992129,115.94956804817959,8.429734754720254,18.81359967147997,0.516592780667519,Balanced NPK
42.402282149276296,74.64984577789998,95.93585900548631,5.424799559285623,40.68611408023415,1.407988737096471,Balanced NPK
32.68727749736704,46.513518712897415,85.81540689049574,5.226810193515635,40.22897305745862,1.3935696008232992,Nitrogen source
11.297720509743538,52.504374101212825,106.15124678986375,6.504874413436722,28.127992268085762,1.1446564271589588,Nitrogen source
50.365436989271515,30.081809249160234,38.65071248231364,8.362760282984295,62.17545151876459,0.38020970210623817,Potassium source
42.71973340823994,72.2457396892786,101.2621069094369,6.232581242205169,59.641334742477234,0.3310575687878662,Organic compost
26.38546167517748,72.5640964814634,69.77101203573488,5.476683505677659,44.33913660777593,0.8031581282257982,Nitrogen source
119.65517516818343,6.097111987888521,91.36009679802187,7.6472239591996605,64.25338434232651,1.2108677650289914,Phosphorus source
88.06098558013362,36.78551702335451,15.435939325864302,8.386559272820898,26.95320620861139,0.5967976984626663,Potassium source
26.801994948862536,29.88226402113038,46.06010415231854,6.258936847316212,38.25020663703051,1.068249760917034,Nitrogen source
116.7964623719919,44.18099784136621,119.35044684618103,5.192846947710895,36.29906327348316,0.23921585990413186,Organic compost
75.70418301542071,78.43492992888562,33.34695955584979,7.511647987095645,63.41939148058509,0.3346290147797009,Potassium source
57.595830026234395,15.481051069056461,48.740294677364425,7.823916098448269,30.34382976992689,1.4133198996026823,Phosphorus source
95.38677572674086,24.739180174728123,56.88102942218211,7.162094140281739,52.47143908190436,0.93193991259784,Phosphorus source
51.38337867974588,75.80268041448579,19.669594537907912,7.215769047684903,12.490604794712107,0.92243838078974,Potassium source
30.273827582786105,11.322591756458168,15.808327046475178,8.344622302798152,18.990865516134548,0.6672634274337741,Phosphorus + Potassium
61.73509145929887,6.828903111440458,111.70964632896361,5.0536208198090895,73.80664615978668,0.24133110024959237,Phosphorus source
55.131962915609655,63.72069907464051,12.72563184026033,7.834347814187522,42.92766682313512,0.8126397435389017,Potassium source
30.47781832453412,22.51568209134048,97.84627520960125,5.036384344229095,32.314474112596855,0.6164498016013018,Nitrogen + Phosphorus
39.79286283960437,28.307381455087146,23.479292077394426,5.583483362634529,49.00103168844587,0.9301936619476958,Nitrogen + Potassium
112.26417467848964,44.9173036407847,58.16285006581842,5.333010462132198,61.52455504842028,0.7798822317080225,Balanced NPK
93.50599655557438,19.512963352732044,77.6748934206269,7.534816838373347,35.32217029102855,0.823866491067941,Phosphorus source
17.078765365117697,25.272040160713633,28.09339070101738,6.311294670160612,16.242785321627675,1.2771819073478423,Nitrogen + Potassium
90.69673611615978,69.91779291566492,114.25295978725069,6.974615203252187,62.161391392217844,0.8371751950778987,Balanced NPK
96.43963375063487,45.25422174933311,90.99462930778117,5.962621935392241,58.08434059292526,0.9521044954731901,Balanced NPK
37.48213067635305,56.42505890903684,50.730691461586176,7.201526940865822,56.07805857431758,1.0725794650182199,Nitrogen source
85.19581792600216,36.30215120117012,78.71492383060641,8.17361400379891,14.768112206918751,1.2181483724348068,Balanced NPK
24.16465995847291,39.91887941128398,28.048513366628484,7.738470976320431,12.601483715012822,1.1114807860184381,Nitrogen + Potassium
54.166123213075075,24.87884062950117,115.65071755265701,6.022216228439163,24.819242800398197,0.7609037861286898,Phosphorus source
43.24693920430496,59.585665570029995,13.317513016756584,7.422204121608434,39.5477097866647,1.2191164288345488,Potassium source
46.72868193154758,6.360067699405215,93.96054361951049,5.463884401947546,43.44433086732801,1.28289421920427,Phosphorus source
111.74945017899535,23.4506432224102,102.19820838362226,7.716378862607911,74.64961919461327,1.2596984281021577,Phosphorus source
19.844468726522965,75.82879669885861,12.717573688546326,6.202446282861899,37.246463085409324,0.8308443160086332,Nitrogen + Potassium
35.875210463577815,14.284806002153099,102.07522400052987,7.2463684240176764,43.2425177217763,1.2069844365059237,Nitrogen + Phosphorus
110.66728019875768,21.794492904254387,45.52014524237638,8.270127348261632,48.08303528526691,0.5656110470612179,Phosphorus source
27.404424919216865,79.15326971829491,68.85262883591653,8.01790145921858,54.519764818113146,0.7767632433550045,Nitrogen source
104.41279439257792,31.738117259723797,94.53193040734264,6.586956153703766,72.81728952169517,0.8541833492855748,Balanced NPK
45.839866952445426,59.430822029283085,104.61472409290768,7.978563992605089,43.4883594940318,0.772222283966105,Balanced NPK
26.42225994628007,7.943250215699606,112.4672606772298,7.5383045173159875,50.37471711573095,0.9584292974552189,Nitrogen + Phosphorus
12.568152405304538,39.03136236152823,111.34571725037391,6.617130364977832,50.65689703654091,0.6902315236685347,Nitrogen source
21.553791105352275,29.267656909392223,19.359803052909196,7.025028384365449,78.72278853939241,0.671508313810439,Nitrogen + Potassium
104.42832833761905,8.208565163424376,65.55203658978081,7.290638569295514,32.34589116823301,0.32785136577325824,Phosphorus source
33.96904459957652,10.250731124575928,107.7041635771781,5.016037146884392,14.856045003803011,1.234396706667672,Nitrogen + Phosphorus
42.97030549769514,32.356989303170664,43.73557229447319,8.117473680255886,75.0117221971483,1.407457868653417,Balanced NPK
43.8077653345759,20.028419990899906,101.07958409004561,7.971377047300603,34.79928453631024,0.9514072435729077,Phosphorus source
52.98004408417476,6.123460757965844,55.1743563074911,8.132291349396308,70.0554600166762,0.3349169003295692,Phosphorus source
43.76538925230394,10.539344487697466,42.78390094874373,6.0418850393212065,13.722696552487516,1.3638188133235305,Phosphorus source
102.38647931905469,74.63476414896701,91.87947158518874,7.660173360953232,65.10694275802422,1.077820526622211,Balanced NPK
29.35590429513687,18.330195179798714,65.03956203989247,7.41710459247717,12.080257997510515,0.9103241229877008,Nitrogen + Phosphorus
107.58468531861259,14.451409372514194,44.4239088274679,8.453625063211211,33.0210688588128,0.23737209469216147,Phosphorus source
85.20041552759061,78.697776863455,35.37257681196722,5.75623607859372,40.23177982666095,0.8966795808116115,Potassium source
99.61600007425176,79.51150464696195,99.43263696378158,6.018177276959793,65.03189220879399,1.0201323254533452,Balanced NPK
64.00465580730958,52.59996054467759,58.37410624756547,7.212735305176808,61.577770742699585,0.2178380832905641,Organic compost
77.78604053284646,16.478629703961445,47.03070811843584,6.552732743733267,78.056878651649,0.6232343824978348,Phosphorus source
100.12470383280366,30.279458159630465,35.22574747658135,6.519028498288202,16.290500227871462,1.265095502237378,Potassium source
64.81489620118616,56.56528122239257,97.75121838153233,6.431193399316468,41.54999774142077,0.5296360430245393,Balanced NPK
88.57501088753042,67.41953168861221,73.15676730772142,5.135078315362393,59.81302951917099,1.066936474825772,Balanced NPK
47.683718829414325,35.69275819961956,64.47090818652327,7.767757027700803,57.643491059584136,0.8721809568214249,Balanced NPK
98.60559442394916,69.43679942849691,15.697240601037986,5.244349428408049,43.29687315747306,1.2161019049960198,Potassium source
22.074440267597254,69.75416010680111,25.097038819424093,7.434173920555579,66.23201961614365,0.25912928057055834,Nitrogen + Potassium
103.36168066997251,68.11126034046166,26.054351223767608,5.731661326505024,70.22232261293222,1.4553288289362734,Potassium source
63.27302834569634,14.423048152992042,40.751168681746385,6.183946110018097,54.18229190903482,1.138245733653373,Phosphorus source
76.7443721724853,71.77428022138477,11.165248638839415,6.364712738397453,30.426113223001146,1.17721712571767,Potassium source
84.89608323329806,71.81734639128278,44.46355222839843,7.994386815369118,47.685092544643375,0.39935763785901013,Organic compost
101.19774883439457,22.517824672543245,93.62977255729905,6.879124781190148,46.04192383966734,0.8953992026833453,Phosphorus source
117.30204945723156,48.84848174834116,14.85970435703821,8.345642878881467,29.71642371746913,0.8112487053245598,Potassium source
100.54284981675258,11.343766301104925,35.583376020519665,8.069051061256074,18.20483276639814,0.8717047566250316,Phosphorus + Potassium
30.44717164006606,31.551186167563877,96.94808362025121,8.356704457236546,50.17354697948301,0.6705293228591456,Nitrogen source
18.81661497807829,35.11116434255031,99.52552353752357,7.6483380008503365,34.94667270404618,0.4209013852569363,Nitrogen source
69.80605431976366,67.40697638384773,71.85550903834272,6.895952363409908,59.46966829337949,0.36821631017806133,Organic compost
78.05000011544894,10.85436480636881,27.566630514288786,5.180085002327447,52.99749762514122,1.4534548047519784,Phosphorus + Potassium
26.317218797915732,40.293360174976485,108.33052543313104,7.975090267988001,39.62392848838427,1.1681151587826868,Nitrogen source
14.756955713566462,61.74046103877892,89.81545625051709,7.040078155209281,18.001328532090938,0.5850738932658355,Nitrogen source
28.8899875040469,9.420490583874088,108.91062862034278,5.63565165623695,24.46642276390219,1.1110000511538027,Nitrogen + Phosphorus
45.425835462916524,35.36975646717145,16.222497399717888,8.243647832184775,79.75029451845782,0.678781556353504,Potassium source
33.71849718047237,57.932904626937294,93.35116315672646,5.5376835333067715,44.08341135427515,0.4541491335989188,Nitrogen source
35.71055620644091,42.03350792882755,53.95982301871927,6.6625427946614675,36.90107929251392,0.29503661694797906,Nitrogen source
18.382040892351185,24.646961044314402,67.5203816082674,5.745310798224605,53.78639804250789,1.190274779734695,Nitrogen + Phosphorus
108.1460189678724,75.77765770733713,50.12318819608243,8.300624687289801,71.27298210650457,0.6103902161580789,Balanced NPK
50.694102174619914,17.59369497570014,105.59673669078005,6.853158226834389,24.408907669251395,1.2521906574740336,Phosphorus source
103.54281485614378,52.97529236816183,53.382592367068796,5.7701250278022576,63.645751944033776,1.2016386391428047,Balanced NPK
66.19052821610563,60.70510129313144,31.977212992734508,6.8534946649850905,32.76093285382339,1.489109413826731,Potassium source
56.67655021760325,20.4208926110376,31.574066239821136,8.484630131842955,79.9455658703529,1.2395820786411809,Phosphorus + Potassium
62.857384311918196,54.935308959664745,87.21179791388289,5.4563065196483835,20.06822787517492,0.7122408612326585,Balanced NPK
51.22723247563727,40.10673704545606,43.301899032426924,7.162945776090556,62.84685245593888,1.3327644010862185,Balanced NPK
55.03193969098904,26.90264992729957,26.50074029899627,6.960774558481903,12.673204473319698,1.314687865967352,Potassium source
62.465370247461344,50.68867664917979,54.004161394531025,5.012818522497013,65.21882515685418,0.8159267766958014,Balanced NPK
54.724292653438134,61.92402748571327,48.22138230386553,7.266228818128679,60.797882165575814,1.4771981897360205,Balanced NPK
94.52267768630217,6.769306376864593,78.74988601526594,7.156844676491737,18.634126311288583,1.1753076004612983,Phosphorus source
51.231823618670596,51.78150169094905,39.53150696010362,5.619914662421982,37.71960271960827,0.4683213043939582,Potassium source
118.54413650757407,59.51536069281856,14.128469886448066,6.345722342933119,73.90145263971027,0.9744356498307818,Potassium source
63.33327466505018,45.27368005611806,43.425810471398854,6.359350773653888,23.794986518244286,1.123666070132107,Balanced NPK
36.010335638078956,36.85940652770898,111.94311649931814,6.420531578519305,33.59512158239714,0.7495059244314348,Nitrogen source
37.40212062432764,59.94033924145736,84.65626105681496,5.884350526427946,39.41748483793453,0.8914502725302802,Nitrogen source
105.41874859070127,30.15388103236855,73.60551429512586,8.28996490649536,28.273200083003726,1.1468119404522328,Balanced NPK
82.07308443613748,16.22548323200668,118.31965477208918,7.738199250802097,40.00572053454966,0.927771319632209,Phosphorus source
49.69473182654837,24.63295175708589,108.57493205206225,7.047565432611163,35.86098549320961,1.3067281041720034,Phosphorus source
58.6549919713345,18.8612153769142,26.77964761448591,8.292926502200347,36.767654194885765,0.7140812123305411,Phosphorus + Potassium
69.1401563031622,48.22761201727523,57.53751986008528,8.27534604076991,33.171968398178876,0.34696286064329007,Organic compost
119.49396191629128,21.48069900164983,113.91412127881345,7.959990193099998,64.42905498129414,0.372723554084601,Phosphorus source
13.827028493922006,17.81278871643081,54.184670026018644,7.772144777651901,37.49056338467136,0.24066356062934324,Nitrogen + Phosphorus
17.884817209544835,39.54101613873949,13.160510782614352,7.645017895660768,27.150709472808476,0.833421384798898,Nitrogen + Potassium
97.15872667790691,46.4339107738773,107.12039784419758,7.964523622509281,22.1288900239528,0.22919380928652275,Organic compost
105.06806990108892,54.182591047116375,111.08364660712368,5.291149667891834,79.08549434518869,1.4797877018857029,Balanced NPK
39.49500651186614,9.402009126619273,50.92538806936155,6.520001627574173,28.821154909425854,0.27032510343982147,Nitrogen + Phosphorus
105.35071814809268,20.85040322505281,106.05125222570972,5.905287628088939,69.49267046581147,0.5676180704593976,Phosphorus source
21.085741395336,66.70362121624463,40.530697612468416,6.080928166057277,38.550265532568375,0.9875491853276819,Nitrogen source
79.97558198371978,10.68436534989846,114.84199839351172,5.182167056240894,68.51131352243941,1.1300701948947516,Phosphorus source
41.844139947585234,49.78558790564294,70.45763440733566,7.334278066937288,61.63862543070667,0.8693076526212262,Balanced NPK
88.7828099999825,19.85726385347886,86.18244575301318,6.497116058489924,75.87306156482848,1.312191514466686,Phosphorus source
10.145448458585522,62.04165751662601,76.2742222708376,7.499873764497891,28.081553774913388,1.2383479734490568,Nitrogen source
25.472080819090085,72.41319748817924,57.787775871430576,5.3721798065388375,59.04822658814711,0.7028284375310727,Nitrogen source
37.99505268488218,55.17771372283332,46.6828893254095,5.759290565965993,52.199136835534766,0.6555150777878427,Nitrogen source
15.808833468193539,22.018393089183206,59.59379366729364,7.010544109283405,44.05738171526576,1.3944049908661056,Nitrogen + Phosphorus
47.57813330640938,70.04683421156162,62.65387397970465,7.384658871079949,47.81237840765177,0.34145831177500796,Organic compost
56.47287424103531,55.64017164781965,40.361103389703366,6.155833230917189,59.0797238771005,1.1537682217311582,Balanced NPK
68.98937530726857,60.22509511139982,102.61546991335737,6.780975542976954,58.68758732491213,0.2159388219676971,Organic compost
